"UNITID","Students","Demographic"
100654,2959,"Men"
100654,4336,"Women"
100663,7861,"Men"
100663,13044,"Women"
100690,273,"Men"
100690,366,"Women"
100706,5088,"Men"
100706,3476,"Women"
100724,1453,"Men"
100724,2628,"Women"
100751,17368,"Men"
100751,23478,"Women"
100760,835,"Men"
100760,1305,"Women"
100812,865,"Men"
100812,2121,"Women"
100830,2089,"Men"
100830,3128,"Women"
100858,16671,"Men"
100858,17474,"Women"
101028,567,"Men"
101028,1138,"Women"
101116,58,"Men"
101116,245,"Women"
101143,1371,"Men"
101143,1328,"Women"
101161,3046,"Men"
101161,4507,"Women"
101189,1298,"Men"
101189,1788,"Women"
101240,2018,"Men"
101240,3053,"Women"
101277,0,"Men"
101277,81,"Women"
101286,1280,"Men"
101286,2764,"Women"
101295,2254,"Men"
101295,4170,"Women"
101301,764,"Men"
101301,1161,"Women"
101365,46,"Men"
101365,398,"Women"
101435,499,"Men"
101435,393,"Women"
101453,143,"Men"
101453,35,"Women"
101462,446,"Men"
101462,741,"Women"
101471,865,"Men"
101471,95,"Women"
101480,3967,"Men"
101480,5988,"Women"
101505,3387,"Men"
101505,5853,"Women"
101514,4046,"Men"
101514,5073,"Women"
101569,1185,"Men"
101569,2268,"Women"
101587,1740,"Men"
101587,5080,"Women"
101602,814,"Men"
101602,1248,"Women"
101648,235,"Men"
101648,97,"Women"
101675,605,"Men"
101675,575,"Women"
101693,592,"Men"
101693,953,"Women"
101709,1197,"Men"
101709,1891,"Women"
101736,2018,"Men"
101736,2647,"Women"
101879,3666,"Men"
101879,6538,"Women"
101897,1215,"Men"
101897,1993,"Women"
101912,531,"Men"
101912,695,"Women"
101994,250,"Men"
101994,391,"Women"
102030,1468,"Men"
102030,2533,"Women"
102049,2062,"Men"
102049,4035,"Women"
102058,50,"Men"
102058,45,"Women"
102067,1836,"Men"
102067,2765,"Women"
102076,1138,"Men"
102076,1779,"Women"
102094,4531,"Men"
102094,9472,"Women"
102234,411,"Men"
102234,508,"Women"
102270,309,"Men"
102270,422,"Women"
102298,442,"Men"
102298,318,"Women"
102313,740,"Men"
102313,1306,"Women"
102368,5107,"Men"
102368,8551,"Women"
102377,1116,"Men"
102377,2005,"Women"
102395,260,"Men"
102395,107,"Women"
102429,1863,"Men"
102429,2515,"Women"
102553,4166,"Men"
102553,6327,"Women"
102580,24,"Men"
102580,14,"Women"
102614,2680,"Men"
102614,4213,"Women"
102632,719,"Men"
102632,1281,"Women"
102669,140,"Men"
102669,453,"Women"
102711,222,"Men"
102711,47,"Women"
102845,672,"Men"
102845,1485,"Women"
103501,32,"Men"
103501,218,"Women"
103741,4,"Men"
103741,199,"Women"
103893,443,"Men"
103893,637,"Women"
103909,249,"Men"
103909,279,"Women"
103927,200,"Men"
103927,317,"Women"
103954,3,"Men"
103954,44,"Women"
103963,588,"Men"
103963,101,"Women"
104090,85,"Men"
104090,654,"Women"
104151,41632,"Men"
104151,38186,"Women"
104160,3586,"Men"
104160,5378,"Women"
104179,25449,"Men"
104179,30916,"Women"
104346,1967,"Men"
104346,3086,"Women"
104391,2,"Men"
104391,74,"Women"
104425,1788,"Men"
104425,2117,"Women"
104443,7,"Men"
104443,97,"Women"
104568,8,"Men"
104568,290,"Women"
104577,2131,"Men"
104577,3082,"Women"
104586,2360,"Men"
104586,904,"Women"
104665,6,"Men"
104665,2,"Women"
104708,5896,"Men"
104708,8018,"Women"
104717,30775,"Men"
104717,82482,"Women"
105145,1811,"Men"
105145,3742,"Women"
105154,7668,"Men"
105154,9409,"Women"
105206,1502,"Men"
105206,3117,"Women"
105215,482,"Men"
105215,45,"Women"
105297,379,"Men"
105297,1055,"Women"
105330,10625,"Men"
105330,17842,"Women"
105349,1256,"Men"
105349,1902,"Women"
105428,3847,"Men"
105428,6813,"Women"
105525,7156,"Men"
105525,9127,"Women"
105534,593,"Men"
105534,2083,"Women"
105543,110,"Men"
105543,452,"Women"
105589,193,"Men"
105589,674,"Women"
105659,1271,"Men"
105659,146,"Women"
105668,7423,"Men"
105668,11418,"Women"
105677,20,"Men"
105677,1,"Women"
105747,3034,"Men"
105747,4031,"Women"
105792,1725,"Men"
105792,2791,"Women"
105899,799,"Men"
105899,622,"Women"
106041,1810,"Men"
106041,147,"Women"
106148,3176,"Men"
106148,4252,"Women"
106245,3171,"Men"
106245,5045,"Women"
106263,889,"Men"
106263,2596,"Women"
106306,266,"Men"
106306,76,"Women"
106315,2,"Men"
106315,104,"Women"
106324,1,"Men"
106324,60,"Women"
106342,371,"Men"
106342,288,"Women"
106351,65,"Men"
106351,58,"Women"
106397,14996,"Men"
106397,18614,"Women"
106412,886,"Men"
106412,1119,"Women"
106449,1253,"Men"
106449,2024,"Women"
106458,5346,"Men"
106458,10380,"Women"
106467,3692,"Men"
106467,5054,"Women"
106485,1130,"Men"
106485,1726,"Women"
106494,0,"Men"
106494,29,"Women"
106546,72,"Men"
106546,511,"Women"
106625,613,"Men"
106625,1092,"Women"
106704,3598,"Men"
106704,6514,"Women"
106713,301,"Men"
106713,246,"Women"
106795,489,"Men"
106795,823,"Women"
106810,118,"Men"
106810,123,"Women"
106883,503,"Men"
106883,898,"Women"
106908,27,"Men"
106908,333,"Women"
106980,654,"Men"
106980,1151,"Women"
106999,442,"Men"
106999,750,"Women"
107044,2084,"Men"
107044,2612,"Women"
107071,847,"Men"
107071,1208,"Women"
107080,549,"Men"
107080,561,"Women"
107099,1,"Men"
107099,85,"Women"
107123,9,"Men"
107123,83,"Women"
107141,980,"Men"
107141,1370,"Women"
107220,5,"Men"
107220,240,"Women"
107293,1,"Men"
107293,51,"Women"
107318,490,"Men"
107318,532,"Women"
107327,517,"Men"
107327,944,"Women"
107442,28,"Men"
107442,11,"Women"
107460,877,"Men"
107460,1212,"Women"
107488,161,"Men"
107488,45,"Women"
107512,810,"Men"
107512,1048,"Women"
107521,1042,"Men"
107521,941,"Women"
107549,390,"Men"
107549,679,"Women"
107558,342,"Men"
107558,436,"Women"
107585,1005,"Men"
107585,1243,"Women"
107600,373,"Men"
107600,407,"Women"
107619,479,"Men"
107619,720,"Women"
107637,365,"Men"
107637,551,"Women"
107655,0,"Men"
107655,42,"Women"
107664,1490,"Men"
107664,2988,"Women"
107725,489,"Men"
107725,816,"Women"
107743,343,"Men"
107743,443,"Women"
107789,4,"Men"
107789,95,"Women"
107831,1,"Men"
107831,53,"Women"
107840,126,"Men"
107840,161,"Women"
107877,255,"Men"
107877,262,"Women"
107974,375,"Men"
107974,832,"Women"
107983,1945,"Men"
107983,2787,"Women"
107992,427,"Men"
107992,564,"Women"
108065,0,"Men"
108065,8,"Women"
108092,2197,"Men"
108092,3299,"Women"
108232,2221,"Men"
108232,3277,"Women"
108269,34,"Men"
108269,80,"Women"
108667,2617,"Men"
108667,3524,"Women"
108807,5348,"Men"
108807,6115,"Women"
108852,42,"Men"
108852,70,"Women"
108861,49,"Men"
108861,59,"Women"
108870,163,"Men"
108870,216,"Women"
108977,45,"Men"
108977,289,"Women"
109040,521,"Men"
109040,1647,"Women"
109208,15384,"Men"
109208,15078,"Women"
109350,5948,"Men"
109350,7584,"Women"
109651,932,"Men"
109651,1376,"Women"
109721,82,"Men"
109721,233,"Women"
109785,1843,"Men"
109785,4429,"Women"
109819,13340,"Men"
109819,17406,"Women"
109907,1154,"Men"
109907,2072,"Women"
109934,47,"Men"
109934,294,"Women"
110060,187,"Men"
110060,76,"Women"
110097,2533,"Men"
110097,2901,"Women"
110194,304,"Men"
110194,3,"Women"
110219,286,"Men"
110219,2233,"Women"
110246,4864,"Men"
110246,6104,"Women"
110316,363,"Men"
110316,1511,"Women"
110334,4088,"Men"
110334,5369,"Women"
110361,4128,"Men"
110361,7774,"Women"
110370,427,"Men"
110370,881,"Women"
110398,469,"Men"
110398,726,"Women"
110404,1459,"Men"
110404,971,"Women"
110413,1383,"Men"
110413,1968,"Women"
110422,11396,"Men"
110422,11673,"Women"
110468,1207,"Men"
110468,3323,"Women"
110486,3567,"Men"
110486,6852,"Women"
110495,3290,"Men"
110495,6434,"Women"
110510,7177,"Men"
110510,11315,"Women"
110529,15341,"Men"
110529,12295,"Women"
110538,6526,"Men"
110538,8731,"Women"
110547,5964,"Men"
110547,9218,"Women"
110556,9950,"Men"
110556,14477,"Women"
110565,18958,"Men"
110565,24704,"Women"
110574,5008,"Men"
110574,7318,"Women"
110583,17258,"Men"
110583,24745,"Women"
110592,10065,"Men"
110592,13098,"Women"
110608,17530,"Men"
110608,20783,"Women"
110617,14026,"Men"
110617,17917,"Women"
110635,21140,"Men"
110635,24742,"Women"
110644,16798,"Men"
110644,23267,"Women"
110653,16711,"Men"
110653,20586,"Women"
110662,20430,"Men"
110662,26905,"Women"
110671,12810,"Men"
110671,13574,"Women"
110680,20975,"Men"
110680,23281,"Women"
110699,1100,"Men"
110699,1907,"Women"
110705,11366,"Men"
110705,14767,"Women"
110714,9544,"Men"
110714,10394,"Women"
110778,398,"Men"
110778,747,"Women"
110875,3,"Men"
110875,119,"Women"
111045,53,"Men"
111045,70,"Women"
111054,24,"Men"
111054,74,"Women"
111081,529,"Men"
111081,748,"Women"
111188,686,"Men"
111188,151,"Women"
111391,251,"Men"
111391,399,"Women"
111434,2664,"Men"
111434,3961,"Women"
111461,9860,"Men"
111461,8215,"Women"
111513,0,"Men"
111513,219,"Women"
111638,206,"Men"
111638,553,"Women"
111708,199,"Men"
111708,24,"Women"
111717,226,"Men"
111717,40,"Women"
111726,103,"Men"
111726,27,"Women"
111744,152,"Men"
111744,10,"Women"
111762,103,"Men"
111762,39,"Women"
111799,28,"Men"
111799,143,"Women"
111887,10099,"Men"
111887,11760,"Women"
111896,2197,"Men"
111896,3352,"Women"
111920,6438,"Men"
111920,6404,"Women"
111939,8871,"Men"
111939,13589,"Women"
111948,3770,"Men"
111948,5990,"Women"
111966,262,"Men"
111966,590,"Women"
112075,1328,"Men"
112075,2330,"Women"
112084,51,"Men"
112084,45,"Women"
112127,20,"Men"
112127,20,"Women"
112172,4618,"Men"
112172,5811,"Women"
112181,4,"Men"
112181,110,"Women"
112190,8990,"Men"
112190,10277,"Women"
112251,740,"Men"
112251,1031,"Women"
112260,699,"Men"
112260,694,"Women"
112288,77,"Men"
112288,558,"Women"
112367,29,"Men"
112367,209,"Women"
112385,5150,"Men"
112385,3858,"Women"
112394,336,"Men"
112394,141,"Women"
112455,34,"Men"
112455,75,"Women"
112525,1300,"Men"
112525,2365,"Women"
112561,1267,"Men"
112561,1561,"Women"
112570,37,"Men"
112570,34,"Women"
112686,2088,"Men"
112686,3137,"Women"
112826,2628,"Men"
112826,3910,"Women"
113096,6863,"Men"
113096,8881,"Women"
113111,2980,"Men"
113111,3788,"Women"
113193,5492,"Men"
113193,5791,"Women"
113218,4015,"Men"
113218,4890,"Women"
113236,6680,"Men"
113236,9244,"Women"
113333,9014,"Men"
113333,8411,"Women"
113449,40,"Men"
113449,92,"Women"
113573,5587,"Men"
113573,7274,"Women"
113582,8,"Men"
113582,86,"Women"
113616,26,"Men"
113616,26,"Women"
113634,8356,"Men"
113634,8872,"Women"
113698,557,"Men"
113698,1343,"Women"
113704,53,"Men"
113704,2,"Women"
113856,17539,"Men"
113856,16138,"Women"
113980,10250,"Men"
113980,11414,"Women"
114114,20,"Men"
114114,130,"Women"
114266,4501,"Men"
114266,4835,"Women"
114354,75,"Men"
114354,489,"Women"
114433,897,"Men"
114433,1158,"Women"
114460,13,"Men"
114460,207,"Women"
114549,172,"Men"
114549,743,"Women"
114585,68,"Men"
114585,253,"Women"
114637,4,"Men"
114637,39,"Women"
114716,6762,"Men"
114716,6187,"Women"
114734,51,"Men"
114734,38,"Women"
114761,6,"Men"
114761,63,"Women"
114789,12983,"Men"
114789,15088,"Women"
114813,763,"Men"
114813,2116,"Women"
114840,1002,"Men"
114840,888,"Women"
114859,9186,"Men"
114859,10335,"Women"
114938,2767,"Men"
114938,3316,"Women"
114947,97,"Men"
114947,89,"Women"
115001,5730,"Men"
115001,6345,"Women"
115010,214,"Men"
115010,682,"Women"
115083,1654,"Men"
115083,1444,"Women"
115126,5010,"Men"
115126,5711,"Women"
115214,70,"Men"
115214,80,"Women"
115296,6016,"Men"
115296,8424,"Women"
115357,12,"Men"
115357,152,"Women"
115393,5923,"Men"
115393,5350,"Women"
115409,475,"Men"
115409,476,"Women"
115658,1,"Men"
115658,76,"Women"
115746,227,"Men"
115746,606,"Women"
115755,2762,"Men"
115755,3475,"Women"
115773,224,"Men"
115773,475,"Women"
115861,4054,"Men"
115861,4819,"Women"
115931,637,"Men"
115931,128,"Women"
116226,5,"Men"
116226,97,"Women"
116439,6718,"Men"
116439,6300,"Women"
116563,4,"Men"
116563,153,"Women"
116846,116,"Men"
116846,308,"Women"
117052,3973,"Men"
117052,4823,"Women"
117104,286,"Men"
117104,335,"Women"
117140,1872,"Men"
117140,3149,"Women"
117168,201,"Men"
117168,574,"Women"
117195,2475,"Men"
117195,1565,"Women"
117238,45,"Men"
117238,105,"Women"
117247,4409,"Men"
117247,4919,"Women"
117274,1269,"Men"
117274,769,"Women"
117283,48,"Men"
117283,64,"Women"
117520,361,"Men"
117520,257,"Women"
117557,263,"Men"
117557,173,"Women"
117575,88,"Men"
117575,73,"Women"
117627,639,"Men"
117627,935,"Women"
117636,1439,"Men"
117636,2771,"Women"
117645,11321,"Men"
117645,13664,"Women"
117672,707,"Men"
117672,1301,"Women"
117690,3793,"Men"
117690,5670,"Women"
117706,7820,"Men"
117706,9086,"Women"
117715,1966,"Men"
117715,3405,"Women"
117724,7428,"Men"
117724,5091,"Women"
117733,7076,"Men"
117733,8923,"Women"
117751,1835,"Men"
117751,1025,"Women"
117788,6413,"Men"
117788,8198,"Women"
117803,74,"Men"
117803,130,"Women"
117867,4489,"Men"
117867,6201,"Women"
117894,3656,"Men"
117894,4799,"Women"
117946,4592,"Men"
117946,5587,"Women"
117955,46,"Men"
117955,183,"Women"
118134,1,"Men"
118134,69,"Women"
118143,2,"Men"
118143,88,"Women"
118161,0,"Men"
118161,86,"Women"
118198,483,"Men"
118198,1517,"Women"
118347,2171,"Men"
118347,2667,"Women"
118684,1547,"Men"
118684,2678,"Women"
118693,465,"Men"
118693,345,"Women"
118718,5139,"Men"
118718,7333,"Women"
118772,2625,"Men"
118772,4397,"Women"
118888,321,"Men"
118888,319,"Women"
118912,4771,"Men"
118912,6707,"Women"
118930,3119,"Men"
118930,3790,"Women"
118958,37,"Men"
118958,53,"Women"
118976,7349,"Men"
118976,10909,"Women"
118994,224,"Men"
118994,187,"Women"
119058,152,"Men"
119058,374,"Women"
119067,3346,"Men"
119067,3827,"Women"
119137,6866,"Men"
119137,7717,"Women"
119164,14055,"Men"
119164,15916,"Women"
119173,262,"Men"
119173,2050,"Women"
119216,7169,"Men"
119216,10458,"Women"
119270,548,"Men"
119270,276,"Women"
119331,2020,"Men"
119331,2824,"Women"
119553,380,"Men"
119553,878,"Women"
119605,8524,"Men"
119605,13591,"Women"
119678,1935,"Men"
119678,506,"Women"
119775,148,"Men"
119775,125,"Women"
119951,21,"Men"
119951,186,"Women"
120069,57,"Men"
120069,324,"Women"
120078,97,"Men"
120078,556,"Women"
120087,67,"Men"
120087,227,"Women"
120166,196,"Men"
120166,193,"Women"
120184,67,"Men"
120184,239,"Women"
120254,777,"Men"
120254,1104,"Women"
120290,4661,"Men"
120290,4400,"Women"
120342,8458,"Men"
120342,8638,"Women"
120403,369,"Men"
120403,898,"Women"
120421,3382,"Men"
120421,3979,"Women"
120537,394,"Men"
120537,631,"Women"
120661,18,"Men"
120661,129,"Women"
120698,178,"Men"
120698,887,"Women"
120768,159,"Men"
120768,909,"Women"
120795,50,"Men"
120795,74,"Women"
120838,68,"Men"
120838,33,"Women"
120865,375,"Men"
120865,599,"Women"
120883,2838,"Men"
120883,4106,"Women"
120953,3173,"Men"
120953,660,"Women"
120971,10538,"Men"
120971,9012,"Women"
121044,11416,"Men"
121044,13181,"Women"
121150,2983,"Men"
121150,5993,"Women"
121257,506,"Men"
121257,736,"Women"
121309,1562,"Men"
121309,3195,"Women"
121345,764,"Men"
121345,936,"Women"
121363,1755,"Men"
121363,3029,"Women"
121433,4,"Men"
121433,89,"Women"
121619,15931,"Men"
121619,11317,"Women"
121628,135,"Men"
121628,95,"Women"
121637,11,"Men"
121637,101,"Women"
121691,1229,"Men"
121691,1858,"Women"
121707,2183,"Men"
121707,2523,"Women"
121859,14,"Men"
121859,240,"Women"
121868,2,"Men"
121868,194,"Women"
121886,10345,"Men"
121886,7096,"Women"
121901,8975,"Men"
121901,12755,"Women"
122117,30,"Men"
122117,72,"Women"
122180,8223,"Men"
122180,11697,"Women"
122205,9416,"Men"
122205,11348,"Women"
122296,435,"Men"
122296,1491,"Women"
122339,6116,"Men"
122339,7126,"Women"
122375,8766,"Men"
122375,10446,"Women"
122384,7803,"Men"
122384,6454,"Women"
122409,17570,"Men"
122409,23567,"Women"
122436,4231,"Men"
122436,5483,"Women"
122506,237,"Men"
122506,202,"Women"
122597,10086,"Men"
122597,12477,"Women"
122612,3185,"Men"
122612,5728,"Women"
122649,65,"Men"
122649,89,"Women"
122658,8427,"Men"
122658,12542,"Women"
122685,609,"Men"
122685,1709,"Women"
122694,254,"Men"
122694,544,"Women"
122728,825,"Men"
122728,1040,"Women"
122746,3994,"Men"
122746,4615,"Women"
122755,18280,"Men"
122755,19381,"Women"
122791,4716,"Men"
122791,5185,"Women"
122889,5573,"Men"
122889,6761,"Women"
122931,4719,"Men"
122931,5009,"Women"
122977,10537,"Men"
122977,12916,"Women"
123013,7928,"Men"
123013,9926,"Women"
123095,182,"Men"
123095,875,"Women"
123165,7,"Men"
123165,1130,"Women"
123217,6245,"Men"
123217,8249,"Women"
123280,19,"Men"
123280,6,"Women"
123299,3880,"Men"
123299,5193,"Women"
123341,8856,"Men"
123341,10269,"Women"
123350,74,"Men"
123350,146,"Women"
123448,103,"Men"
123448,170,"Women"
123457,511,"Men"
123457,481,"Women"
123484,815,"Men"
123484,760,"Women"
123493,19,"Men"
123493,72,"Women"
123509,4302,"Men"
123509,5270,"Women"
123527,5836,"Men"
123527,8219,"Women"
123554,1148,"Men"
123554,1586,"Women"
123563,4278,"Men"
123563,5004,"Women"
123572,2307,"Men"
123572,3584,"Women"
123633,67,"Men"
123633,131,"Women"
123642,23,"Men"
123642,283,"Women"
123651,733,"Men"
123651,1513,"Women"
123679,56,"Men"
123679,158,"Women"
123800,9945,"Men"
123800,11041,"Women"
123916,14,"Men"
123916,63,"Women"
123943,173,"Men"
123943,480,"Women"
123952,252,"Men"
123952,166,"Women"
123961,21836,"Men"
123961,24730,"Women"
123970,403,"Men"
123970,603,"Women"
124113,2251,"Men"
124113,2213,"Women"
124283,129,"Men"
124283,84,"Women"
124292,280,"Men"
124292,286,"Women"
124487,44,"Men"
124487,54,"Women"
124681,544,"Men"
124681,535,"Women"
124706,31,"Men"
124706,191,"Women"
124937,46,"Men"
124937,112,"Women"
125028,5241,"Men"
125028,6981,"Women"
125037,100,"Men"
125037,188,"Women"
125082,24,"Men"
125082,74,"Women"
125091,3704,"Men"
125091,4719,"Women"
125170,2669,"Men"
125170,3609,"Women"
125231,7942,"Men"
125231,41499,"Women"
125310,5,"Men"
125310,41,"Women"
125462,1928,"Men"
125462,2247,"Women"
125471,3689,"Men"
125471,5566,"Women"
125499,3416,"Men"
125499,4239,"Women"
125532,709,"Men"
125532,1498,"Women"
125718,94,"Men"
125718,14,"Women"
125727,511,"Men"
125727,799,"Women"
125763,336,"Men"
125763,459,"Women"
125897,385,"Men"
125897,464,"Women"
126012,112,"Men"
126012,406,"Women"
126049,92,"Men"
126049,170,"Women"
126076,163,"Men"
126076,0,"Women"
126119,2501,"Men"
126119,3819,"Women"
126182,1289,"Men"
126182,1612,"Women"
126207,4130,"Men"
126207,4412,"Women"
126289,6979,"Men"
126289,8033,"Women"
126359,13,"Men"
126359,126,"Women"
126562,9211,"Men"
126562,13913,"Women"
126580,5224,"Men"
126580,6130,"Women"
126605,354,"Men"
126605,43,"Women"
126614,20649,"Men"
126614,18150,"Women"
126669,3314,"Men"
126669,6637,"Women"
126678,895,"Men"
126678,1161,"Women"
126687,34,"Men"
126687,222,"Women"
126711,2298,"Men"
126711,3196,"Women"
126748,543,"Men"
126748,728,"Women"
126775,5474,"Men"
126775,2570,"Women"
126784,78,"Men"
126784,7,"Women"
126818,15092,"Men"
126818,19004,"Women"
126827,11328,"Men"
126827,20502,"Women"
126863,3742,"Men"
126863,5091,"Women"
126915,85,"Men"
126915,219,"Women"
126942,2995,"Men"
126942,4970,"Women"
126951,1074,"Men"
126951,138,"Women"
126979,408,"Men"
126979,439,"Women"
127060,5062,"Men"
127060,7751,"Women"
127158,5328,"Men"
127158,795,"Women"
127185,1619,"Men"
127185,1925,"Women"
127200,9604,"Men"
127200,12366,"Women"
127273,65,"Men"
127273,101,"Women"
127316,57,"Men"
127316,191,"Women"
127389,319,"Men"
127389,371,"Women"
127556,4461,"Men"
127556,5324,"Women"
127565,8180,"Men"
127565,10273,"Women"
127617,577,"Men"
127617,1049,"Women"
127653,309,"Men"
127653,785,"Women"
127714,288,"Men"
127714,239,"Women"
127732,598,"Men"
127732,1086,"Women"
127741,2808,"Men"
127741,6061,"Women"
127778,396,"Men"
127778,563,"Women"
127820,5194,"Men"
127820,7362,"Women"
127884,2946,"Men"
127884,4338,"Women"
127909,4033,"Men"
127909,4386,"Women"
127918,1507,"Men"
127918,3098,"Women"
127945,488,"Men"
127945,1573,"Women"
127954,2,"Men"
127954,41,"Women"
128106,2745,"Men"
128106,4106,"Women"
128151,553,"Men"
128151,507,"Women"
128179,500,"Men"
128179,179,"Women"
128188,421,"Men"
128188,656,"Women"
128258,740,"Men"
128258,873,"Women"
128328,2900,"Men"
128328,1214,"Women"
128337,4,"Men"
128337,145,"Women"
128391,1681,"Men"
128391,1887,"Women"
128498,440,"Men"
128498,799,"Women"
128586,46,"Men"
128586,0,"Women"
128744,1509,"Men"
128744,2329,"Women"
128771,5066,"Men"
128771,4931,"Women"
128780,416,"Men"
128780,1596,"Women"
128896,22,"Men"
128896,187,"Women"
128902,784,"Men"
128902,1206,"Women"
129002,262,"Men"
129002,140,"Women"
129020,12706,"Men"
129020,15600,"Women"
129154,480,"Men"
129154,2490,"Women"
129181,869,"Men"
129181,139,"Women"
129215,1773,"Men"
129215,2582,"Women"
129242,2778,"Men"
129242,4086,"Women"
129349,2,"Men"
129349,176,"Women"
129367,14128,"Men"
129367,22187,"Women"
129482,26,"Men"
129482,376,"Women"
129491,52,"Men"
129491,57,"Women"
129525,2420,"Men"
129525,3595,"Women"
129534,467,"Men"
129534,252,"Women"
129774,233,"Men"
129774,209,"Women"
129923,407,"Men"
129923,521,"Women"
129932,243,"Men"
129932,46,"Women"
129941,4106,"Men"
129941,5123,"Women"
130174,906,"Men"
130174,467,"Women"
130183,4484,"Men"
130183,11694,"Women"
130226,3566,"Men"
130226,5858,"Women"
130253,3917,"Men"
130253,7105,"Women"
130314,477,"Men"
130314,1475,"Women"
130493,3458,"Men"
130493,5919,"Women"
130590,1053,"Men"
130590,1185,"Women"
130624,701,"Men"
130624,407,"Women"
130697,1892,"Men"
130697,2119,"Women"
130776,1952,"Men"
130776,2217,"Women"
130794,7275,"Men"
130794,8289,"Women"
130837,5,"Men"
130837,46,"Women"
130873,106,"Men"
130873,249,"Women"
130907,4423,"Men"
130907,8914,"Women"
130934,1826,"Men"
130934,3501,"Women"
130943,10041,"Men"
130943,14371,"Women"
130989,470,"Men"
130989,531,"Women"
131061,6,"Men"
131061,146,"Women"
131113,5329,"Men"
131113,8417,"Women"
131159,4592,"Men"
131159,7729,"Women"
131283,2533,"Men"
131283,2710,"Women"
131399,1457,"Men"
131399,2745,"Women"
131405,57,"Men"
131405,17,"Women"
131450,521,"Men"
131450,814,"Women"
131469,9655,"Men"
131469,15719,"Women"
131496,8833,"Men"
131496,11198,"Women"
131520,4420,"Men"
131520,10470,"Women"
131803,51,"Men"
131803,137,"Women"
131830,9,"Men"
131830,7,"Women"
131876,105,"Men"
131876,1843,"Women"
131973,174,"Men"
131973,200,"Women"
132374,2774,"Men"
132374,530,"Women"
132408,366,"Men"
132408,351,"Women"
132471,2338,"Men"
132471,4487,"Women"
132602,1066,"Men"
132602,1787,"Women"
132657,1695,"Men"
132657,1819,"Women"
132675,49,"Men"
132675,50,"Women"
132693,5673,"Men"
132693,8380,"Women"
132709,12426,"Men"
132709,18302,"Women"
132842,117,"Men"
132842,701,"Women"
132851,2146,"Men"
132851,3782,"Women"
132903,32056,"Men"
132903,37657,"Women"
132976,187,"Men"
132976,143,"Women"
133021,791,"Men"
133021,1143,"Women"
133155,425,"Men"
133155,450,"Women"
133386,4983,"Men"
133386,7837,"Women"
133465,129,"Men"
133465,304,"Women"
133492,566,"Men"
133492,1327,"Women"
133508,5185,"Men"
133508,9116,"Women"
133526,618,"Men"
133526,559,"Women"
133553,8153,"Men"
133553,3273,"Women"
133650,3212,"Men"
133650,6101,"Women"
133669,13580,"Men"
133669,18027,"Women"
133702,8731,"Men"
133702,14825,"Women"
133711,773,"Men"
133711,1652,"Women"
133809,353,"Men"
133809,375,"Women"
133845,18,"Men"
133845,207,"Women"
133854,21,"Men"
133854,87,"Women"
133863,20,"Men"
133863,138,"Women"
133872,306,"Men"
133872,1555,"Women"
133881,4035,"Men"
133881,4957,"Women"
133951,23872,"Men"
133951,30851,"Women"
133960,461,"Men"
133960,564,"Women"
133979,559,"Men"
133979,718,"Women"
134024,11,"Men"
134024,14,"Women"
134079,1115,"Men"
134079,2096,"Women"
134097,18487,"Men"
134097,25402,"Women"
134130,24863,"Men"
134130,31448,"Women"
134228,9,"Men"
134228,19,"Women"
134237,18006,"Men"
134237,9163,"Women"
134291,496,"Men"
134291,114,"Women"
134307,960,"Men"
134307,80,"Women"
134343,1922,"Men"
134343,3504,"Women"
134495,8639,"Men"
134495,12844,"Women"
134510,62,"Men"
134510,90,"Women"
134529,32,"Men"
134529,186,"Women"
134574,6,"Men"
134574,89,"Women"
134608,6146,"Men"
134608,9283,"Women"
134714,22,"Men"
134714,164,"Women"
134945,1668,"Men"
134945,2579,"Women"
135081,6490,"Men"
135081,14398,"Women"
135142,2,"Men"
135142,61,"Women"
135160,966,"Men"
135160,1955,"Women"
135179,477,"Men"
135179,417,"Women"
135188,2157,"Men"
135188,3653,"Women"
135267,554,"Men"
135267,210,"Women"
135276,819,"Men"
135276,530,"Women"
135294,259,"Men"
135294,134,"Women"
135337,2,"Men"
135337,28,"Women"
135364,353,"Men"
135364,155,"Women"
135391,3169,"Men"
135391,5581,"Women"
135407,941,"Men"
135407,545,"Women"
135522,421,"Men"
135522,320,"Women"
135559,11,"Men"
135559,59,"Women"
135647,440,"Men"
135647,225,"Women"
135717,24915,"Men"
135717,34026,"Women"
135726,8859,"Men"
135726,10993,"Women"
135735,2312,"Men"
135735,1296,"Women"
136109,7,"Men"
136109,111,"Women"
136145,387,"Men"
136145,881,"Women"
136172,6455,"Men"
136172,9699,"Women"
136215,5954,"Men"
136215,14956,"Women"
136233,1955,"Men"
136233,2797,"Women"
136303,25,"Men"
136303,141,"Women"
136330,1497,"Men"
136330,2650,"Women"
136358,10132,"Men"
136358,15784,"Women"
136400,3643,"Men"
136400,5767,"Women"
136473,3286,"Men"
136473,6205,"Women"
136491,672,"Men"
136491,454,"Women"
136516,3687,"Men"
136516,6631,"Women"
136659,349,"Men"
136659,83,"Women"
136701,141,"Men"
136701,2,"Women"
136765,207,"Men"
136765,200,"Women"
136774,424,"Men"
136774,1242,"Women"
136826,608,"Men"
136826,437,"Women"
136950,1178,"Men"
136950,1868,"Women"
137023,414,"Men"
137023,313,"Women"
137032,4050,"Men"
137032,5642,"Women"
137078,9298,"Men"
137078,14638,"Women"
137087,730,"Men"
137087,733,"Women"
137096,5770,"Men"
137096,6988,"Women"
137120,712,"Men"
137120,404,"Women"
137209,6463,"Men"
137209,8927,"Women"
137245,825,"Men"
137245,748,"Women"
137272,78,"Men"
137272,1,"Women"
137281,2903,"Men"
137281,5024,"Women"
137315,964,"Men"
137315,1916,"Women"
137351,20819,"Men"
137351,28803,"Women"
137476,3161,"Men"
137476,4491,"Women"
137546,1599,"Men"
137546,2176,"Women"
137564,4749,"Men"
137564,6761,"Women"
137591,60,"Men"
137591,261,"Women"
137713,146,"Men"
137713,104,"Women"
137759,5222,"Men"
137759,7233,"Women"
137777,28,"Men"
137777,0,"Women"
137847,4842,"Men"
137847,6591,"Women"
137856,109,"Men"
137856,92,"Women"
137865,303,"Men"
137865,191,"Women"
137953,257,"Men"
137953,170,"Women"
137962,74,"Men"
137962,78,"Women"
138187,19410,"Men"
138187,28015,"Women"
138275,483,"Men"
138275,417,"Women"
138284,91,"Men"
138284,66,"Women"
138293,615,"Men"
138293,263,"Women"
138309,391,"Men"
138309,2730,"Women"
138354,5750,"Men"
138354,9072,"Women"
138372,1005,"Men"
138372,261,"Women"
138479,567,"Men"
138479,393,"Women"
138488,1937,"Men"
138488,975,"Women"
138497,171,"Men"
138497,107,"Women"
138558,1482,"Men"
138558,2343,"Women"
138600,12,"Men"
138600,1067,"Women"
138655,358,"Men"
138655,163,"Women"
138664,29,"Men"
138664,88,"Women"
138682,916,"Men"
138682,1803,"Women"
138716,1772,"Men"
138716,4996,"Women"
138761,291,"Men"
138761,205,"Women"
138822,15,"Men"
138822,500,"Women"
138840,1671,"Men"
138840,2827,"Women"
138868,1143,"Men"
138868,1117,"Women"
138901,489,"Men"
138901,1060,"Women"
138929,125,"Men"
138929,254,"Women"
138947,1020,"Men"
138947,3232,"Women"
138956,1674,"Men"
138956,2781,"Women"
139144,903,"Men"
139144,1581,"Women"
139153,160,"Men"
139153,199,"Women"
139199,337,"Men"
139199,2099,"Women"
139205,794,"Men"
139205,544,"Women"
139250,1035,"Men"
139250,2433,"Women"
139278,2314,"Men"
139278,4626,"Women"
139311,1909,"Men"
139311,4254,"Women"
139348,51,"Men"
139348,76,"Women"
139357,1030,"Men"
139357,2277,"Women"
139366,3220,"Men"
139366,4693,"Women"
139384,2729,"Men"
139384,4553,"Women"
139393,526,"Men"
139393,574,"Women"
139463,1862,"Men"
139463,3273,"Women"
139506,42,"Men"
139506,25,"Women"
139579,192,"Men"
139579,524,"Women"
139621,745,"Men"
139621,1075,"Women"
139630,508,"Men"
139630,442,"Women"
139658,5979,"Men"
139658,9196,"Women"
139700,1809,"Men"
139700,3573,"Women"
139719,942,"Men"
139719,1955,"Women"
139746,15,"Men"
139746,46,"Women"
139755,36169,"Men"
139755,17194,"Women"
139764,1262,"Men"
139764,2438,"Women"
139861,2420,"Men"
139861,4677,"Women"
139931,11041,"Men"
139931,16382,"Women"
139940,13743,"Men"
139940,21201,"Women"
139959,17804,"Men"
139959,25342,"Women"
139968,1026,"Men"
139968,2153,"Women"
139986,2014,"Men"
139986,4171,"Women"
139995,122,"Men"
139995,216,"Women"
140003,24,"Men"
140003,132,"Women"
140012,4329,"Men"
140012,6837,"Women"
140146,42,"Men"
140146,18,"Women"
140234,388,"Men"
140234,425,"Women"
140243,2823,"Men"
140243,4085,"Women"
140252,1356,"Men"
140252,1358,"Women"
140331,4828,"Men"
140331,6328,"Women"
140340,70,"Men"
140340,365,"Women"
140447,3098,"Men"
140447,6098,"Women"
140553,2846,"Men"
140553,1,"Women"
140562,335,"Men"
140562,632,"Women"
140571,195,"Men"
140571,237,"Women"
140678,995,"Men"
140678,1604,"Women"
140696,538,"Men"
140696,887,"Women"
140720,163,"Men"
140720,227,"Women"
140818,511,"Men"
140818,1346,"Women"
140827,29,"Men"
140827,36,"Women"
140872,636,"Men"
140872,597,"Women"
140942,1572,"Men"
140942,2370,"Women"
140951,5501,"Men"
140951,13049,"Women"
140960,1195,"Men"
140960,1998,"Women"
140988,646,"Men"
140988,672,"Women"
141006,873,"Men"
141006,922,"Women"
141060,170,"Men"
141060,3247,"Women"
141167,510,"Men"
141167,961,"Women"
141185,1152,"Men"
141185,1915,"Women"
141237,1238,"Men"
141237,1377,"Women"
141255,1563,"Men"
141255,2903,"Women"
141264,3154,"Men"
141264,7108,"Women"
141325,32,"Men"
141325,499,"Women"
141334,4527,"Men"
141334,9810,"Women"
141361,609,"Men"
141361,848,"Women"
141486,768,"Men"
141486,1941,"Women"
141565,955,"Men"
141565,1713,"Women"
141574,7994,"Men"
141574,12034,"Women"
141608,51,"Men"
141608,34,"Women"
141644,1729,"Men"
141644,3192,"Women"
141680,1707,"Men"
141680,1635,"Women"
141796,2051,"Men"
141796,3863,"Women"
141802,512,"Men"
141802,823,"Women"
141811,2530,"Men"
141811,3941,"Women"
141839,959,"Men"
141839,1833,"Women"
141981,972,"Men"
141981,1842,"Women"
141990,989,"Men"
141990,1776,"Women"
142054,85,"Men"
142054,393,"Women"
142090,46,"Men"
142090,48,"Women"
142115,11595,"Men"
142115,15603,"Women"
142179,1132,"Men"
142179,1881,"Women"
142276,5397,"Men"
142276,7664,"Women"
142285,6101,"Men"
142285,6185,"Women"
142294,529,"Men"
142294,561,"Women"
142328,1390,"Men"
142328,2411,"Women"
142407,3,"Men"
142407,85,"Women"
142443,1887,"Men"
142443,2698,"Women"
142461,658,"Men"
142461,977,"Women"
142489,6,"Men"
142489,64,"Women"
142522,21064,"Men"
142522,24521,"Women"
142559,4043,"Men"
142559,6133,"Women"
142832,310,"Men"
142832,1321,"Women"
142957,12,"Men"
142957,17,"Women"
143048,825,"Men"
143048,2569,"Women"
143084,1198,"Men"
143084,1372,"Women"
143118,1671,"Men"
143118,4252,"Women"
143215,3701,"Men"
143215,4791,"Women"
143233,25,"Men"
143233,36,"Women"
143279,1532,"Men"
143279,2469,"Women"
143288,213,"Men"
143288,300,"Women"
143297,15,"Men"
143297,178,"Women"
143358,2163,"Men"
143358,2614,"Women"
143376,4,"Men"
143376,187,"Women"
143464,0,"Men"
143464,82,"Women"
143473,3,"Men"
143473,48,"Women"
143491,3,"Men"
143491,61,"Women"
143552,0,"Men"
143552,33,"Women"
143613,535,"Men"
143613,1068,"Women"
143659,136,"Men"
143659,74,"Women"
143853,874,"Men"
143853,1693,"Women"
143978,210,"Men"
143978,890,"Women"
144005,669,"Men"
144005,1569,"Women"
144014,100,"Men"
144014,115,"Women"
144050,10087,"Men"
144050,8479,"Women"
144157,1484,"Men"
144157,1790,"Women"
144166,2431,"Men"
144166,6872,"Women"
144175,1442,"Men"
144175,1695,"Women"
144184,2858,"Men"
144184,3981,"Women"
144193,3100,"Men"
144193,3196,"Women"
144209,2535,"Men"
144209,3586,"Women"
144218,3689,"Men"
144218,4109,"Women"
144281,2204,"Men"
144281,3366,"Women"
144351,1763,"Men"
144351,3007,"Women"
144564,962,"Men"
144564,1335,"Women"
144573,5,"Men"
144573,168,"Women"
144740,9464,"Men"
144740,11746,"Women"
144795,133,"Men"
144795,312,"Women"
144865,12086,"Men"
144865,14138,"Women"
144883,234,"Men"
144883,234,"Women"
144892,3624,"Men"
144892,4881,"Women"
144944,4617,"Men"
144944,5634,"Women"
144962,1523,"Men"
144962,2474,"Women"
144971,291,"Men"
144971,236,"Women"
145099,21,"Men"
145099,257,"Women"
145239,37,"Men"
145239,163,"Women"
145275,140,"Men"
145275,173,"Women"
145309,14,"Men"
145309,27,"Women"
145336,1564,"Men"
145336,2833,"Women"
145354,2,"Men"
145354,38,"Women"
145372,559,"Men"
145372,545,"Women"
145406,5,"Men"
145406,485,"Women"
145424,2,"Men"
145424,53,"Women"
145433,3,"Men"
145433,133,"Women"
145497,56,"Men"
145497,126,"Women"
145521,544,"Men"
145521,816,"Women"
145558,793,"Men"
145558,1228,"Women"
145600,14994,"Men"
145600,18912,"Women"
145619,1326,"Men"
145619,1591,"Women"
145628,127,"Men"
145628,347,"Women"
145637,31825,"Men"
145637,27413,"Women"
145646,797,"Men"
145646,785,"Women"
145682,3094,"Men"
145682,4812,"Women"
145691,450,"Men"
145691,492,"Women"
145707,2097,"Men"
145707,1629,"Women"
145725,5473,"Men"
145725,3361,"Women"
145813,8998,"Men"
145813,12548,"Women"
145831,1203,"Men"
145831,1517,"Women"
145886,30,"Men"
145886,91,"Women"
146205,1259,"Men"
146205,1965,"Women"
146278,728,"Men"
146278,1128,"Women"
146296,6275,"Men"
146296,8139,"Women"
146339,550,"Men"
146339,410,"Women"
146348,1045,"Men"
146348,1519,"Women"
146366,1440,"Men"
146366,2229,"Women"
146418,1179,"Men"
146418,1790,"Women"
146427,571,"Men"
146427,565,"Women"
146454,0,"Men"
146454,52,"Women"
146472,5372,"Men"
146472,7158,"Women"
146481,793,"Men"
146481,1044,"Women"
146490,83,"Men"
146490,113,"Women"
146506,1629,"Men"
146506,2331,"Women"
146533,5,"Men"
146533,61,"Women"
146603,1974,"Men"
146603,2632,"Women"
146612,3381,"Men"
146612,3630,"Women"
146685,2239,"Men"
146685,3438,"Women"
146700,1145,"Men"
146700,394,"Women"
146719,5417,"Men"
146719,11967,"Women"
146728,47,"Men"
146728,54,"Women"
146755,12,"Men"
146755,53,"Women"
146807,3,"Men"
146807,57,"Women"
146816,19,"Men"
146816,291,"Women"
146977,69,"Men"
146977,56,"Women"
147004,4153,"Men"
147004,5246,"Women"
147013,1009,"Men"
147013,1383,"Women"
147031,25,"Men"
147031,37,"Women"
147129,31,"Men"
147129,236,"Women"
147244,717,"Men"
147244,869,"Women"
147341,384,"Men"
147341,329,"Women"
147369,1230,"Men"
147369,972,"Women"
147378,5488,"Men"
147378,5808,"Women"
147396,57,"Men"
147396,2,"Women"
147411,1493,"Men"
147411,2069,"Women"
147536,1961,"Men"
147536,6954,"Women"
147590,185,"Men"
147590,326,"Women"
147642,2,"Men"
147642,29,"Women"
147660,1341,"Men"
147660,1662,"Women"
147679,1055,"Men"
147679,1502,"Women"
147697,183,"Men"
147697,132,"Women"
147703,6960,"Men"
147703,8454,"Women"
147767,10696,"Men"
147767,13160,"Women"
147776,2313,"Men"
147776,3421,"Women"
147800,3789,"Men"
147800,4540,"Women"
147819,0,"Men"
147819,65,"Women"
147828,1420,"Men"
147828,1919,"Women"
147916,2809,"Men"
147916,3205,"Women"
148007,1228,"Men"
148007,1725,"Women"
148016,199,"Men"
148016,140,"Women"
148098,3,"Men"
148098,50,"Women"
148131,674,"Men"
148131,536,"Women"
148256,909,"Men"
148256,1106,"Women"
148292,867,"Men"
148292,1521,"Women"
148380,2717,"Men"
148380,3261,"Women"
148405,573,"Men"
148405,668,"Women"
148487,1580,"Men"
148487,2701,"Women"
148496,1091,"Men"
148496,2712,"Women"
148511,608,"Men"
148511,2161,"Women"
148575,80,"Men"
148575,525,"Women"
148584,834,"Men"
148584,2240,"Women"
148593,13,"Men"
148593,119,"Women"
148627,1298,"Men"
148627,2187,"Women"
148654,2178,"Men"
148654,2450,"Women"
148672,553,"Men"
148672,914,"Women"
148821,422,"Men"
148821,734,"Women"
148876,106,"Men"
148876,704,"Women"
148885,170,"Men"
148885,30,"Women"
148937,661,"Men"
148937,785,"Women"
148982,34,"Men"
148982,55,"Women"
148991,424,"Men"
148991,823,"Women"
149028,21,"Men"
149028,242,"Women"
149204,0,"Men"
149204,59,"Women"
149222,5541,"Men"
149222,6249,"Women"
149231,5013,"Men"
149231,6880,"Women"
149310,78,"Men"
149310,37,"Women"
149329,91,"Men"
149329,0,"Women"
149365,1470,"Men"
149365,2348,"Women"
149505,357,"Men"
149505,497,"Women"
149514,609,"Men"
149514,260,"Women"
149532,4891,"Men"
149532,4951,"Women"
149550,19,"Men"
149550,145,"Women"
149639,152,"Men"
149639,171,"Women"
149727,3728,"Men"
149727,4577,"Women"
149772,2569,"Men"
149772,3763,"Women"
149781,1315,"Men"
149781,1559,"Women"
149842,6091,"Men"
149842,7897,"Women"
150066,639,"Men"
150066,589,"Women"
150136,7300,"Men"
150136,13789,"Women"
150145,516,"Men"
150145,651,"Women"
150163,2189,"Men"
150163,3557,"Women"
150172,433,"Men"
150172,225,"Women"
150215,48,"Men"
150215,103,"Women"
150251,8,"Men"
150251,174,"Women"
150288,246,"Men"
150288,33,"Women"
150303,5,"Men"
150303,314,"Women"
150400,954,"Men"
150400,963,"Women"
150428,1,"Men"
150428,24,"Women"
150455,357,"Men"
150455,396,"Women"
150534,804,"Men"
150534,1310,"Women"
150604,483,"Men"
150604,502,"Women"
150668,338,"Men"
150668,509,"Women"
150677,982,"Men"
150677,1322,"Women"
150756,584,"Men"
150756,659,"Women"
150765,0,"Men"
150765,88,"Women"
150774,429,"Men"
150774,232,"Women"
150853,4,"Men"
150853,121,"Women"
150941,734,"Men"
150941,1042,"Women"
150987,50081,"Men"
150987,60629,"Women"
151102,3647,"Men"
151102,3559,"Women"
151111,7824,"Men"
151111,14710,"Women"
151263,1762,"Men"
151263,3238,"Women"
151290,1613,"Men"
151290,1157,"Women"
151306,3611,"Men"
151306,5877,"Women"
151324,3380,"Men"
151324,4515,"Women"
151333,1013,"Men"
151333,1908,"Women"
151342,1561,"Men"
151342,3070,"Women"
151351,24278,"Men"
151351,24146,"Women"
151360,812,"Men"
151360,2229,"Women"
151379,1363,"Men"
151379,2373,"Women"
151388,1089,"Men"
151388,2114,"Women"
151467,8,"Men"
151467,115,"Women"
151564,0,"Men"
151564,44,"Women"
151607,3,"Men"
151607,123,"Women"
151661,868,"Men"
151661,184,"Women"
151777,591,"Men"
151777,685,"Women"
151786,1383,"Men"
151786,2103,"Women"
151801,882,"Men"
151801,1322,"Women"
151810,50,"Men"
151810,148,"Women"
151865,88,"Men"
151865,57,"Women"
151962,66,"Men"
151962,213,"Women"
152044,41,"Men"
152044,39,"Women"
152080,6845,"Men"
152080,6197,"Women"
152099,370,"Men"
152099,270,"Women"
152150,0,"Men"
152150,55,"Women"
152275,33,"Men"
152275,71,"Women"
152309,17,"Men"
152309,55,"Women"
152318,1763,"Men"
152318,571,"Women"
152336,572,"Men"
152336,1191,"Women"
152381,305,"Men"
152381,854,"Women"
152390,17,"Men"
152390,1584,"Women"
152451,159,"Men"
152451,24,"Women"
152497,8,"Men"
152497,137,"Women"
152530,1188,"Men"
152530,1360,"Women"
152567,2247,"Men"
152567,2399,"Women"
152600,1096,"Men"
152600,1483,"Women"
152628,0,"Men"
152628,27,"Women"
152637,10024,"Men"
152637,9771,"Women"
152673,866,"Men"
152673,0,"Women"
152798,52,"Men"
152798,431,"Women"
152992,453,"Men"
152992,494,"Women"
153001,609,"Men"
153001,1281,"Women"
153074,4,"Men"
153074,161,"Women"
153083,4,"Men"
153083,125,"Women"
153108,595,"Men"
153108,489,"Women"
153126,490,"Men"
153126,472,"Women"
153144,605,"Men"
153144,590,"Women"
153162,589,"Men"
153162,505,"Women"
153214,10383,"Men"
153214,13314,"Women"
153241,33,"Men"
153241,31,"Women"
153250,909,"Men"
153250,1043,"Women"
153269,1630,"Men"
153269,2715,"Women"
153278,1020,"Men"
153278,737,"Women"
153296,319,"Men"
153296,366,"Women"
153302,125,"Men"
153302,109,"Women"
153311,2924,"Men"
153311,4502,"Women"
153320,299,"Men"
153320,312,"Women"
153366,533,"Men"
153366,569,"Women"
153375,779,"Men"
153375,1077,"Women"
153384,819,"Men"
153384,969,"Women"
153427,17,"Men"
153427,24,"Women"
153445,2069,"Men"
153445,3051,"Women"
153463,5,"Men"
153463,20,"Women"
153472,1486,"Men"
153472,1698,"Women"
153524,2226,"Men"
153524,2723,"Women"
153533,947,"Men"
153533,998,"Women"
153542,2,"Men"
153542,14,"Women"
153597,0,"Men"
153597,74,"Women"
153603,16525,"Men"
153603,13855,"Women"
153630,2430,"Men"
153630,3110,"Women"
153658,13512,"Men"
153658,17267,"Women"
153737,5531,"Men"
153737,7232,"Women"
153746,1,"Men"
153746,53,"Women"
153764,4,"Men"
153764,137,"Women"
153773,1,"Men"
153773,55,"Women"
153782,2,"Men"
153782,20,"Women"
153825,669,"Men"
153825,520,"Women"
153834,663,"Men"
153834,721,"Women"
153861,1073,"Men"
153861,1519,"Women"
153922,778,"Men"
153922,1079,"Women"
153977,110,"Men"
153977,759,"Women"
154004,727,"Men"
154004,1329,"Women"
154013,553,"Men"
154013,864,"Women"
154022,11013,"Men"
154022,16991,"Women"
154059,1203,"Men"
154059,1459,"Women"
154095,3374,"Men"
154095,5904,"Women"
154101,680,"Men"
154101,1025,"Women"
154110,1976,"Men"
154110,2832,"Women"
154129,822,"Men"
154129,1085,"Women"
154156,665,"Men"
154156,869,"Women"
154174,1170,"Men"
154174,991,"Women"
154208,5,"Men"
154208,171,"Women"
154235,1073,"Men"
154235,1425,"Women"
154262,14,"Men"
154262,162,"Women"
154332,4,"Men"
154332,123,"Women"
154350,627,"Men"
154350,624,"Women"
154378,1205,"Men"
154378,1823,"Women"
154396,630,"Men"
154396,936,"Women"
154448,2,"Men"
154448,133,"Women"
154457,2,"Men"
154457,65,"Women"
154466,1,"Men"
154466,65,"Women"
154493,1691,"Men"
154493,2250,"Women"
154518,1378,"Men"
154518,847,"Women"
154527,819,"Men"
154527,664,"Women"
154536,71,"Men"
154536,90,"Women"
154545,58,"Men"
154545,33,"Women"
154572,2206,"Men"
154572,3276,"Women"
154590,763,"Men"
154590,662,"Women"
154642,732,"Men"
154642,1123,"Women"
154688,857,"Men"
154688,1160,"Women"
154697,2163,"Men"
154697,2929,"Women"
154712,1260,"Men"
154712,1275,"Women"
154721,401,"Men"
154721,214,"Women"
154749,257,"Men"
154749,252,"Women"
154800,2541,"Men"
154800,4300,"Women"
154855,255,"Men"
154855,214,"Women"
154907,693,"Men"
154907,1022,"Women"
154925,861,"Men"
154925,605,"Women"
154934,465,"Men"
154934,944,"Women"
154952,924,"Men"
154952,1311,"Women"
154998,834,"Men"
154998,821,"Women"
155007,82,"Men"
155007,313,"Women"
155025,1483,"Men"
155025,3074,"Women"
155052,1011,"Men"
155052,783,"Women"
155061,4721,"Men"
155061,8157,"Women"
155070,106,"Men"
155070,113,"Women"
155089,899,"Men"
155089,1062,"Women"
155098,693,"Men"
155098,683,"Women"
155104,945,"Men"
155104,1134,"Women"
155140,429,"Men"
155140,549,"Women"
155159,3,"Men"
155159,80,"Women"
155177,182,"Men"
155177,191,"Women"
155186,982,"Men"
155186,1208,"Women"
155195,2201,"Men"
155195,2918,"Women"
155201,398,"Men"
155201,366,"Women"
155210,8450,"Men"
155210,10293,"Women"
155283,20,"Men"
155283,178,"Women"
155292,2087,"Men"
155292,2927,"Women"
155308,112,"Men"
155308,33,"Women"
155317,13566,"Men"
155317,16226,"Women"
155335,1160,"Men"
155335,1779,"Women"
155353,64,"Men"
155353,33,"Women"
155399,9390,"Men"
155399,10905,"Women"
155414,590,"Men"
155414,431,"Women"
155423,847,"Men"
155423,494,"Women"
155450,469,"Men"
155450,957,"Women"
155487,544,"Men"
155487,334,"Women"
155496,80,"Men"
155496,80,"Women"
155511,591,"Men"
155511,287,"Women"
155520,674,"Men"
155520,864,"Women"
155566,753,"Men"
155566,1060,"Women"
155593,588,"Men"
155593,399,"Women"
155618,499,"Men"
155618,253,"Women"
155627,615,"Men"
155627,384,"Women"
155636,139,"Men"
155636,389,"Women"
155681,2707,"Men"
155681,3048,"Women"
155715,592,"Men"
155715,730,"Women"
155812,706,"Men"
155812,756,"Women"
155830,482,"Men"
155830,534,"Women"
155858,910,"Men"
155858,1182,"Women"
155900,684,"Men"
155900,357,"Women"
155937,390,"Men"
155937,304,"Women"
155973,352,"Men"
155973,269,"Women"
156082,2097,"Men"
156082,3936,"Women"
156107,3136,"Men"
156107,2970,"Women"
156125,7040,"Men"
156125,9649,"Women"
156134,360,"Men"
156134,418,"Women"
156189,290,"Men"
156189,299,"Women"
156213,834,"Men"
156213,1266,"Women"
156222,1033,"Men"
156222,656,"Women"
156231,1003,"Men"
156231,1549,"Women"
156286,1113,"Men"
156286,1773,"Women"
156295,629,"Men"
156295,898,"Women"
156310,4,"Men"
156310,215,"Women"
156338,2439,"Men"
156338,3386,"Women"
156356,259,"Men"
156356,431,"Women"
156365,5039,"Men"
156365,5797,"Women"
156392,5277,"Men"
156392,7688,"Women"
156408,673,"Men"
156408,731,"Women"
156417,162,"Men"
156417,21,"Women"
156426,13,"Men"
156426,176,"Women"
156471,584,"Men"
156471,5001,"Women"
156541,9339,"Men"
156541,12781,"Women"
156620,6077,"Men"
156620,9596,"Women"
156648,2439,"Men"
156648,3981,"Women"
156727,163,"Men"
156727,2501,"Women"
156745,639,"Men"
156745,706,"Women"
156754,3,"Men"
156754,41,"Women"
156790,1384,"Men"
156790,1750,"Women"
156842,8,"Men"
156842,225,"Women"
156851,667,"Men"
156851,1277,"Women"
156860,754,"Men"
156860,1457,"Women"
156921,5668,"Men"
156921,7761,"Women"
156967,2,"Men"
156967,152,"Women"
157021,76,"Men"
157021,368,"Women"
157030,56,"Men"
157030,38,"Women"
157058,902,"Men"
157058,1118,"Women"
157076,442,"Men"
157076,445,"Women"
157085,13833,"Men"
157085,20876,"Women"
157100,338,"Men"
157100,212,"Women"
157207,39,"Men"
157207,43,"Women"
157216,2294,"Men"
157216,1899,"Women"
157289,10058,"Men"
157289,13007,"Women"
157298,35,"Men"
157298,68,"Women"
157304,1531,"Men"
157304,2038,"Women"
157331,1726,"Men"
157331,2708,"Women"
157377,766,"Men"
157377,1237,"Women"
157386,3428,"Men"
157386,5363,"Women"
157401,3698,"Men"
157401,6322,"Women"
157438,2253,"Men"
157438,3067,"Women"
157447,5697,"Men"
157447,9650,"Women"
157483,2281,"Men"
157483,2993,"Women"
157535,1154,"Men"
157535,1393,"Women"
157553,992,"Men"
157553,1626,"Women"
157614,2,"Men"
157614,98,"Women"
157650,7,"Men"
157650,164,"Women"
157669,2,"Men"
157669,117,"Women"
157678,3,"Men"
157678,121,"Women"
157711,2360,"Men"
157711,3795,"Women"
157739,1379,"Men"
157739,1992,"Women"
157748,3367,"Men"
157748,931,"Women"
157757,471,"Men"
157757,1082,"Women"
157793,649,"Men"
157793,1849,"Women"
157809,1121,"Men"
157809,1229,"Women"
157818,431,"Men"
157818,575,"Women"
157863,810,"Men"
157863,514,"Women"
157951,6146,"Men"
157951,10145,"Women"
158088,638,"Men"
158088,707,"Women"
158246,65,"Men"
158246,191,"Women"
158325,10,"Men"
158325,125,"Women"
158431,1701,"Men"
158431,3860,"Women"
158477,352,"Men"
158477,360,"Women"
158538,2,"Men"
158538,46,"Women"
158617,196,"Men"
158617,374,"Women"
158662,3828,"Men"
158662,8884,"Women"
158778,0,"Men"
158778,78,"Women"
158787,2,"Men"
158787,87,"Women"
158802,294,"Men"
158802,786,"Women"
158884,1064,"Men"
158884,1755,"Women"
159009,1895,"Men"
159009,3255,"Women"
159027,0,"Men"
159027,84,"Women"
159197,477,"Men"
159197,78,"Women"
159328,3,"Men"
159328,78,"Women"
159373,791,"Men"
159373,1959,"Women"
159382,1948,"Men"
159382,4867,"Women"
159391,17681,"Men"
159391,24024,"Women"
159407,893,"Men"
159407,2777,"Women"
159416,4229,"Men"
159416,6520,"Women"
159513,2,"Men"
159513,173,"Women"
159522,2,"Men"
159522,142,"Women"
159531,0,"Men"
159531,16,"Women"
159568,467,"Men"
159568,469,"Women"
159601,1,"Men"
159601,36,"Women"
159647,6246,"Men"
159647,5627,"Women"
159656,1490,"Men"
159656,2760,"Women"
159717,2342,"Men"
159717,3899,"Women"
159939,3222,"Men"
159939,3279,"Women"
159948,1652,"Men"
159948,697,"Women"
159966,2242,"Men"
159966,3801,"Women"
159993,2871,"Men"
159993,5730,"Women"
160010,680,"Men"
160010,385,"Women"
160038,2546,"Men"
160038,5977,"Women"
160065,132,"Men"
160065,670,"Women"
160074,240,"Men"
160074,951,"Women"
160126,1,"Men"
160126,50,"Women"
160199,2,"Men"
160199,43,"Women"
160320,61,"Men"
160320,2017,"Women"
160409,95,"Men"
160409,0,"Women"
160472,7,"Men"
160472,186,"Women"
160481,794,"Men"
160481,1869,"Women"
160524,80,"Men"
160524,150,"Women"
160579,1676,"Men"
160579,1770,"Women"
160597,48,"Men"
160597,64,"Women"
160612,5337,"Men"
160612,9089,"Women"
160621,2781,"Men"
160621,5498,"Women"
160630,847,"Men"
160630,1621,"Women"
160649,868,"Men"
160649,2083,"Women"
160658,6569,"Men"
160658,9096,"Women"
160667,2523,"Men"
160667,3452,"Women"
160755,5094,"Men"
160755,8216,"Women"
160904,776,"Men"
160904,2442,"Women"
160959,99,"Men"
160959,259,"Women"
160977,848,"Men"
160977,912,"Women"
160995,120,"Men"
160995,384,"Women"
161004,901,"Men"
161004,980,"Women"
161022,20,"Men"
161022,219,"Women"
161077,2080,"Men"
161077,2674,"Women"
161086,1178,"Men"
161086,1234,"Women"
161138,1352,"Men"
161138,1367,"Women"
161192,831,"Men"
161192,1658,"Women"
161208,30,"Men"
161208,2,"Women"
161217,1536,"Men"
161217,2876,"Women"
161226,634,"Men"
161226,1466,"Women"
161235,472,"Men"
161235,1090,"Women"
161253,5835,"Men"
161253,6194,"Women"
161299,776,"Men"
161299,195,"Women"
161341,1202,"Men"
161341,1671,"Women"
161457,1941,"Men"
161457,4632,"Women"
161484,401,"Men"
161484,442,"Women"
161493,3,"Men"
161493,114,"Women"
161509,103,"Men"
161509,372,"Women"
161518,579,"Men"
161518,875,"Women"
161527,28,"Men"
161527,235,"Women"
161545,3381,"Men"
161545,4519,"Women"
161554,2779,"Men"
161554,4825,"Women"
161563,744,"Men"
161563,891,"Women"
161572,1658,"Men"
161572,5507,"Women"
161581,293,"Men"
161581,512,"Women"
161688,812,"Men"
161688,1950,"Women"
161767,4356,"Men"
161767,7125,"Women"
161800,31,"Men"
161800,63,"Women"
161855,0,"Men"
161855,34,"Women"
161864,1334,"Men"
161864,3041,"Women"
161873,1223,"Men"
161873,1964,"Women"
162007,2402,"Men"
162007,3951,"Women"
162061,851,"Men"
162061,214,"Women"
162104,630,"Men"
162104,1119,"Women"
162122,1961,"Men"
162122,3101,"Women"
162168,698,"Men"
162168,1397,"Women"
162210,262,"Men"
162210,350,"Women"
162283,573,"Men"
162283,1637,"Women"
162335,0,"Men"
162335,32,"Women"
162371,506,"Men"
162371,28,"Women"
162557,3184,"Men"
162557,4109,"Women"
162584,1852,"Men"
162584,2252,"Women"
162609,338,"Men"
162609,341,"Women"
162654,474,"Men"
162654,985,"Women"
162690,1917,"Men"
162690,3168,"Women"
162706,2030,"Men"
162706,3037,"Women"
162760,710,"Men"
162760,1391,"Women"
162779,3641,"Men"
162779,5002,"Women"
162830,0,"Men"
162830,77,"Women"
162928,14243,"Men"
162928,15967,"Women"
163028,1120,"Men"
163028,138,"Women"
163046,2011,"Men"
163046,2886,"Women"
163204,33700,"Men"
163204,29312,"Women"
163259,1852,"Men"
163259,4784,"Women"
163268,7524,"Men"
163268,6382,"Women"
163286,21209,"Men"
163286,20516,"Women"
163295,411,"Men"
163295,1276,"Women"
163338,1367,"Men"
163338,1810,"Women"
163347,32,"Men"
163347,322,"Women"
163408,26,"Men"
163408,75,"Women"
163426,8409,"Men"
163426,10426,"Women"
163453,4170,"Men"
163453,6569,"Women"
163462,1183,"Men"
163462,1225,"Women"
163532,449,"Men"
163532,0,"Women"
163541,70,"Men"
163541,159,"Women"
163578,355,"Men"
163578,1433,"Women"
163657,4200,"Men"
163657,7273,"Women"
163815,2,"Men"
163815,33,"Women"
163851,2922,"Men"
163851,4103,"Women"
163912,651,"Men"
163912,979,"Women"
163976,313,"Men"
163976,270,"Women"
164076,7462,"Men"
164076,11939,"Women"
164085,48,"Men"
164085,496,"Women"
164155,3150,"Men"
164155,1324,"Women"
164173,1320,"Men"
164173,2364,"Women"
164216,403,"Men"
164216,520,"Women"
164270,1031,"Men"
164270,1837,"Women"
164313,938,"Men"
164313,2003,"Women"
164368,1200,"Men"
164368,808,"Women"
164447,885,"Men"
164447,1152,"Women"
164465,861,"Men"
164465,1053,"Women"
164492,757,"Men"
164492,445,"Women"
164535,11,"Men"
164535,36,"Women"
164562,850,"Men"
164562,1187,"Women"
164580,2254,"Men"
164580,1678,"Women"
164599,12,"Men"
164599,52,"Women"
164614,26,"Men"
164614,17,"Women"
164632,181,"Men"
164632,2424,"Women"
164739,3136,"Men"
164739,2197,"Women"
164748,4592,"Men"
164748,3777,"Women"
164775,561,"Men"
164775,1133,"Women"
164872,331,"Men"
164872,522,"Women"
164915,56,"Men"
164915,113,"Women"
164924,7082,"Men"
164924,8350,"Women"
164988,15963,"Men"
164988,21774,"Women"
165015,2291,"Men"
165015,2914,"Women"
165024,3842,"Men"
165024,5885,"Women"
165033,2320,"Men"
165033,4630,"Women"
165060,18,"Men"
165060,128,"Women"
165112,3954,"Men"
165112,5922,"Women"
165167,374,"Men"
165167,1461,"Women"
165194,1144,"Men"
165194,2116,"Women"
165255,3,"Men"
165255,171,"Women"
165264,68,"Men"
165264,462,"Women"
165334,1889,"Men"
165334,2036,"Women"
165495,8,"Men"
165495,9,"Women"
165529,828,"Men"
165529,1166,"Women"
165574,538,"Men"
165574,554,"Women"
165608,2,"Men"
165608,15,"Women"
165635,215,"Men"
165635,26,"Women"
165644,24,"Men"
165644,36,"Women"
165662,1529,"Men"
165662,3734,"Women"
165671,463,"Men"
165671,1520,"Women"
165699,1377,"Men"
165699,3017,"Women"
165750,32,"Men"
165750,65,"Women"
165802,635,"Men"
165802,1017,"Women"
165820,2341,"Men"
165820,3551,"Women"
165866,1559,"Men"
165866,2443,"Women"
165884,577,"Men"
165884,167,"Women"
165936,617,"Men"
165936,978,"Women"
165945,836,"Men"
165945,516,"Women"
165981,635,"Men"
165981,1054,"Women"
166018,317,"Men"
166018,527,"Women"
166027,13812,"Men"
166027,16447,"Women"
166045,67,"Men"
166045,96,"Women"
166054,226,"Men"
166054,48,"Women"
166124,1434,"Men"
166124,1692,"Women"
166133,1444,"Men"
166133,2756,"Women"
166391,601,"Men"
166391,1067,"Women"
166407,14,"Men"
166407,160,"Women"
166452,595,"Men"
166452,1962,"Women"
166489,119,"Men"
166489,198,"Women"
166498,1,"Men"
166498,65,"Women"
166513,9314,"Men"
166513,7284,"Women"
166629,15245,"Men"
166629,16481,"Women"
166638,6619,"Men"
166638,8956,"Women"
166647,1942,"Men"
166647,2636,"Women"
166656,1384,"Men"
166656,4561,"Women"
166674,502,"Men"
166674,1487,"Women"
166683,6650,"Men"
166683,5236,"Women"
166692,1266,"Men"
166692,222,"Women"
166708,470,"Men"
166708,1019,"Women"
166717,187,"Men"
166717,780,"Women"
166805,31,"Men"
166805,13,"Women"
166823,2131,"Men"
166823,3443,"Women"
166850,2508,"Men"
166850,3354,"Women"
166869,246,"Men"
166869,1426,"Women"
166887,3649,"Men"
166887,5725,"Women"
166911,64,"Men"
166911,163,"Women"
166939,14,"Men"
166939,2261,"Women"
166957,1234,"Men"
166957,2460,"Women"
167039,0,"Men"
167039,15,"Women"
167057,471,"Men"
167057,382,"Women"
167093,129,"Men"
167093,386,"Women"
167215,410,"Men"
167215,721,"Women"
167260,904,"Men"
167260,488,"Women"
167288,389,"Men"
167288,507,"Women"
167297,98,"Men"
167297,57,"Women"
167312,2028,"Men"
167312,3715,"Women"
167358,15644,"Men"
167358,16909,"Women"
167376,1732,"Men"
167376,2989,"Women"
167394,334,"Men"
167394,934,"Women"
167525,1192,"Men"
167525,1830,"Women"
167534,2954,"Men"
167534,4857,"Women"
167598,398,"Men"
167598,2119,"Women"
167631,641,"Men"
167631,1403,"Women"
167677,70,"Men"
167677,16,"Women"
167729,2086,"Men"
167729,4144,"Women"
167783,417,"Men"
167783,4249,"Women"
167792,142,"Men"
167792,172,"Women"
167835,43,"Men"
167835,2814,"Women"
167871,107,"Men"
167871,153,"Women"
167899,1171,"Men"
167899,1428,"Women"
167905,1995,"Men"
167905,3452,"Women"
167987,3804,"Men"
167987,4164,"Women"
167996,1231,"Men"
167996,1443,"Women"
168005,2312,"Men"
168005,4044,"Women"
168032,0,"Men"
168032,23,"Women"
168148,5595,"Men"
168148,8004,"Women"
168218,42,"Men"
168218,2365,"Women"
168227,3064,"Men"
168227,1127,"Women"
168254,1934,"Men"
168254,1740,"Women"
168263,1923,"Men"
168263,2665,"Women"
168281,617,"Men"
168281,1168,"Women"
168342,1025,"Men"
168342,1139,"Women"
168421,5120,"Men"
168421,2464,"Women"
168430,2159,"Men"
168430,3586,"Women"
168528,994,"Men"
168528,771,"Women"
168546,611,"Men"
168546,697,"Women"
168555,0,"Men"
168555,26,"Women"
168573,724,"Men"
168573,22,"Women"
168591,558,"Men"
168591,639,"Women"
168607,705,"Men"
168607,876,"Women"
168740,1624,"Men"
168740,1316,"Women"
168786,540,"Men"
168786,617,"Women"
168847,951,"Men"
168847,3004,"Women"
168883,794,"Men"
168883,1355,"Women"
168892,2,"Men"
168892,95,"Women"
169080,1744,"Men"
169080,1937,"Women"
169099,253,"Men"
169099,114,"Women"
169187,14,"Men"
169187,79,"Women"
169220,45,"Men"
169220,145,"Women"
169248,5685,"Men"
169248,8803,"Women"
169275,2626,"Men"
169275,4092,"Women"
169284,27,"Men"
169284,232,"Women"
169327,578,"Men"
169327,426,"Women"
169363,472,"Men"
169363,663,"Women"
169424,33,"Men"
169424,80,"Women"
169442,485,"Men"
169442,948,"Women"
169479,1978,"Men"
169479,2837,"Women"
169503,3,"Men"
169503,222,"Women"
169521,3070,"Men"
169521,5327,"Women"
169576,7,"Men"
169576,117,"Women"
169655,1311,"Men"
169655,106,"Women"
169716,2422,"Men"
169716,3165,"Women"
169761,201,"Men"
169761,442,"Women"
169798,5006,"Men"
169798,7625,"Women"
169813,1,"Men"
169813,37,"Women"
169910,4407,"Men"
169910,5552,"Women"
169974,444,"Men"
169974,739,"Women"
169983,1152,"Men"
169983,314,"Women"
169992,329,"Men"
169992,553,"Women"
170000,450,"Men"
170000,567,"Women"
170037,703,"Men"
170037,992,"Women"
170055,5502,"Men"
170055,6966,"Women"
170082,8369,"Men"
170082,13642,"Women"
170091,126,"Men"
170091,84,"Women"
170240,5007,"Men"
170240,6403,"Women"
170286,916,"Men"
170286,876,"Women"
170301,1349,"Men"
170301,2046,"Women"
170444,1845,"Men"
170444,3241,"Women"
170532,521,"Men"
170532,645,"Women"
170541,2865,"Men"
170541,3469,"Women"
170550,1201,"Men"
170550,2835,"Women"
170587,916,"Men"
170587,989,"Women"
170611,1,"Men"
170611,69,"Women"
170620,1114,"Men"
170620,1823,"Women"
170639,707,"Men"
170639,860,"Women"
170657,4399,"Men"
170657,5422,"Women"
170675,2365,"Men"
170675,1328,"Women"
170736,0,"Men"
170736,50,"Women"
170790,7020,"Men"
170790,9280,"Women"
170806,729,"Men"
170806,1395,"Women"
170967,471,"Men"
170967,722,"Women"
170976,24997,"Men"
170976,27858,"Women"
171012,131,"Men"
171012,45,"Women"
171100,24439,"Men"
171100,27650,"Women"
171128,5199,"Men"
171128,2204,"Women"
171137,4391,"Men"
171137,3713,"Women"
171146,2333,"Men"
171146,4196,"Women"
171155,1445,"Men"
171155,2247,"Women"
171225,847,"Men"
171225,1363,"Women"
171234,608,"Men"
171234,1143,"Women"
171304,1425,"Men"
171304,2192,"Women"
171395,599,"Men"
171395,1014,"Women"
171456,2809,"Men"
171456,4600,"Women"
171483,1581,"Men"
171483,1672,"Women"
171492,1489,"Men"
171492,920,"Women"
171535,7031,"Men"
171535,8256,"Women"
171571,6649,"Men"
171571,9119,"Women"
171599,554,"Men"
171599,425,"Women"
171775,0,"Men"
171775,37,"Women"
171881,110,"Men"
171881,51,"Women"
171988,9,"Men"
171988,126,"Women"
171997,13,"Men"
171997,224,"Women"
172015,3,"Men"
172015,113,"Women"
172033,242,"Men"
172033,109,"Women"
172051,2382,"Men"
172051,4440,"Women"
172200,3553,"Men"
172200,5034,"Women"
172264,805,"Men"
172264,976,"Women"
172291,1187,"Men"
172291,2130,"Women"
172307,772,"Men"
172307,1228,"Women"
172334,602,"Men"
172334,1839,"Women"
172422,92,"Men"
172422,26,"Women"
172477,187,"Men"
172477,233,"Women"
172495,5,"Men"
172495,269,"Women"
172608,433,"Men"
172608,475,"Women"
172617,5203,"Men"
172617,5930,"Women"
172635,4733,"Men"
172635,7154,"Women"
172644,9557,"Men"
172644,14246,"Women"
172671,390,"Men"
172671,730,"Women"
172680,2,"Men"
172680,84,"Women"
172699,7664,"Men"
172699,9080,"Women"
172705,203,"Men"
172705,194,"Women"
172866,48,"Men"
172866,8,"Women"
172918,1555,"Men"
172918,1726,"Women"
172954,892,"Men"
172954,1078,"Women"
172963,3291,"Men"
172963,5195,"Women"
173045,1343,"Men"
173045,1906,"Women"
173063,1711,"Men"
173063,2248,"Women"
173115,271,"Men"
173115,707,"Women"
173124,1629,"Men"
173124,2443,"Women"
173142,401,"Men"
173142,498,"Women"
173160,1432,"Men"
173160,2171,"Women"
173203,2111,"Men"
173203,2870,"Women"
173258,1046,"Men"
173258,1082,"Women"
173300,905,"Men"
173300,1030,"Women"
173328,2198,"Men"
173328,3805,"Women"
173416,1642,"Men"
173416,1252,"Women"
173452,390,"Men"
173452,488,"Women"
173461,1760,"Men"
173461,2314,"Women"
173559,2112,"Men"
173559,3533,"Women"
173638,1782,"Men"
173638,1913,"Women"
173647,894,"Men"
173647,1012,"Women"
173665,880,"Men"
173665,1685,"Women"
173683,71,"Men"
173683,121,"Women"
173708,2735,"Men"
173708,1837,"Women"
173735,1473,"Men"
173735,1701,"Women"
173744,24,"Men"
173744,599,"Women"
173799,1449,"Men"
173799,2355,"Women"
173896,160,"Men"
173896,211,"Women"
173902,926,"Men"
173902,1212,"Women"
173911,1058,"Men"
173911,1673,"Women"
173920,6476,"Men"
173920,8795,"Women"
173957,534,"Men"
173957,905,"Women"
174020,2855,"Men"
174020,3805,"Women"
174066,25150,"Men"
174066,31516,"Women"
174075,1097,"Men"
174075,1515,"Women"
174127,239,"Men"
174127,592,"Women"
174136,2811,"Men"
174136,3922,"Women"
174154,79,"Men"
174154,669,"Women"
174190,1,"Men"
174190,121,"Women"
174233,4563,"Men"
174233,4690,"Women"
174251,466,"Men"
174251,515,"Women"
174321,1,"Men"
174321,198,"Women"
174358,1478,"Men"
174358,2908,"Women"
174376,2151,"Men"
174376,3412,"Women"
174428,4552,"Men"
174428,6474,"Women"
174437,376,"Men"
174437,476,"Women"
174473,1088,"Men"
174473,1543,"Women"
174491,1352,"Men"
174491,1882,"Women"
174507,393,"Men"
174507,708,"Women"
174525,54,"Men"
174525,41,"Women"
174570,767,"Men"
174570,1027,"Women"
174738,1969,"Men"
174738,3236,"Women"
174747,5,"Men"
174747,1424,"Women"
174756,1528,"Men"
174756,2502,"Women"
174783,4757,"Men"
174783,5975,"Women"
174792,1508,"Men"
174792,64,"Women"
174817,1670,"Men"
174817,2835,"Women"
174844,1301,"Men"
174844,1823,"Women"
174862,858,"Men"
174862,988,"Women"
174899,915,"Men"
174899,2015,"Women"
174914,4604,"Men"
174914,4806,"Women"
174978,4,"Men"
174978,124,"Women"
175005,209,"Men"
175005,3442,"Women"
175014,1390,"Men"
175014,8026,"Women"
175041,2106,"Men"
175041,3092,"Women"
175078,3142,"Men"
175078,5072,"Women"
175120,255,"Men"
175120,105,"Women"
175139,92,"Men"
175139,134,"Women"
175227,1209,"Men"
175227,328,"Women"
175236,1138,"Men"
175236,2010,"Women"
175263,1000,"Men"
175263,1331,"Women"
175272,1848,"Men"
175272,4197,"Women"
175281,406,"Men"
175281,757,"Women"
175315,3606,"Men"
175315,5120,"Women"
175342,976,"Men"
175342,2019,"Women"
175421,1686,"Men"
175421,2527,"Women"
175430,449,"Men"
175430,519,"Women"
175494,18,"Men"
175494,55,"Women"
175519,625,"Men"
175519,1008,"Women"
175573,1177,"Men"
175573,1755,"Women"
175616,1072,"Men"
175616,1582,"Women"
175643,1207,"Men"
175643,1578,"Women"
175652,1672,"Men"
175652,2169,"Women"
175698,14,"Men"
175698,9,"Women"
175722,1,"Men"
175722,20,"Women"
175786,3473,"Men"
175786,5386,"Women"
175810,1616,"Men"
175810,3423,"Women"
175829,1846,"Men"
175829,3293,"Women"
175856,2155,"Men"
175856,4171,"Women"
175883,1772,"Men"
175883,2981,"Women"
175935,889,"Men"
175935,1891,"Women"
175980,328,"Men"
175980,265,"Women"
176008,712,"Men"
176008,1266,"Women"
176017,11025,"Men"
176017,15424,"Women"
176035,506,"Men"
176035,1687,"Women"
176044,1035,"Men"
176044,1170,"Women"
176053,1692,"Men"
176053,2472,"Women"
176062,0,"Men"
176062,57,"Women"
176071,3248,"Men"
176071,5446,"Women"
176080,11153,"Men"
176080,11997,"Women"
176169,1279,"Men"
176169,2163,"Women"
176178,2951,"Men"
176178,4916,"Women"
176239,2086,"Men"
176239,3925,"Women"
176318,223,"Men"
176318,244,"Women"
176336,71,"Men"
176336,22,"Women"
176354,701,"Men"
176354,1057,"Women"
176372,4855,"Men"
176372,8315,"Women"
176406,539,"Men"
176406,762,"Women"
176433,1,"Men"
176433,62,"Women"
176451,122,"Men"
176451,48,"Women"
176479,1734,"Men"
176479,3587,"Women"
176600,68,"Men"
176600,42,"Women"
176628,1277,"Men"
176628,1491,"Women"
176664,278,"Men"
176664,156,"Women"
176716,1,"Men"
176716,108,"Women"
176770,106,"Men"
176770,618,"Women"
176789,131,"Men"
176789,113,"Women"
176798,69,"Men"
176798,90,"Women"
176910,135,"Men"
176910,54,"Women"
176947,508,"Men"
176947,533,"Women"
176965,5912,"Men"
176965,6945,"Women"
176983,51,"Men"
176983,14,"Women"
177038,292,"Men"
177038,296,"Women"
177065,2320,"Men"
177065,3369,"Women"
177083,59,"Men"
177083,4,"Women"
177092,523,"Men"
177092,66,"Women"
177117,0,"Men"
177117,254,"Women"
177126,345,"Men"
177126,205,"Women"
177135,1405,"Men"
177135,2554,"Women"
177144,537,"Men"
177144,491,"Women"
177214,738,"Men"
177214,877,"Women"
177250,876,"Men"
177250,1495,"Women"
177278,27,"Men"
177278,45,"Women"
177302,556,"Men"
177302,63,"Women"
177339,1091,"Men"
177339,1198,"Women"
177418,136,"Men"
177418,196,"Women"
177436,6,"Men"
177436,24,"Women"
177472,4762,"Men"
177472,6618,"Women"
177542,238,"Men"
177542,261,"Women"
177551,334,"Men"
177551,668,"Women"
177588,2,"Men"
177588,53,"Women"
177603,2,"Men"
177603,155,"Women"
177676,1555,"Men"
177676,2220,"Women"
177685,16,"Men"
177685,91,"Women"
177719,69,"Men"
177719,470,"Women"
177746,178,"Men"
177746,635,"Women"
177816,84,"Men"
177816,0,"Women"
177834,1150,"Men"
177834,2316,"Women"
177931,0,"Men"
177931,25,"Women"
177940,921,"Men"
177940,1133,"Women"
177968,2435,"Men"
177968,4391,"Women"
177977,1898,"Men"
177977,448,"Women"
177986,619,"Men"
177986,787,"Women"
177995,5460,"Men"
177995,8063,"Women"
178059,2575,"Men"
178059,6686,"Women"
178077,4,"Men"
178077,93,"Women"
178183,14,"Men"
178183,163,"Women"
178208,3018,"Men"
178208,927,"Women"
178217,912,"Men"
178217,1535,"Women"
178244,2324,"Men"
178244,3375,"Women"
178341,1589,"Men"
178341,2558,"Women"
178369,966,"Men"
178369,804,"Women"
178387,1428,"Men"
178387,2288,"Women"
178396,13804,"Men"
178396,17739,"Women"
178402,6177,"Men"
178402,8555,"Women"
178411,5424,"Men"
178411,1730,"Women"
178420,5991,"Men"
178420,8745,"Women"
178448,1993,"Men"
178448,3391,"Women"
178518,94,"Men"
178518,74,"Women"
178527,4,"Men"
178527,43,"Women"
178615,1420,"Men"
178615,2244,"Women"
178624,3241,"Men"
178624,5911,"Women"
178679,409,"Men"
178679,327,"Women"
178697,647,"Men"
178697,807,"Women"
178721,3106,"Men"
178721,2630,"Women"
178767,15,"Men"
178767,74,"Women"
178891,1630,"Men"
178891,154,"Women"
178989,28,"Men"
178989,177,"Women"
179043,1210,"Men"
179043,2367,"Women"
179159,7587,"Men"
179159,9472,"Women"
179195,0,"Men"
179195,31,"Women"
179265,240,"Men"
179265,408,"Women"
179308,5068,"Men"
179308,10581,"Women"
179317,47,"Men"
179317,44,"Women"
179326,866,"Men"
179326,1333,"Women"
179344,626,"Men"
179344,1293,"Women"
179511,8,"Men"
179511,145,"Women"
179539,1463,"Men"
179539,2779,"Women"
179548,43,"Men"
179548,525,"Women"
179557,3863,"Men"
179557,5638,"Women"
179566,9632,"Men"
179566,14728,"Women"
179645,803,"Men"
179645,1801,"Women"
179715,516,"Men"
179715,1435,"Women"
179812,988,"Men"
179812,1121,"Women"
179867,7760,"Men"
179867,8597,"Women"
179894,4226,"Men"
179894,4034,"Women"
179946,376,"Men"
179946,264,"Women"
179955,480,"Men"
179955,479,"Women"
179964,827,"Men"
179964,1219,"Women"
179991,0,"Men"
179991,39,"Women"
180054,105,"Men"
180054,213,"Women"
180081,362,"Men"
180081,365,"Women"
180090,1,"Men"
180090,78,"Women"
180106,479,"Men"
180106,677,"Women"
180151,156,"Men"
180151,176,"Women"
180160,65,"Men"
180160,120,"Women"
180179,1513,"Men"
180179,2616,"Women"
180197,1027,"Men"
180197,1207,"Women"
180203,53,"Men"
180203,67,"Women"
180212,129,"Men"
180212,233,"Women"
180249,460,"Men"
180249,1042,"Women"
180258,262,"Men"
180258,501,"Women"
180276,660,"Men"
180276,894,"Women"
180328,82,"Men"
180328,180,"Women"
180373,217,"Men"
180373,493,"Women"
180416,1065,"Men"
180416,637,"Women"
180461,8879,"Men"
180461,8256,"Women"
180489,4261,"Men"
180489,6550,"Women"
180522,539,"Men"
180522,427,"Women"
180595,514,"Men"
180595,518,"Women"
180647,205,"Men"
180647,466,"Women"
180692,483,"Men"
180692,875,"Women"
180814,6577,"Men"
180814,8090,"Women"
180832,184,"Men"
180832,937,"Women"
180878,84,"Men"
180878,681,"Women"
180902,2952,"Men"
180902,3975,"Women"
180948,709,"Men"
180948,1389,"Women"
180957,41,"Men"
180957,12,"Women"
180984,1566,"Men"
180984,1913,"Women"
181002,3486,"Men"
181002,5095,"Women"
181020,832,"Men"
181020,1153,"Women"
181127,475,"Men"
181127,481,"Women"
181145,2,"Men"
181145,27,"Women"
181190,8,"Men"
181190,84,"Women"
181215,2094,"Men"
181215,3787,"Women"
181297,101,"Men"
181297,966,"Women"
181303,7987,"Men"
181303,8655,"Women"
181312,881,"Men"
181312,1259,"Women"
181330,792,"Men"
181330,766,"Women"
181394,6438,"Men"
181394,8534,"Women"
181419,230,"Men"
181419,390,"Women"
181428,1122,"Men"
181428,2866,"Women"
181446,726,"Men"
181446,928,"Women"
181464,12079,"Men"
181464,12314,"Women"
181491,3053,"Men"
181491,2667,"Women"
181534,652,"Men"
181534,840,"Women"
181543,16,"Men"
181543,16,"Women"
181604,103,"Men"
181604,683,"Women"
181640,5038,"Men"
181640,5778,"Women"
181738,291,"Men"
181738,438,"Women"
181765,83,"Men"
181765,139,"Women"
181783,1840,"Men"
181783,2826,"Women"
181817,594,"Men"
181817,975,"Women"
181853,268,"Men"
181853,264,"Women"
181880,16,"Men"
181880,167,"Women"
182005,12165,"Men"
182005,16148,"Women"
182148,75,"Men"
182148,461,"Women"
182281,14191,"Men"
182281,18720,"Women"
182290,10181,"Men"
182290,12843,"Women"
182306,1173,"Men"
182306,2147,"Women"
182500,4912,"Men"
182500,5973,"Women"
182564,2064,"Men"
182564,2220,"Women"
182634,275,"Men"
182634,697,"Women"
182670,3534,"Men"
182670,3404,"Women"
182704,4,"Men"
182704,88,"Women"
182722,13,"Men"
182722,171,"Women"
182795,725,"Men"
182795,929,"Women"
182829,369,"Men"
182829,349,"Women"
182892,0,"Men"
182892,50,"Women"
182980,1700,"Men"
182980,1575,"Women"
183026,68517,"Men"
183026,121014,"Women"
183044,5875,"Men"
183044,7679,"Women"
183062,1370,"Men"
183062,1478,"Women"
183071,363,"Men"
183071,300,"Women"
183080,1791,"Men"
183080,1916,"Women"
183099,884,"Men"
183099,1773,"Women"
183105,177,"Men"
183105,400,"Women"
183114,130,"Men"
183114,547,"Women"
183123,354,"Men"
183123,381,"Women"
183132,1046,"Men"
183132,1035,"Women"
183141,581,"Men"
183141,761,"Women"
183150,585,"Men"
183150,877,"Women"
183202,2,"Men"
183202,71,"Women"
183211,1046,"Men"
183211,1731,"Women"
183239,857,"Men"
183239,1254,"Women"
183248,24,"Men"
183248,71,"Women"
183257,373,"Men"
183257,1105,"Women"
183275,45,"Men"
183275,52,"Women"
183488,119,"Men"
183488,1052,"Women"
183600,0,"Men"
183600,30,"Women"
183655,1468,"Men"
183655,2584,"Women"
183725,305,"Men"
183725,197,"Women"
183743,5392,"Men"
183743,6328,"Women"
183789,473,"Men"
183789,1523,"Women"
183804,9657,"Men"
183804,0,"Women"
183822,337,"Men"
183822,462,"Women"
183859,4500,"Men"
183859,5400,"Women"
183877,2594,"Men"
183877,4026,"Women"
183910,741,"Men"
183910,1264,"Women"
183938,2994,"Men"
183938,4628,"Women"
183974,478,"Men"
183974,920,"Women"
183983,116,"Men"
183983,1,"Women"
184056,132,"Men"
184056,506,"Women"
184092,162,"Men"
184092,616,"Women"
184180,3048,"Men"
184180,3083,"Women"
184205,955,"Men"
184205,1731,"Women"
184348,1038,"Men"
184348,1194,"Women"
184427,314,"Men"
184427,21,"Women"
184481,2814,"Men"
184481,4212,"Women"
184506,10,"Men"
184506,93,"Women"
184603,3311,"Men"
184603,4734,"Women"
184612,671,"Men"
184612,1756,"Women"
184694,1232,"Men"
184694,1653,"Women"
184746,139,"Men"
184746,7,"Women"
184773,630,"Men"
184773,1383,"Women"
184782,10233,"Men"
184782,10793,"Women"
184791,2063,"Men"
184791,3155,"Women"
184816,19,"Men"
184816,120,"Women"
184959,149,"Men"
184959,1054,"Women"
184968,22,"Men"
184968,156,"Women"
184995,3052,"Men"
184995,4711,"Women"
185129,2077,"Men"
185129,3352,"Women"
185262,5094,"Men"
185262,8811,"Women"
185396,1719,"Men"
185396,66,"Women"
185466,8,"Men"
185466,338,"Women"
185509,2926,"Men"
185509,3468,"Women"
185536,5442,"Men"
185536,6602,"Women"
185572,1599,"Men"
185572,3168,"Women"
185590,9096,"Men"
185590,14279,"Women"
185679,64,"Men"
185679,124,"Women"
185721,102,"Men"
185721,516,"Women"
185758,67,"Men"
185758,62,"Women"
185767,44,"Men"
185767,227,"Women"
185828,9123,"Men"
185828,4124,"Women"
185873,2943,"Men"
185873,4152,"Women"
185970,5,"Men"
185970,115,"Women"
186016,30,"Men"
186016,411,"Women"
186034,1849,"Men"
186034,2933,"Women"
186052,739,"Men"
186052,136,"Women"
186122,135,"Men"
186122,167,"Women"
186131,4759,"Men"
186131,4378,"Women"
186186,194,"Men"
186186,0,"Women"
186201,2487,"Men"
186201,3494,"Women"
186274,39,"Men"
186274,271,"Women"
186283,1638,"Men"
186283,2365,"Women"
186371,2313,"Men"
186371,3362,"Women"
186380,24032,"Men"
186380,28237,"Women"
186399,5385,"Men"
186399,5930,"Women"
186405,1,"Men"
186405,15,"Women"
186423,7,"Men"
186423,59,"Women"
186432,1569,"Men"
186432,2003,"Women"
186469,355,"Men"
186469,780,"Women"
186584,3992,"Men"
186584,5579,"Women"
186593,33,"Men"
186593,155,"Women"
186618,303,"Men"
186618,568,"Women"
186645,3324,"Men"
186645,3438,"Women"
186867,5770,"Men"
186867,2699,"Women"
186876,3284,"Men"
186876,5347,"Women"
186900,72,"Men"
186900,0,"Women"
187000,640,"Men"
187000,55,"Women"
187046,4470,"Men"
187046,3074,"Women"
187134,3486,"Men"
187134,4655,"Women"
187198,3159,"Men"
187198,5171,"Women"
187444,3253,"Men"
187444,6689,"Women"
187505,71,"Men"
187505,267,"Women"
187532,7521,"Men"
187532,11821,"Women"
187596,674,"Men"
187596,1030,"Women"
187620,2818,"Men"
187620,4382,"Women"
187639,750,"Men"
187639,1592,"Women"
187648,1991,"Men"
187648,3734,"Women"
187666,785,"Men"
187666,1297,"Women"
187745,365,"Men"
187745,582,"Women"
187897,856,"Men"
187897,1848,"Women"
187903,768,"Men"
187903,1467,"Women"
187912,348,"Men"
187912,115,"Women"
187958,677,"Men"
187958,1010,"Women"
187967,1060,"Men"
187967,562,"Women"
187976,179,"Men"
187976,170,"Women"
187985,9917,"Men"
187985,13207,"Women"
187994,383,"Men"
187994,769,"Women"
188003,554,"Men"
188003,877,"Women"
188021,230,"Men"
188021,524,"Women"
188030,6444,"Men"
188030,8964,"Women"
188049,330,"Men"
188049,591,"Women"
188058,620,"Men"
188058,805,"Women"
188100,2132,"Men"
188100,4320,"Women"
188137,1610,"Men"
188137,2859,"Women"
188182,380,"Men"
188182,750,"Women"
188207,19,"Men"
188207,270,"Women"
188216,84,"Men"
188216,131,"Women"
188225,332,"Men"
188225,564,"Women"
188261,369,"Men"
188261,194,"Women"
188289,4,"Men"
188289,51,"Women"
188304,1147,"Men"
188304,2384,"Women"
188340,1194,"Men"
188340,211,"Women"
188429,2404,"Men"
188429,5199,"Women"
188438,1186,"Men"
188438,1390,"Women"
188517,105,"Men"
188517,144,"Women"
188526,311,"Men"
188526,597,"Women"
188535,287,"Men"
188535,383,"Women"
188580,308,"Men"
188580,506,"Women"
188641,839,"Men"
188641,1168,"Women"
188650,16,"Men"
188650,176,"Women"
188669,17,"Men"
188669,77,"Women"
188678,53,"Men"
188678,134,"Women"
188687,100,"Men"
188687,170,"Women"
188854,406,"Men"
188854,1046,"Women"
188890,1362,"Men"
188890,38,"Women"
188915,8,"Men"
188915,44,"Women"
188942,0,"Men"
188942,254,"Women"
189015,144,"Men"
189015,575,"Women"
189088,1230,"Men"
189088,1681,"Women"
189097,87,"Men"
189097,3400,"Women"
189219,147,"Men"
189219,5,"Women"
189228,758,"Men"
189228,1398,"Women"
189255,1,"Men"
189255,101,"Women"
189273,91,"Men"
189273,0,"Women"
189282,39,"Men"
189282,272,"Women"
189404,4,"Men"
189404,85,"Women"
189413,90,"Men"
189413,426,"Women"
189468,5,"Men"
189468,136,"Women"
189477,4,"Men"
189477,109,"Women"
189501,429,"Men"
189501,696,"Women"
189547,2151,"Men"
189547,3176,"Women"
189565,119,"Men"
189565,343,"Women"
189583,511,"Men"
189583,1575,"Women"
189592,103,"Men"
189592,264,"Women"
189705,1165,"Men"
189705,1286,"Women"
189714,5,"Men"
189714,280,"Women"
189811,175,"Men"
189811,881,"Women"
189839,1479,"Men"
189839,2101,"Women"
189857,986,"Men"
189857,0,"Women"
189990,5,"Men"
189990,636,"Women"
190008,15,"Men"
190008,24,"Women"
190044,2221,"Men"
190044,1127,"Women"
190053,492,"Men"
190053,575,"Women"
190071,13,"Men"
190071,104,"Women"
190080,38,"Men"
190080,40,"Women"
190099,1381,"Men"
190099,1830,"Women"
190114,213,"Men"
190114,470,"Women"
190150,15887,"Men"
190150,19286,"Women"
190169,682,"Men"
190169,934,"Women"
190239,9,"Men"
190239,163,"Women"
190318,7,"Men"
190318,187,"Women"
190372,457,"Men"
190372,476,"Women"
190415,12696,"Men"
190415,14097,"Women"
190424,598,"Men"
190424,876,"Women"
190442,1550,"Men"
190442,2170,"Women"
190451,23,"Men"
190451,150,"Women"
190503,1552,"Men"
190503,1595,"Women"
190512,9884,"Men"
190512,10197,"Women"
190521,8660,"Men"
190521,11463,"Women"
190530,2927,"Men"
190530,3860,"Women"
190549,6078,"Men"
190549,8312,"Women"
190558,5236,"Men"
190558,5797,"Women"
190567,7267,"Men"
190567,8277,"Women"
190576,3150,"Men"
190576,6386,"Women"
190585,1789,"Men"
190585,3689,"Women"
190594,7334,"Men"
190594,15204,"Women"
190600,4886,"Men"
190600,8877,"Women"
190619,9798,"Men"
190619,8367,"Women"
190628,6729,"Men"
190628,7765,"Women"
190637,4539,"Men"
190637,8785,"Women"
190646,1050,"Men"
190646,2686,"Women"
190655,7665,"Men"
190655,6821,"Women"
190664,7381,"Men"
190664,8584,"Women"
190673,4758,"Men"
190673,5579,"Women"
190682,235,"Men"
190682,434,"Women"
190691,2302,"Men"
190691,3872,"Women"
190707,4,"Men"
190707,16,"Women"
190716,686,"Men"
190716,1870,"Women"
190725,645,"Men"
190725,1895,"Women"
190752,86,"Men"
190752,0,"Women"
190761,486,"Men"
190761,910,"Women"
190840,2926,"Men"
190840,3680,"Women"
190956,21,"Men"
190956,141,"Women"
190983,266,"Men"
190983,520,"Women"
191083,3820,"Men"
191083,4270,"Women"
191126,1511,"Men"
191126,6695,"Women"
191199,2679,"Men"
191199,3325,"Women"
191205,568,"Men"
191205,406,"Women"
191241,6252,"Men"
191241,9898,"Women"
191302,812,"Men"
191302,1053,"Women"
191311,64,"Men"
191311,96,"Women"
191339,1660,"Men"
191339,2580,"Women"
191515,902,"Men"
191515,1129,"Women"
191533,419,"Men"
191533,678,"Women"
191597,122,"Men"
191597,792,"Women"
191612,946,"Men"
191612,1025,"Women"
191621,400,"Men"
191621,568,"Women"
191630,853,"Men"
191630,988,"Women"
191649,4322,"Men"
191649,6363,"Women"
191676,494,"Men"
191676,706,"Women"
191719,4428,"Men"
191719,4799,"Women"
191728,210,"Men"
191728,1051,"Women"
191931,1723,"Men"
191931,2235,"Women"
191940,6,"Men"
191940,79,"Women"
191959,23,"Men"
191959,7,"Women"
191968,2062,"Men"
191968,2705,"Women"
191986,1753,"Men"
191986,2301,"Women"
192004,27,"Men"
192004,81,"Women"
192022,922,"Men"
192022,1397,"Women"
192040,138,"Men"
192040,178,"Women"
192110,560,"Men"
192110,513,"Women"
192165,205,"Men"
192165,0,"Women"
192192,286,"Men"
192192,1080,"Women"
192271,163,"Men"
192271,1304,"Women"
192323,1167,"Men"
192323,1924,"Women"
192448,6212,"Men"
192448,10477,"Women"
192484,4,"Men"
192484,97,"Women"
192624,131,"Men"
192624,0,"Women"
192688,89,"Men"
192688,408,"Women"
192703,1884,"Men"
192703,1341,"Women"
192712,492,"Men"
192712,592,"Women"
192749,895,"Men"
192749,1617,"Women"
192785,72,"Men"
192785,650,"Women"
192800,2,"Men"
192800,12,"Women"
192819,2628,"Men"
192819,3728,"Women"
192864,280,"Men"
192864,1321,"Women"
192961,14,"Men"
192961,109,"Women"
192970,2,"Men"
192970,9,"Women"
193016,2709,"Men"
193016,6282,"Women"
193052,593,"Men"
193052,0,"Women"
193061,39,"Men"
193061,0,"Women"
193070,72,"Men"
193070,0,"Women"
193201,43,"Men"
193201,326,"Women"
193247,139,"Men"
193247,0,"Women"
193265,50,"Men"
193265,8,"Women"
193283,2713,"Men"
193283,3227,"Women"
193292,1223,"Men"
193292,3782,"Women"
193308,2733,"Men"
193308,5408,"Women"
193326,3609,"Men"
193326,5032,"Women"
193353,857,"Men"
193353,1634,"Women"
193380,16,"Men"
193380,105,"Women"
193399,812,"Men"
193399,2962,"Women"
193405,484,"Men"
193405,777,"Women"
193478,5922,"Men"
193478,6379,"Women"
193584,645,"Men"
193584,1756,"Women"
193609,33,"Men"
193609,34,"Women"
193654,2306,"Men"
193654,6762,"Women"
193751,227,"Men"
193751,337,"Women"
193821,381,"Men"
193821,681,"Women"
193830,614,"Men"
193830,857,"Women"
193858,23,"Men"
193858,254,"Women"
193900,23777,"Men"
193900,33055,"Women"
193946,1667,"Men"
193946,2880,"Women"
193973,1343,"Men"
193973,2690,"Women"
193991,3,"Men"
193991,46,"Women"
194028,578,"Men"
194028,1080,"Women"
194073,131,"Men"
194073,208,"Women"
194091,3740,"Men"
194091,3137,"Women"
194116,42,"Men"
194116,531,"Women"
194189,100,"Men"
194189,0,"Women"
194222,4119,"Men"
194222,4418,"Women"
194240,2268,"Men"
194240,3436,"Women"
194259,5,"Men"
194259,26,"Women"
194310,5038,"Men"
194310,8596,"Women"
194392,548,"Men"
194392,400,"Women"
194435,0,"Men"
194435,78,"Women"
194499,198,"Men"
194499,804,"Women"
194569,76,"Men"
194569,80,"Women"
194578,1473,"Men"
194578,3883,"Women"
194657,264,"Men"
194657,0,"Women"
194666,548,"Men"
194666,0,"Women"
194693,53,"Men"
194693,0,"Women"
194718,96,"Men"
194718,0,"Women"
194736,159,"Men"
194736,0,"Women"
194763,611,"Men"
194763,0,"Women"
194824,4834,"Men"
194824,2206,"Women"
194958,550,"Men"
194958,1410,"Women"
195003,10952,"Men"
195003,6146,"Women"
195030,5619,"Men"
195030,6327,"Women"
195049,134,"Men"
195049,147,"Women"
195058,2435,"Men"
195058,2929,"Women"
195067,14,"Men"
195067,374,"Women"
195128,724,"Men"
195128,2066,"Women"
195155,83,"Men"
195155,61,"Women"
195164,1290,"Men"
195164,1462,"Women"
195173,2552,"Men"
195173,2015,"Women"
195191,35,"Men"
195191,278,"Women"
195216,954,"Men"
195216,1037,"Women"
195243,1019,"Men"
195243,1018,"Women"
195289,15,"Men"
195289,114,"Women"
195304,353,"Men"
195304,1445,"Women"
195322,1544,"Men"
195322,1946,"Women"
195438,156,"Men"
195438,0,"Women"
195474,1702,"Men"
195474,2018,"Women"
195526,1087,"Men"
195526,1617,"Women"
195544,1249,"Men"
195544,2650,"Women"
195580,83,"Men"
195580,7,"Women"
195702,23,"Men"
195702,130,"Women"
195720,1346,"Men"
195720,2347,"Women"
195784,114,"Men"
195784,542,"Women"
195809,8275,"Men"
195809,11114,"Women"
195988,628,"Men"
195988,899,"Women"
196006,2327,"Men"
196006,1454,"Women"
196015,1491,"Men"
196015,1968,"Women"
196024,1417,"Men"
196024,1639,"Women"
196033,838,"Men"
196033,1150,"Women"
196042,5874,"Men"
196042,4165,"Women"
196051,1157,"Men"
196051,1029,"Women"
196060,7694,"Men"
196060,9866,"Women"
196079,9038,"Men"
196079,9778,"Women"
196088,16348,"Men"
196088,15555,"Women"
196097,12622,"Men"
196097,14067,"Women"
196103,1246,"Men"
196103,1511,"Women"
196112,1565,"Men"
196112,1168,"Women"
196121,2992,"Men"
196121,4490,"Women"
196130,2556,"Men"
196130,3632,"Women"
196149,3058,"Men"
196149,3880,"Women"
196158,1289,"Men"
196158,1890,"Women"
196167,1398,"Men"
196167,2547,"Women"
196176,2840,"Men"
196176,5058,"Women"
196185,2020,"Men"
196185,3317,"Women"
196194,3158,"Men"
196194,3557,"Women"
196200,1028,"Men"
196200,1804,"Women"
196219,1394,"Men"
196219,1939,"Women"
196228,95,"Men"
196228,305,"Women"
196237,1975,"Men"
196237,2734,"Women"
196246,1757,"Men"
196246,2783,"Women"
196255,636,"Men"
196255,1584,"Women"
196264,3319,"Men"
196264,7150,"Women"
196291,1238,"Men"
196291,175,"Women"
196307,492,"Men"
196307,849,"Women"
196389,237,"Men"
196389,996,"Women"
196413,9981,"Men"
196413,12608,"Women"
196431,400,"Men"
196431,0,"Women"
196440,17,"Men"
196440,0,"Women"
196468,966,"Men"
196468,3435,"Women"
196565,2117,"Men"
196565,2841,"Women"
196583,82,"Men"
196583,0,"Women"
196592,3473,"Men"
196592,8464,"Women"
196653,165,"Men"
196653,904,"Women"
196680,6217,"Men"
196680,6724,"Women"
196699,1544,"Men"
196699,1547,"Women"
196866,1095,"Men"
196866,970,"Women"
196884,87,"Men"
196884,147,"Women"
197018,2241,"Men"
197018,0,"Women"
197027,799,"Men"
197027,177,"Women"
197036,3479,"Men"
197036,994,"Women"
197045,1401,"Men"
197045,2226,"Women"
197133,941,"Men"
197133,1521,"Women"
197142,293,"Men"
197142,318,"Women"
197151,996,"Men"
197151,2816,"Women"
197197,736,"Men"
197197,1265,"Women"
197221,80,"Men"
197221,26,"Women"
197285,233,"Men"
197285,526,"Women"
197294,4373,"Men"
197294,4986,"Women"
197337,0,"Men"
197337,59,"Women"
197531,245,"Men"
197531,244,"Women"
197601,164,"Men"
197601,0,"Women"
197647,147,"Men"
197647,0,"Women"
197674,264,"Men"
197674,0,"Women"
197692,87,"Men"
197692,0,"Women"
197708,2994,"Men"
197708,3971,"Women"
197735,1389,"Men"
197735,0,"Women"
197744,243,"Men"
197744,0,"Women"
197814,1073,"Men"
197814,1832,"Women"
197850,1464,"Men"
197850,2549,"Women"
197869,9329,"Men"
197869,12241,"Women"
197887,2564,"Men"
197887,3946,"Women"
197911,569,"Men"
197911,666,"Women"
197966,612,"Men"
197966,1244,"Women"
197984,753,"Men"
197984,635,"Women"
197993,0,"Men"
197993,180,"Women"
198011,362,"Men"
198011,811,"Women"
198039,1082,"Men"
198039,1641,"Women"
198066,544,"Men"
198066,331,"Women"
198084,768,"Men"
198084,1241,"Women"
198109,97,"Men"
198109,827,"Women"
198118,1534,"Men"
198118,2380,"Women"
198136,2142,"Men"
198136,2821,"Women"
198154,6676,"Men"
198154,7406,"Women"
198206,584,"Men"
198206,1030,"Women"
198215,664,"Men"
198215,712,"Women"
198233,2217,"Men"
198233,2687,"Women"
198251,2240,"Men"
198251,3642,"Women"
198260,8421,"Men"
198260,11954,"Women"
198303,388,"Men"
198303,287,"Women"
198321,598,"Men"
198321,960,"Women"
198330,1332,"Men"
198330,2327,"Women"
198367,1316,"Men"
198367,1787,"Women"
198376,1511,"Men"
198376,2794,"Women"
198385,878,"Men"
198385,991,"Women"
198419,7778,"Men"
198419,9721,"Women"
198455,1864,"Men"
198455,3293,"Women"
198464,10631,"Men"
198464,16309,"Women"
198491,368,"Men"
198491,1029,"Women"
198507,1082,"Men"
198507,1176,"Women"
198516,2903,"Men"
198516,4336,"Women"
198534,4452,"Men"
198534,7303,"Women"
198543,2260,"Men"
198543,4847,"Women"
198552,3227,"Men"
198552,5872,"Women"
198561,1038,"Men"
198561,2066,"Women"
198570,2261,"Men"
198570,4182,"Women"
198598,502,"Men"
198598,465,"Women"
198613,601,"Men"
198613,579,"Women"
198622,4632,"Men"
198622,6853,"Women"
198640,306,"Men"
198640,755,"Women"
198668,509,"Men"
198668,886,"Women"
198677,13,"Men"
198677,13,"Women"
198695,2680,"Men"
198695,3651,"Women"
198710,701,"Men"
198710,1217,"Women"
198729,478,"Men"
198729,1041,"Women"
198756,609,"Men"
198756,693,"Women"
198774,1954,"Men"
198774,3417,"Women"
198808,297,"Men"
198808,613,"Women"
198817,865,"Men"
198817,1726,"Women"
198835,905,"Men"
198835,1351,"Women"
198844,1,"Men"
198844,101,"Women"
198862,549,"Men"
198862,387,"Women"
198871,280,"Men"
198871,122,"Women"
198899,554,"Men"
198899,556,"Women"
198905,345,"Men"
198905,546,"Women"
198914,365,"Men"
198914,485,"Women"
198923,500,"Men"
198923,749,"Women"
198950,29,"Men"
198950,1436,"Women"
198969,937,"Men"
198969,885,"Women"
198978,3,"Men"
198978,43,"Women"
198987,1582,"Men"
198987,2397,"Women"
199023,551,"Men"
199023,633,"Women"
199032,480,"Men"
199032,482,"Women"
199069,662,"Men"
199069,1447,"Women"
199078,8,"Men"
199078,124,"Women"
199087,1045,"Men"
199087,1735,"Women"
199102,5511,"Men"
199102,8800,"Women"
199111,1250,"Men"
199111,1806,"Women"
199120,12821,"Men"
199120,19617,"Women"
199139,15223,"Men"
199139,15868,"Women"
199148,5883,"Men"
199148,12129,"Women"
199157,2494,"Men"
199157,6085,"Women"
199184,460,"Men"
199184,651,"Women"
199193,19373,"Men"
199193,19091,"Women"
199209,641,"Men"
199209,778,"Women"
199218,6598,"Men"
199218,12250,"Women"
199263,65,"Men"
199263,198,"Women"
199272,338,"Men"
199272,384,"Women"
199281,2596,"Men"
199281,5078,"Women"
199306,423,"Men"
199306,466,"Women"
199324,305,"Men"
199324,591,"Women"
199333,3003,"Men"
199333,4681,"Women"
199412,598,"Men"
199412,1001,"Women"
199421,1026,"Men"
199421,1788,"Women"
199449,743,"Men"
199449,1641,"Women"
199458,112,"Men"
199458,28,"Women"
199467,238,"Men"
199467,430,"Women"
199476,655,"Men"
199476,1583,"Women"
199485,693,"Men"
199485,1110,"Women"
199494,2698,"Men"
199494,4330,"Women"
199582,76,"Men"
199582,99,"Women"
199607,9,"Men"
199607,540,"Women"
199625,527,"Men"
199625,999,"Women"
199634,1522,"Men"
199634,2593,"Women"
199643,453,"Men"
199643,511,"Women"
199689,3,"Men"
199689,146,"Women"
199698,343,"Men"
199698,333,"Women"
199722,535,"Men"
199722,891,"Women"
199731,781,"Men"
199731,1376,"Women"
199740,790,"Men"
199740,1678,"Women"
199759,2162,"Men"
199759,1058,"Women"
199768,1099,"Men"
199768,1697,"Women"
199786,1852,"Men"
199786,2975,"Women"
199795,375,"Men"
199795,648,"Women"
199838,969,"Men"
199838,1967,"Women"
199847,4026,"Men"
199847,5296,"Women"
199856,11135,"Men"
199856,13474,"Women"
199865,259,"Men"
199865,532,"Women"
199883,24,"Men"
199883,100,"Women"
199892,1185,"Men"
199892,2441,"Women"
199908,682,"Men"
199908,1131,"Women"
199926,1073,"Men"
199926,1520,"Women"
199953,640,"Men"
199953,1192,"Women"
199962,1341,"Men"
199962,2117,"Women"
199971,40,"Men"
199971,31,"Women"
199980,26,"Men"
199980,3,"Women"
199999,1228,"Men"
199999,3554,"Women"
200004,4769,"Men"
200004,6917,"Women"
200013,13,"Men"
200013,39,"Women"
200022,2106,"Men"
200022,2100,"Women"
200059,603,"Men"
200059,807,"Women"
200086,82,"Men"
200086,151,"Women"
200110,0,"Men"
200110,61,"Women"
200156,714,"Men"
200156,662,"Women"
200192,723,"Men"
200192,1174,"Women"
200208,66,"Men"
200208,173,"Women"
200217,1473,"Men"
200217,2388,"Women"
200226,442,"Men"
200226,692,"Women"
200253,1041,"Men"
200253,1710,"Women"
200280,7622,"Men"
200280,7397,"Women"
200305,1786,"Men"
200305,1581,"Women"
200314,423,"Men"
200314,781,"Women"
200332,5797,"Men"
200332,6155,"Women"
200341,361,"Men"
200341,573,"Women"
200466,102,"Men"
200466,207,"Women"
200484,156,"Men"
200484,119,"Women"
200527,370,"Men"
200527,502,"Women"
200554,194,"Men"
200554,382,"Women"
200572,758,"Men"
200572,1048,"Women"
200590,29,"Men"
200590,150,"Women"
200697,875,"Men"
200697,195,"Women"
200785,34,"Men"
200785,359,"Women"
200800,6674,"Men"
200800,6658,"Women"
200846,580,"Men"
200846,831,"Women"
200873,29,"Men"
200873,31,"Women"
201034,321,"Men"
201034,325,"Women"
201061,49,"Men"
201061,164,"Women"
201098,22,"Men"
201098,19,"Women"
201104,1815,"Men"
201104,2291,"Women"
201131,39,"Men"
201131,64,"Women"
201140,140,"Men"
201140,16,"Women"
201159,221,"Men"
201159,71,"Women"
201177,34,"Men"
201177,252,"Women"
201195,1461,"Men"
201195,1844,"Women"
201283,758,"Men"
201283,1262,"Women"
201371,367,"Men"
201371,279,"Women"
201432,788,"Men"
201432,1309,"Women"
201441,7530,"Men"
201441,10064,"Women"
201469,131,"Men"
201469,493,"Women"
201478,37,"Men"
201478,85,"Women"
201496,376,"Men"
201496,220,"Women"
201539,8,"Men"
201539,80,"Women"
201548,968,"Men"
201548,1295,"Women"
201645,6006,"Men"
201645,6469,"Women"
201654,2888,"Men"
201654,3430,"Women"
201672,923,"Men"
201672,2259,"Women"
201681,9,"Men"
201681,88,"Women"
201690,975,"Men"
201690,1733,"Women"
201803,7,"Men"
201803,43,"Women"
201821,65,"Men"
201821,652,"Women"
201867,19,"Men"
201867,88,"Women"
201885,20939,"Men"
201885,24087,"Women"
201928,3615,"Men"
201928,6068,"Women"
201946,3740,"Men"
201946,5739,"Women"
201955,3119,"Men"
201955,4668,"Women"
201964,625,"Men"
201964,806,"Women"
201973,1720,"Men"
201973,3357,"Women"
202046,142,"Men"
202046,403,"Women"
202073,139,"Men"
202073,154,"Women"
202134,6365,"Men"
202134,7709,"Women"
202152,28,"Men"
202152,116,"Women"
202170,246,"Men"
202170,670,"Women"
202222,12612,"Men"
202222,15469,"Women"
202356,7122,"Men"
202356,10718,"Women"
202435,123,"Men"
202435,150,"Women"
202453,58,"Men"
202453,16,"Women"
202480,5477,"Men"
202480,5029,"Women"
202514,362,"Men"
202514,206,"Women"
202523,1141,"Men"
202523,1253,"Women"
202648,1825,"Men"
202648,2799,"Women"
202657,136,"Men"
202657,262,"Women"
202763,1830,"Men"
202763,3186,"Women"
202806,3367,"Men"
202806,6090,"Women"
202888,0,"Men"
202888,39,"Women"
202903,210,"Men"
202903,221,"Women"
202912,48,"Men"
202912,642,"Women"
202949,123,"Men"
202949,19,"Women"
202985,0,"Men"
202985,48,"Women"
203030,11,"Men"
203030,56,"Women"
203067,89,"Men"
203067,151,"Women"
203085,572,"Men"
203085,519,"Women"
203128,558,"Men"
203128,503,"Women"
203146,326,"Men"
203146,30,"Women"
203155,697,"Men"
203155,789,"Women"
203234,5,"Men"
203234,124,"Women"
203368,1453,"Men"
203368,1411,"Women"
203386,278,"Men"
203386,3579,"Women"
203438,0,"Men"
203438,102,"Women"
203447,629,"Men"
203447,1110,"Women"
203456,423,"Men"
203456,773,"Women"
203465,1319,"Men"
203465,2250,"Women"
203474,750,"Men"
203474,1398,"Women"
203483,824,"Men"
203483,1275,"Women"
203492,530,"Men"
203492,1103,"Women"
203517,9829,"Men"
203517,16545,"Women"
203526,758,"Men"
203526,1446,"Women"
203535,986,"Men"
203535,1263,"Women"
203544,106,"Men"
203544,651,"Women"
203580,538,"Men"
203580,570,"Women"
203599,1720,"Men"
203599,2638,"Women"
203614,90,"Men"
203614,364,"Women"
203678,1488,"Men"
203678,2636,"Women"
203720,135,"Men"
203720,89,"Women"
203739,1,"Men"
203739,21,"Women"
203748,3651,"Men"
203748,5699,"Women"
203757,402,"Men"
203757,562,"Women"
203775,503,"Men"
203775,753,"Women"
203845,555,"Men"
203845,554,"Women"
203881,1410,"Men"
203881,1936,"Women"
203942,32,"Men"
203942,11,"Women"
203960,147,"Men"
203960,949,"Women"
203997,69,"Men"
203997,117,"Women"
204006,1088,"Men"
204006,1392,"Women"
204015,536,"Men"
204015,654,"Women"
204024,8659,"Men"
204024,10179,"Women"
204121,0,"Men"
204121,73,"Women"
204158,8,"Men"
204158,38,"Women"
204176,91,"Men"
204176,579,"Women"
204185,1192,"Men"
204185,1269,"Women"
204194,739,"Men"
204194,932,"Women"
204200,846,"Men"
204200,1419,"Women"
204255,699,"Men"
204255,1070,"Women"
204264,770,"Men"
204264,981,"Women"
204334,1,"Men"
204334,171,"Women"
204422,966,"Men"
204422,1587,"Women"
204431,12,"Men"
204431,45,"Women"
204440,2798,"Men"
204440,1284,"Women"
204459,23,"Men"
204459,10,"Women"
204477,527,"Men"
204477,502,"Women"
204486,2068,"Men"
204486,457,"Women"
204501,1194,"Men"
204501,1715,"Women"
204608,603,"Men"
204608,80,"Women"
204617,542,"Men"
204617,667,"Women"
204635,1665,"Men"
204635,1475,"Women"
204662,209,"Men"
204662,284,"Women"
204671,301,"Men"
204671,422,"Women"
204680,354,"Men"
204680,495,"Women"
204699,413,"Men"
204699,436,"Women"
204705,1283,"Men"
204705,1261,"Women"
204714,3,"Men"
204714,88,"Women"
204723,301,"Men"
204723,105,"Women"
204769,0,"Men"
204769,111,"Women"
204778,2,"Men"
204778,55,"Women"
204796,29217,"Men"
204796,32226,"Women"
204802,428,"Men"
204802,807,"Women"
204820,736,"Men"
204820,1434,"Women"
204839,584,"Men"
204839,1132,"Women"
204848,761,"Men"
204848,1366,"Women"
204857,10170,"Men"
204857,16153,"Women"
204866,623,"Men"
204866,1386,"Women"
204884,10,"Men"
204884,108,"Women"
204893,3,"Men"
204893,23,"Women"
204909,667,"Men"
204909,858,"Women"
204936,914,"Men"
204936,1418,"Women"
204945,3871,"Men"
204945,3983,"Women"
204963,5,"Men"
204963,46,"Women"
204981,50,"Men"
204981,81,"Women"
204990,50,"Men"
204990,74,"Women"
205027,86,"Men"
205027,2,"Women"
205054,31,"Men"
205054,364,"Women"
205090,9,"Men"
205090,56,"Women"
205124,64,"Men"
205124,0,"Women"
205142,60,"Men"
205142,112,"Women"
205179,129,"Men"
205179,418,"Women"
205203,929,"Men"
205203,1329,"Women"
205391,71,"Men"
205391,143,"Women"
205443,1317,"Men"
205443,1914,"Women"
205470,8364,"Men"
205470,11051,"Women"
205841,4211,"Men"
205841,5917,"Women"
205887,152,"Men"
205887,434,"Women"
205957,1853,"Men"
205957,2123,"Women"
205966,738,"Men"
205966,1489,"Women"
206011,1181,"Men"
206011,1033,"Women"
206039,0,"Men"
206039,48,"Women"
206048,1678,"Men"
206048,2153,"Women"
206084,6647,"Men"
206084,7711,"Women"
206154,17,"Men"
206154,4,"Women"
206172,4,"Men"
206172,3,"Women"
206181,43,"Men"
206181,108,"Women"
206288,311,"Men"
206288,199,"Women"
206321,23,"Men"
206321,108,"Women"
206349,95,"Men"
206349,875,"Women"
206437,951,"Men"
206437,1241,"Women"
206446,700,"Men"
206446,1325,"Women"
206491,391,"Men"
206491,447,"Women"
206507,487,"Men"
206507,553,"Women"
206516,72,"Men"
206516,50,"Women"
206525,665,"Men"
206525,620,"Women"
206589,819,"Men"
206589,919,"Women"
206604,4829,"Men"
206604,5774,"Women"
206613,552,"Men"
206613,804,"Women"
206622,2331,"Men"
206622,3170,"Women"
206695,5240,"Men"
206695,6964,"Women"
206835,459,"Men"
206835,421,"Women"
206862,905,"Men"
206862,1293,"Women"
206905,206,"Men"
206905,163,"Women"
206914,1339,"Men"
206914,2357,"Women"
206923,595,"Men"
206923,1256,"Women"
206932,37,"Men"
206932,440,"Women"
206941,4716,"Men"
206941,7838,"Women"
206996,639,"Men"
206996,1737,"Women"
207041,1281,"Men"
207041,2096,"Women"
207050,395,"Men"
207050,890,"Women"
207069,811,"Men"
207069,1373,"Women"
207087,5,"Men"
207087,34,"Women"
207102,26,"Men"
207102,60,"Women"
207157,182,"Men"
207157,116,"Women"
207209,828,"Men"
207209,1109,"Women"
207236,919,"Men"
207236,2030,"Women"
207254,751,"Men"
207254,89,"Women"
207263,2362,"Men"
207263,4389,"Women"
207281,1140,"Men"
207281,1998,"Women"
207290,711,"Men"
207290,1251,"Women"
207306,824,"Men"
207306,1255,"Women"
207315,965,"Men"
207315,1291,"Women"
207324,1245,"Men"
207324,1606,"Women"
207342,990,"Men"
207342,2690,"Women"
207351,452,"Men"
207351,569,"Women"
207388,12874,"Men"
207388,14404,"Women"
207397,1387,"Men"
207397,2572,"Women"
207403,716,"Men"
207403,853,"Women"
207449,3949,"Men"
207449,7526,"Women"
207458,1119,"Men"
207458,1847,"Women"
207500,14437,"Men"
207500,16414,"Women"
207564,1498,"Men"
207564,898,"Women"
207582,2617,"Men"
207582,3319,"Women"
207661,1283,"Men"
207661,1989,"Women"
207670,2575,"Men"
207670,5183,"Women"
207704,1,"Men"
207704,94,"Women"
207722,365,"Men"
207722,662,"Women"
207740,452,"Men"
207740,1036,"Women"
207786,1,"Men"
207786,20,"Women"
207847,2212,"Men"
207847,3639,"Women"
207856,245,"Men"
207856,154,"Women"
207865,1837,"Men"
207865,3349,"Women"
207935,5643,"Men"
207935,10012,"Women"
207962,759,"Men"
207962,133,"Women"
207971,1954,"Men"
207971,1960,"Women"
208035,411,"Men"
208035,751,"Women"
208044,3,"Men"
208044,26,"Women"
208053,190,"Men"
208053,132,"Women"
208275,649,"Men"
208275,758,"Women"
208318,1998,"Men"
208318,2334,"Women"
208390,3644,"Men"
208390,4454,"Women"
208406,2686,"Men"
208406,2859,"Women"
208415,310,"Men"
208415,444,"Women"
208433,1,"Men"
208433,57,"Women"
208479,19,"Men"
208479,153,"Women"
208512,123,"Men"
208512,409,"Women"
208637,82,"Men"
208637,154,"Women"
208646,1120,"Men"
208646,1774,"Women"
208725,31,"Men"
208725,25,"Women"
208822,1919,"Men"
208822,2997,"Women"
208859,2,"Men"
208859,41,"Women"
209038,3242,"Men"
209038,3568,"Women"
209056,1170,"Men"
209056,2334,"Women"
209065,611,"Men"
209065,1098,"Women"
209074,2243,"Men"
209074,2999,"Women"
209083,4,"Men"
209083,33,"Women"
209153,6,"Men"
209153,26,"Women"
209205,0,"Men"
209205,35,"Women"
209241,123,"Men"
209241,4,"Women"
209250,3453,"Men"
209250,3023,"Women"
209296,67,"Men"
209296,347,"Women"
209409,308,"Men"
209409,453,"Women"
209490,897,"Men"
209490,2045,"Women"
209506,2521,"Men"
209506,2778,"Women"
209542,18579,"Men"
209542,18584,"Women"
209551,10665,"Men"
209551,13739,"Women"
209603,98,"Men"
209603,368,"Women"
209612,1131,"Men"
209612,2296,"Women"
209667,2,"Men"
209667,57,"Women"
209676,9,"Men"
209676,92,"Women"
209694,3,"Men"
209694,35,"Women"
209700,37,"Men"
209700,175,"Women"
209719,0,"Men"
209719,66,"Women"
209746,9146,"Men"
209746,11715,"Women"
209807,8449,"Men"
209807,11502,"Women"
209825,1180,"Men"
209825,2105,"Women"
209922,565,"Men"
209922,793,"Women"
209940,1687,"Men"
209940,2322,"Women"
210146,1832,"Men"
210146,3281,"Women"
210155,573,"Men"
210155,978,"Women"
210234,679,"Men"
210234,804,"Women"
210270,903,"Men"
210270,1679,"Women"
210304,149,"Men"
210304,229,"Women"
210331,478,"Men"
210331,551,"Women"
210368,496,"Men"
210368,259,"Women"
210401,863,"Men"
210401,1317,"Women"
210429,1267,"Men"
210429,2455,"Women"
210438,300,"Men"
210438,659,"Women"
210492,136,"Men"
210492,119,"Women"
210571,627,"Men"
210571,753,"Women"
210599,481,"Men"
210599,405,"Women"
210605,4880,"Men"
210605,5729,"Women"
210669,567,"Men"
210669,604,"Women"
210711,2,"Men"
210711,68,"Women"
210739,1036,"Men"
210739,1936,"Women"
210748,3,"Men"
210748,67,"Women"
210775,915,"Men"
210775,1881,"Women"
210784,2,"Men"
210784,158,"Women"
210809,4010,"Men"
210809,1504,"Women"
211006,332,"Men"
211006,34,"Women"
211079,788,"Men"
211079,1148,"Women"
211088,1160,"Men"
211088,2244,"Women"
211130,13,"Men"
211130,7,"Women"
211273,68,"Men"
211273,1611,"Women"
211291,1896,"Men"
211291,2073,"Women"
211307,2555,"Men"
211307,3677,"Women"
211316,1,"Men"
211316,81,"Women"
211334,1,"Men"
211334,25,"Women"
211343,895,"Men"
211343,1422,"Women"
211431,377,"Men"
211431,2039,"Women"
211440,8977,"Men"
211440,6911,"Women"
211468,136,"Men"
211468,1154,"Women"
211477,234,"Men"
211477,450,"Women"
211556,606,"Men"
211556,1703,"Women"
211583,467,"Men"
211583,821,"Women"
211608,209,"Men"
211608,408,"Women"
211635,17,"Men"
211635,135,"Women"
211802,13,"Men"
211802,77,"Women"
211893,81,"Men"
211893,80,"Women"
211927,2911,"Men"
211927,4491,"Women"
211981,789,"Men"
211981,1410,"Women"
212009,926,"Men"
212009,1388,"Women"
212045,29,"Men"
212045,149,"Women"
212054,9738,"Men"
212054,11415,"Women"
212106,3065,"Men"
212106,5169,"Women"
212115,2407,"Men"
212115,3226,"Women"
212133,3664,"Men"
212133,5063,"Women"
212197,868,"Men"
212197,1415,"Women"
212230,1,"Men"
212230,48,"Women"
212267,3,"Men"
212267,87,"Women"
212276,0,"Men"
212276,85,"Women"
212294,5,"Men"
212294,64,"Women"
212300,5,"Men"
212300,69,"Women"
212328,4,"Men"
212328,95,"Women"
212337,4,"Men"
212337,126,"Women"
212355,3,"Men"
212355,173,"Women"
212382,5,"Men"
212382,147,"Women"
212391,1,"Men"
212391,89,"Women"
212434,179,"Men"
212434,42,"Women"
212577,877,"Men"
212577,931,"Women"
212601,1811,"Men"
212601,2378,"Women"
212656,695,"Men"
212656,671,"Women"
212674,1411,"Men"
212674,1401,"Women"
212753,3,"Men"
212753,107,"Women"
212771,63,"Men"
212771,386,"Women"
212805,1255,"Men"
212805,1128,"Women"
212832,569,"Men"
212832,1448,"Women"
212869,176,"Men"
212869,732,"Women"
212878,4269,"Men"
212878,8316,"Women"
212911,616,"Men"
212911,815,"Women"
212975,108,"Men"
212975,38,"Women"
212984,924,"Men"
212984,2301,"Women"
213011,702,"Men"
213011,1810,"Women"
213020,3478,"Men"
213020,5595,"Women"
213163,42,"Men"
213163,284,"Women"
213181,27,"Men"
213181,308,"Women"
213233,540,"Men"
213233,138,"Women"
213251,634,"Men"
213251,687,"Women"
213303,405,"Men"
213303,547,"Women"
213321,903,"Men"
213321,1036,"Women"
213330,0,"Men"
213330,14,"Women"
213349,2961,"Men"
213349,4506,"Women"
213358,935,"Men"
213358,1218,"Women"
213367,1012,"Men"
213367,2141,"Women"
213376,863,"Men"
213376,1348,"Women"
213385,1386,"Men"
213385,1389,"Women"
213400,1210,"Men"
213400,1309,"Women"
213446,25,"Men"
213446,41,"Women"
213455,3,"Men"
213455,399,"Women"
213473,8,"Men"
213473,85,"Women"
213491,1,"Men"
213491,41,"Women"
213507,887,"Men"
213507,1259,"Women"
213525,2261,"Men"
213525,3960,"Women"
213534,339,"Men"
213534,217,"Women"
213543,3975,"Men"
213543,3717,"Women"
213570,233,"Men"
213570,395,"Women"
213589,301,"Men"
213589,44,"Women"
213598,603,"Men"
213598,1067,"Women"
213622,13,"Men"
213622,84,"Women"
213631,108,"Men"
213631,146,"Women"
213659,1576,"Men"
213659,2884,"Women"
213668,498,"Men"
213668,514,"Women"
213774,186,"Men"
213774,381,"Women"
213826,822,"Men"
213826,1708,"Women"
213914,14,"Men"
213914,169,"Women"
213932,14,"Men"
213932,147,"Women"
213987,1110,"Men"
213987,1522,"Women"
213996,1292,"Men"
213996,2081,"Women"
214023,12,"Men"
214023,14,"Women"
214041,2689,"Men"
214041,4286,"Women"
214069,774,"Men"
214069,1426,"Women"
214111,3836,"Men"
214111,5442,"Women"
214148,2,"Men"
214148,547,"Women"
214157,942,"Men"
214157,1803,"Women"
214166,1015,"Men"
214166,1940,"Women"
214175,752,"Men"
214175,1036,"Women"
214272,803,"Men"
214272,1441,"Women"
214290,616,"Men"
214290,84,"Women"
214379,3108,"Men"
214379,5702,"Women"
214476,10,"Men"
214476,61,"Women"
214528,270,"Men"
214528,70,"Women"
214564,231,"Men"
214564,875,"Women"
214582,79,"Men"
214582,731,"Women"
214591,2078,"Men"
214591,1258,"Women"
214607,149,"Men"
214607,63,"Women"
214625,273,"Men"
214625,148,"Women"
214634,105,"Men"
214634,160,"Women"
214643,209,"Men"
214643,106,"Women"
214652,460,"Men"
214652,340,"Women"
214670,515,"Men"
214670,352,"Women"
214689,1272,"Men"
214689,1099,"Women"
214698,274,"Men"
214698,208,"Women"
214704,1101,"Men"
214704,783,"Women"
214713,2602,"Men"
214713,1876,"Women"
214731,773,"Men"
214731,463,"Women"
214740,221,"Men"
214740,129,"Women"
214759,191,"Men"
214759,214,"Women"
214768,281,"Men"
214768,221,"Women"
214777,26611,"Men"
214777,24126,"Women"
214786,221,"Men"
214786,131,"Women"
214795,242,"Men"
214795,340,"Women"
214801,1684,"Men"
214801,1201,"Women"
214810,230,"Men"
214810,394,"Women"
214829,419,"Men"
214829,258,"Women"
214883,220,"Men"
214883,709,"Women"
214892,122,"Men"
214892,143,"Women"
214944,684,"Men"
214944,87,"Women"
214971,14,"Men"
214971,27,"Women"
215008,62,"Men"
215008,2,"Women"
215044,20,"Men"
215044,105,"Women"
215053,130,"Men"
215053,284,"Women"
215062,12877,"Men"
215062,16232,"Women"
215114,527,"Men"
215114,570,"Women"
215123,1052,"Men"
215123,1849,"Women"
215239,4338,"Men"
215239,8588,"Women"
215266,490,"Men"
215266,519,"Women"
215275,601,"Men"
215275,720,"Women"
215284,1016,"Men"
215284,797,"Women"
215293,14987,"Men"
215293,20737,"Women"
215309,5,"Men"
215309,31,"Women"
215381,618,"Men"
215381,45,"Women"
215390,81,"Men"
215390,293,"Women"
215424,95,"Men"
215424,107,"Women"
215442,1165,"Men"
215442,2283,"Women"
215479,5,"Men"
215479,95,"Women"
215530,0,"Men"
215530,83,"Women"
215585,1822,"Men"
215585,3547,"Women"
215594,51,"Men"
215594,243,"Women"
215619,11,"Men"
215619,35,"Women"
215637,97,"Men"
215637,78,"Women"
215655,2756,"Men"
215655,2519,"Women"
215682,434,"Men"
215682,41,"Women"
215691,336,"Men"
215691,445,"Women"
215743,1163,"Men"
215743,1800,"Women"
215770,3014,"Men"
215770,4145,"Women"
215798,834,"Men"
215798,606,"Women"
215813,58,"Men"
215813,21,"Women"
215886,36,"Men"
215886,66,"Women"
215929,2031,"Men"
215929,2693,"Women"
215947,659,"Men"
215947,1268,"Women"
215974,104,"Men"
215974,611,"Women"
215992,54,"Men"
215992,109,"Women"
216010,2321,"Men"
216010,2840,"Women"
216038,3422,"Men"
216038,4954,"Women"
216047,158,"Men"
216047,12,"Women"
216074,3,"Men"
216074,180,"Women"
216083,66,"Men"
216083,194,"Women"
216162,38,"Men"
216162,291,"Women"
216223,0,"Men"
216223,49,"Women"
216278,966,"Men"
216278,1289,"Women"
216287,776,"Men"
216287,847,"Women"
216296,1294,"Men"
216296,176,"Women"
216311,112,"Men"
216311,0,"Women"
216339,12696,"Men"
216339,16944,"Women"
216348,10,"Men"
216348,2,"Women"
216357,466,"Men"
216357,484,"Women"
216366,2226,"Men"
216366,6012,"Women"
216436,18,"Men"
216436,0,"Women"
216445,28,"Men"
216445,3,"Women"
216454,19,"Men"
216454,1,"Women"
216463,115,"Men"
216463,54,"Women"
216524,783,"Men"
216524,719,"Women"
216542,287,"Men"
216542,302,"Women"
216551,80,"Men"
216551,17,"Women"
216579,3,"Men"
216579,53,"Women"
216597,4620,"Men"
216597,5421,"Women"
216630,8,"Men"
216630,29,"Women"
216667,707,"Men"
216667,602,"Women"
216694,569,"Men"
216694,662,"Women"
216746,49,"Men"
216746,6,"Women"
216764,6897,"Men"
216764,10274,"Women"
216773,32,"Men"
216773,132,"Women"
216807,587,"Men"
216807,604,"Women"
216816,758,"Men"
216816,425,"Women"
216825,1478,"Men"
216825,2512,"Women"
216852,1984,"Men"
216852,3729,"Women"
216931,1699,"Men"
216931,3682,"Women"
216940,322,"Men"
216940,0,"Women"
217013,403,"Men"
217013,1504,"Women"
217040,34,"Men"
217040,0,"Women"
217059,1562,"Men"
217059,2263,"Women"
217077,280,"Men"
217077,362,"Women"
217156,5703,"Men"
217156,6253,"Women"
217165,2289,"Men"
217165,1347,"Women"
217235,1564,"Men"
217235,2739,"Women"
217305,1050,"Men"
217305,872,"Women"
217323,606,"Men"
217323,40,"Women"
217402,2114,"Men"
217402,2552,"Women"
217420,1838,"Men"
217420,4317,"Women"
217475,4376,"Men"
217475,7899,"Women"
217484,7080,"Men"
217484,10130,"Women"
217493,725,"Men"
217493,1795,"Women"
217518,2057,"Men"
217518,2293,"Women"
217536,848,"Men"
217536,1943,"Women"
217581,4,"Men"
217581,103,"Women"
217606,65,"Men"
217606,57,"Women"
217615,745,"Men"
217615,1562,"Women"
217624,339,"Men"
217624,271,"Women"
217633,1955,"Men"
217633,2755,"Women"
217688,1419,"Men"
217688,2413,"Women"
217712,836,"Men"
217712,1625,"Women"
217721,830,"Men"
217721,861,"Women"
217749,1306,"Men"
217749,1428,"Women"
217776,351,"Men"
217776,629,"Women"
217794,3,"Men"
217794,97,"Women"
217819,3770,"Men"
217819,8156,"Women"
217837,432,"Men"
217837,996,"Women"
217864,2926,"Men"
217864,867,"Women"
217873,557,"Men"
217873,1295,"Women"
217882,13430,"Men"
217882,15647,"Women"
217891,48,"Men"
217891,78,"Women"
217907,584,"Men"
217907,741,"Women"
217925,1312,"Men"
217925,1602,"Women"
217934,334,"Men"
217934,1391,"Women"
217961,450,"Men"
217961,1337,"Women"
217989,278,"Men"
217989,397,"Women"
217998,632,"Men"
217998,280,"Women"
218025,1215,"Men"
218025,2307,"Women"
218061,1374,"Men"
218061,2738,"Women"
218070,1042,"Men"
218070,1512,"Women"
218113,4864,"Men"
218113,7135,"Women"
218140,2823,"Men"
218140,5100,"Women"
218159,6,"Men"
218159,112,"Women"
218195,2,"Men"
218195,125,"Women"
218229,1410,"Men"
218229,2968,"Women"
218238,862,"Men"
218238,945,"Women"
218335,903,"Men"
218335,2343,"Women"
218353,3515,"Men"
218353,5711,"Women"
218399,192,"Men"
218399,191,"Women"
218414,762,"Men"
218414,774,"Women"
218441,1067,"Men"
218441,1237,"Women"
218487,620,"Men"
218487,1486,"Women"
218520,1689,"Men"
218520,3454,"Women"
218539,471,"Men"
218539,624,"Women"
218645,1525,"Men"
218645,2497,"Women"
218654,738,"Men"
218654,1470,"Women"
218663,15466,"Men"
218663,23066,"Women"
218672,1136,"Men"
218672,1551,"Women"
218681,295,"Men"
218681,504,"Women"
218690,827,"Men"
218690,1018,"Women"
218706,655,"Men"
218706,747,"Women"
218724,4938,"Men"
218724,6410,"Women"
218733,1425,"Men"
218733,1817,"Women"
218742,1624,"Men"
218742,3292,"Women"
218751,180,"Men"
218751,207,"Women"
218821,480,"Men"
218821,639,"Women"
218830,2477,"Men"
218830,4176,"Women"
218858,893,"Men"
218858,1932,"Women"
218885,2718,"Men"
218885,3172,"Women"
218894,4958,"Men"
218894,8594,"Women"
218919,260,"Men"
218919,318,"Women"
218955,215,"Men"
218955,453,"Women"
218964,1566,"Men"
218964,3328,"Women"
218973,881,"Men"
218973,936,"Women"
218991,2009,"Men"
218991,2762,"Women"
219000,937,"Men"
219000,1453,"Women"
219037,0,"Men"
219037,80,"Women"
219046,1247,"Men"
219046,2099,"Women"
219082,2292,"Men"
219082,1482,"Women"
219091,426,"Men"
219091,466,"Women"
219125,5,"Men"
219125,61,"Women"
219143,1185,"Men"
219143,1127,"Women"
219189,798,"Men"
219189,388,"Women"
219198,638,"Men"
219198,646,"Women"
219204,487,"Men"
219204,416,"Women"
219240,788,"Men"
219240,451,"Women"
219259,1425,"Men"
219259,2283,"Women"
219277,359,"Men"
219277,829,"Women"
219347,1961,"Men"
219347,615,"Women"
219356,5309,"Men"
219356,6747,"Women"
219374,147,"Men"
219374,445,"Women"
219383,595,"Men"
219383,855,"Women"
219392,6,"Men"
219392,22,"Women"
219408,80,"Men"
219408,126,"Women"
219426,1119,"Men"
219426,1540,"Women"
219453,1,"Men"
219453,132,"Women"
219471,3880,"Men"
219471,6739,"Women"
219480,514,"Men"
219480,650,"Women"
219505,27,"Men"
219505,19,"Women"
219587,0,"Men"
219587,63,"Women"
219596,284,"Men"
219596,82,"Women"
219602,4151,"Men"
219602,6288,"Women"
219639,104,"Men"
219639,787,"Women"
219709,2999,"Men"
219709,5804,"Women"
219718,1359,"Men"
219718,1577,"Women"
219790,786,"Men"
219790,915,"Women"
219806,1010,"Men"
219806,1659,"Women"
219824,2850,"Men"
219824,4773,"Women"
219833,843,"Men"
219833,929,"Women"
219842,327,"Men"
219842,190,"Women"
219851,2,"Men"
219851,99,"Women"
219879,1413,"Men"
219879,1869,"Women"
219888,2195,"Men"
219888,3517,"Women"
219903,34,"Men"
219903,483,"Women"
219949,1632,"Men"
219949,1825,"Women"
219976,1832,"Men"
219976,3185,"Women"
219994,1048,"Men"
219994,580,"Women"
220057,1064,"Men"
220057,2232,"Women"
220075,5310,"Men"
220075,8418,"Women"
220118,15,"Men"
220118,237,"Women"
220127,1016,"Men"
220127,834,"Women"
220163,2,"Men"
220163,80,"Women"
220181,387,"Men"
220181,672,"Women"
220206,192,"Men"
220206,197,"Women"
220215,1002,"Men"
220215,1304,"Women"
220251,420,"Men"
220251,309,"Women"
220279,655,"Men"
220279,359,"Women"
220321,1174,"Men"
220321,1242,"Women"
220394,277,"Men"
220394,178,"Women"
220400,1124,"Men"
220400,2394,"Women"
220464,49,"Men"
220464,117,"Women"
220473,495,"Men"
220473,483,"Women"
220491,4,"Men"
220491,197,"Women"
220516,452,"Men"
220516,705,"Women"
220552,1757,"Men"
220552,9800,"Women"
220598,407,"Men"
220598,331,"Women"
220604,256,"Men"
220604,403,"Women"
220613,1415,"Men"
220613,2299,"Women"
220631,1860,"Men"
220631,4221,"Women"
220640,684,"Men"
220640,371,"Women"
220701,406,"Men"
220701,640,"Women"
220710,517,"Men"
220710,619,"Women"
220756,139,"Men"
220756,16,"Women"
220765,65,"Men"
220765,235,"Women"
220792,393,"Men"
220792,833,"Women"
220853,1445,"Men"
220853,515,"Women"
220862,8223,"Men"
220862,12053,"Women"
220871,71,"Men"
220871,86,"Women"
220978,9412,"Men"
220978,11076,"Women"
220996,130,"Men"
220996,189,"Women"
221050,559,"Men"
221050,190,"Women"
221096,2221,"Men"
221096,3759,"Women"
221102,606,"Men"
221102,322,"Women"
221148,882,"Men"
221148,85,"Women"
221184,2674,"Men"
221184,4859,"Women"
221236,1548,"Men"
221236,736,"Women"
221281,144,"Men"
221281,134,"Women"
221333,537,"Men"
221333,205,"Women"
221351,769,"Men"
221351,1092,"Women"
221397,1665,"Men"
221397,3337,"Women"
221430,1081,"Men"
221430,578,"Women"
221485,2423,"Men"
221485,4581,"Women"
221494,521,"Men"
221494,102,"Women"
221519,818,"Men"
221519,906,"Women"
221582,383,"Men"
221582,176,"Women"
221591,548,"Men"
221591,220,"Women"
221607,521,"Men"
221607,291,"Women"
221616,1816,"Men"
221616,1301,"Women"
221625,992,"Men"
221625,589,"Women"
221643,4356,"Men"
221643,5043,"Women"
221661,1437,"Men"
221661,1792,"Women"
221670,171,"Men"
221670,359,"Women"
221731,444,"Men"
221731,754,"Women"
221740,4832,"Men"
221740,6943,"Women"
221759,17837,"Men"
221759,20891,"Women"
221768,2756,"Men"
221768,4743,"Women"
221829,6,"Men"
221829,317,"Women"
221838,2183,"Men"
221838,4127,"Women"
221847,5549,"Men"
221847,4962,"Women"
221892,1082,"Men"
221892,2113,"Women"
221908,2706,"Men"
221908,3051,"Women"
221953,560,"Men"
221953,543,"Women"
221971,968,"Men"
221971,1745,"Women"
221999,5934,"Men"
221999,7641,"Women"
222053,2633,"Men"
222053,4330,"Women"
222062,2113,"Men"
222062,3786,"Women"
222105,438,"Men"
222105,30,"Women"
222178,1805,"Men"
222178,3414,"Women"
222567,2430,"Men"
222567,3442,"Women"
222576,3370,"Men"
222576,5892,"Women"
222628,260,"Men"
222628,632,"Women"
222822,1408,"Men"
222822,2482,"Women"
222831,4760,"Men"
222831,6782,"Women"
222877,204,"Men"
222877,98,"Women"
222886,37,"Men"
222886,525,"Women"
222983,575,"Men"
222983,642,"Women"
222992,17089,"Men"
222992,22638,"Women"
223001,62,"Men"
223001,93,"Women"
223056,2,"Men"
223056,29,"Women"
223083,96,"Men"
223083,479,"Women"
223117,66,"Men"
223117,9,"Women"
223223,723,"Men"
223223,1051,"Women"
223232,8103,"Men"
223232,12523,"Women"
223320,1468,"Men"
223320,2791,"Women"
223427,8685,"Men"
223427,9410,"Women"
223463,94,"Men"
223463,156,"Women"
223472,21,"Men"
223472,179,"Women"
223506,1702,"Men"
223506,2110,"Women"
223816,3483,"Men"
223816,4890,"Women"
223852,1,"Men"
223852,68,"Women"
223898,1198,"Men"
223898,1962,"Women"
223922,668,"Men"
223922,896,"Women"
224004,490,"Men"
224004,906,"Women"
224013,1,"Men"
224013,54,"Women"
224110,3422,"Men"
224110,4684,"Women"
224147,4465,"Men"
224147,6801,"Women"
224156,12,"Men"
224156,316,"Women"
224226,1672,"Men"
224226,2452,"Women"
224244,157,"Men"
224244,91,"Women"
224271,83,"Men"
224271,371,"Women"
224305,1466,"Men"
224305,1123,"Women"
224323,1047,"Men"
224323,1031,"Women"
224350,4444,"Men"
224350,5812,"Women"
224527,850,"Men"
224527,963,"Women"
224545,898,"Men"
224545,1514,"Women"
224554,5189,"Men"
224554,8063,"Women"
224615,28600,"Men"
224615,41149,"Women"
224642,10893,"Men"
224642,14674,"Women"
224660,325,"Men"
224660,286,"Women"
224679,1029,"Men"
224679,177,"Women"
224712,34,"Men"
224712,75,"Women"
224758,0,"Men"
224758,14,"Women"
224891,846,"Men"
224891,955,"Women"
224961,838,"Men"
224961,1567,"Women"
225043,6,"Men"
225043,2,"Women"
225070,1685,"Men"
225070,2639,"Women"
225201,544,"Men"
225201,292,"Women"
225247,772,"Men"
225247,893,"Women"
225308,2429,"Men"
225308,3532,"Women"
225371,1626,"Men"
225371,2532,"Women"
225399,1554,"Men"
225399,2722,"Women"
225414,3106,"Men"
225414,5031,"Women"
225423,22304,"Men"
225423,30949,"Women"
225432,5200,"Men"
225432,8530,"Women"
225502,1280,"Men"
225502,2306,"Women"
225511,22942,"Men"
225511,25038,"Women"
225520,1552,"Men"
225520,2549,"Women"
225548,427,"Men"
225548,382,"Women"
225575,486,"Men"
225575,573,"Women"
225627,2665,"Men"
225627,4382,"Women"
225876,238,"Men"
225876,280,"Women"
225885,283,"Men"
225885,339,"Women"
225991,42,"Men"
225991,28,"Women"
226019,2910,"Men"
226019,4288,"Women"
226091,6190,"Men"
226091,11582,"Women"
226107,1365,"Men"
226107,2264,"Women"
226116,2150,"Men"
226116,2530,"Women"
226134,4674,"Men"
226134,6355,"Women"
226152,3403,"Men"
226152,5588,"Women"
226204,4235,"Men"
226204,4088,"Women"
226231,1798,"Men"
226231,1532,"Women"
226277,1414,"Men"
226277,125,"Women"
226383,596,"Men"
226383,999,"Women"
226408,1904,"Men"
226408,3223,"Women"
226471,1217,"Men"
226471,2104,"Women"
226578,2581,"Men"
226578,5269,"Women"
226587,1529,"Men"
226587,1646,"Women"
226675,59,"Men"
226675,301,"Women"
226806,2283,"Men"
226806,3407,"Women"
226833,1924,"Men"
226833,3400,"Women"
226860,0,"Men"
226860,73,"Women"
226879,55,"Men"
226879,197,"Women"
226903,250,"Men"
226903,496,"Women"
227058,1,"Men"
227058,43,"Women"
227146,2401,"Men"
227146,4156,"Women"
227182,30529,"Men"
227182,42548,"Women"
227216,21515,"Men"
227216,25349,"Women"
227225,1226,"Men"
227225,1982,"Women"
227289,116,"Men"
227289,57,"Women"
227298,180,"Men"
227298,12,"Women"
227304,4327,"Men"
227304,5654,"Women"
227313,9,"Men"
227313,365,"Women"
227322,14,"Men"
227322,486,"Women"
227331,490,"Men"
227331,1478,"Women"
227368,14150,"Men"
227368,19731,"Women"
227377,3835,"Men"
227377,4993,"Women"
227386,893,"Men"
227386,1798,"Women"
227401,1709,"Men"
227401,2824,"Women"
227429,221,"Men"
227429,407,"Women"
227526,3363,"Men"
227526,6559,"Women"
227687,1121,"Men"
227687,1401,"Women"
227748,333,"Men"
227748,27,"Women"
227757,4983,"Men"
227757,3978,"Women"
227845,1156,"Men"
227845,1877,"Women"
227854,7500,"Men"
227854,9799,"Women"
227863,1870,"Men"
227863,2431,"Women"
227881,7703,"Men"
227881,13336,"Women"
227924,7682,"Men"
227924,12219,"Women"
227979,13026,"Men"
227979,18786,"Women"
228042,581,"Men"
228042,745,"Women"
228088,0,"Men"
228088,38,"Women"
228149,1402,"Men"
228149,2054,"Women"
228158,3592,"Men"
228158,5506,"Women"
228185,18,"Men"
228185,5,"Women"
228194,464,"Men"
228194,625,"Women"
228200,295,"Men"
228200,226,"Women"
228219,311,"Men"
228219,235,"Women"
228246,6048,"Men"
228246,6068,"Women"
228282,2,"Men"
228282,19,"Women"
228316,2728,"Men"
228316,3797,"Women"
228325,901,"Men"
228325,893,"Women"
228343,653,"Men"
228343,787,"Women"
228431,3742,"Men"
228431,6730,"Women"
228459,16264,"Men"
228459,24410,"Women"
228468,330,"Men"
228468,434,"Women"
228486,62,"Men"
228486,48,"Women"
228501,967,"Men"
228501,1417,"Women"
228529,6669,"Men"
228529,10764,"Women"
228547,18463,"Men"
228547,25465,"Women"
228608,1793,"Men"
228608,3481,"Women"
228635,1119,"Men"
228635,1430,"Women"
228644,1296,"Men"
228644,2490,"Women"
228653,1002,"Men"
228653,2239,"Women"
228699,1689,"Men"
228699,2601,"Women"
228705,3310,"Men"
228705,3554,"Women"
228723,41363,"Men"
228723,36958,"Women"
228769,17909,"Men"
228769,27047,"Women"
228778,23614,"Men"
228778,30250,"Women"
228787,16880,"Men"
228787,13006,"Women"
228796,11230,"Men"
228796,13809,"Women"
228802,3757,"Men"
228802,6605,"Women"
228866,146,"Men"
228866,115,"Women"
228875,5018,"Men"
228875,7920,"Women"
228884,390,"Men"
228884,224,"Women"
228909,775,"Men"
228909,1557,"Women"
228981,658,"Men"
228981,765,"Women"
229018,2206,"Men"
229018,3379,"Women"
229027,17292,"Men"
229027,18478,"Women"
229063,3088,"Men"
229063,5616,"Women"
229115,19861,"Men"
229115,20896,"Women"
229160,1038,"Men"
229160,1449,"Women"
229179,1704,"Men"
229179,13657,"Women"
229267,1209,"Men"
229267,1478,"Women"
229300,1519,"Men"
229300,3419,"Women"
229337,1249,"Men"
229337,3849,"Women"
229355,4341,"Men"
229355,7544,"Women"
229416,2418,"Men"
229416,214,"Women"
229425,0,"Men"
229425,53,"Women"
229504,808,"Men"
229504,1491,"Women"
229522,14,"Men"
229522,59,"Women"
229540,1147,"Men"
229540,2129,"Women"
229656,2,"Men"
229656,342,"Women"
229780,1370,"Men"
229780,1439,"Women"
229799,2357,"Men"
229799,4163,"Women"
229814,3745,"Men"
229814,5300,"Women"
229832,665,"Men"
229832,720,"Women"
229841,2321,"Men"
229841,3183,"Women"
229887,358,"Men"
229887,425,"Women"
230010,926,"Men"
230010,756,"Women"
230038,17517,"Men"
230038,18356,"Women"
230047,1214,"Men"
230047,1692,"Women"
230065,4,"Men"
230065,253,"Women"
230144,2,"Men"
230144,68,"Women"
230162,2602,"Men"
230162,1586,"Women"
230171,5544,"Men"
230171,7623,"Women"
230199,2,"Men"
230199,49,"Women"
230205,0,"Men"
230205,66,"Women"
230214,32,"Men"
230214,255,"Women"
230366,48,"Men"
230366,362,"Women"
230418,3632,"Men"
230418,3962,"Women"
230490,2719,"Men"
230490,1488,"Women"
230597,2466,"Men"
230597,3111,"Women"
230603,6598,"Men"
230603,8846,"Women"
230676,1455,"Men"
230676,547,"Women"
230728,13113,"Men"
230728,15791,"Women"
230737,23390,"Men"
230737,23417,"Women"
230746,12305,"Men"
230746,15132,"Women"
230764,18931,"Men"
230764,17963,"Women"
230782,14119,"Men"
230782,18582,"Women"
230807,439,"Men"
230807,716,"Women"
230816,247,"Men"
230816,680,"Women"
230852,1932,"Men"
230852,1327,"Women"
230861,1550,"Men"
230861,3478,"Women"
230959,1296,"Men"
230959,1507,"Women"
230995,2129,"Men"
230995,1020,"Women"
231004,8,"Men"
231004,72,"Women"
231059,575,"Men"
231059,748,"Women"
231068,165,"Men"
231068,479,"Women"
231095,25,"Men"
231095,32,"Women"
231147,222,"Men"
231147,500,"Women"
231165,2071,"Men"
231165,3022,"Women"
231174,5401,"Men"
231174,9075,"Women"
231280,13,"Men"
231280,156,"Women"
231411,373,"Men"
231411,42,"Women"
231420,662,"Men"
231420,814,"Women"
231536,1498,"Men"
231536,2292,"Women"
231554,459,"Men"
231554,500,"Women"
231581,757,"Men"
231581,691,"Women"
231624,4053,"Men"
231624,5765,"Women"
231651,3888,"Men"
231651,6769,"Women"
231688,0,"Men"
231688,24,"Women"
231697,1446,"Men"
231697,2035,"Women"
231712,2113,"Men"
231712,2341,"Women"
231785,281,"Men"
231785,1436,"Women"
231873,376,"Men"
231873,613,"Women"
231882,985,"Men"
231882,1480,"Women"
231970,417,"Men"
231970,799,"Women"
232025,541,"Men"
232025,770,"Women"
232043,418,"Men"
232043,736,"Women"
232052,338,"Men"
232052,521,"Women"
232089,449,"Men"
232089,314,"Women"
232186,19381,"Men"
232186,20385,"Women"
232195,3294,"Men"
232195,5250,"Women"
232256,946,"Men"
232256,0,"Women"
232265,1390,"Men"
232265,2854,"Women"
232308,12,"Men"
232308,749,"Women"
232414,3716,"Men"
232414,4965,"Women"
232423,9698,"Men"
232423,13042,"Women"
232450,3956,"Men"
232450,5424,"Women"
232557,44264,"Men"
232557,60063,"Women"
232566,1316,"Men"
232566,3296,"Women"
232575,2366,"Men"
232575,3536,"Women"
232609,907,"Men"
232609,1409,"Women"
232618,19,"Men"
232618,200,"Women"
232672,420,"Men"
232672,1352,"Women"
232681,1364,"Men"
232681,2462,"Women"
232706,1722,"Men"
232706,2338,"Women"
232724,2,"Men"
232724,28,"Women"
232788,819,"Men"
232788,1297,"Women"
232797,214,"Men"
232797,556,"Women"
232867,2204,"Men"
232867,2050,"Women"
232885,26,"Men"
232885,286,"Women"
232919,308,"Men"
232919,59,"Women"
232937,1982,"Men"
232937,4071,"Women"
232946,27390,"Men"
232946,29067,"Women"
232982,10454,"Men"
232982,13289,"Women"
233019,854,"Men"
233019,1054,"Women"
233037,475,"Men"
233037,744,"Women"
233082,14,"Men"
233082,137,"Women"
233116,2236,"Men"
233116,3027,"Women"
233277,2555,"Men"
233277,5257,"Women"
233286,22,"Men"
233286,153,"Women"
233295,777,"Men"
233295,910,"Women"
233301,332,"Men"
233301,484,"Women"
233310,1140,"Men"
233310,1822,"Women"
233329,14,"Men"
233329,385,"Women"
233338,1185,"Men"
233338,1603,"Women"
233356,59,"Men"
233356,532,"Women"
233374,1649,"Men"
233374,2073,"Women"
233408,30,"Men"
233408,320,"Women"
233426,862,"Men"
233426,942,"Women"
233480,6,"Men"
233480,29,"Women"
233541,1338,"Men"
233541,3116,"Women"
233602,40,"Men"
233602,24,"Women"
233611,497,"Men"
233611,439,"Women"
233639,1154,"Men"
233639,2152,"Women"
233648,910,"Men"
233648,1454,"Women"
233666,2,"Men"
233666,22,"Women"
233684,628,"Men"
233684,1370,"Women"
233718,0,"Men"
233718,444,"Women"
233754,2734,"Men"
233754,3676,"Women"
233772,7251,"Men"
233772,9633,"Women"
233842,53,"Men"
233842,106,"Women"
233897,824,"Men"
233897,1343,"Women"
233903,743,"Men"
233903,1339,"Women"
233921,21926,"Men"
233921,16931,"Women"
233949,2760,"Men"
233949,3572,"Women"
234030,10189,"Men"
234030,18275,"Women"
234076,11946,"Men"
234076,14463,"Women"
234085,1307,"Men"
234085,220,"Women"
234119,66,"Men"
234119,78,"Women"
234137,231,"Men"
234137,350,"Women"
234155,2259,"Men"
234155,3346,"Women"
234164,807,"Men"
234164,839,"Women"
234173,866,"Men"
234173,987,"Women"
234207,1115,"Men"
234207,1126,"Women"
234377,805,"Men"
234377,1302,"Women"
234669,5478,"Men"
234669,7007,"Women"
234696,963,"Men"
234696,1084,"Women"
234711,719,"Men"
234711,1138,"Women"
234827,4795,"Men"
234827,6016,"Women"
234845,889,"Men"
234845,1355,"Women"
234915,881,"Men"
234915,1126,"Women"
234924,31,"Men"
234924,225,"Women"
234933,2928,"Men"
234933,4535,"Women"
234951,1377,"Men"
234951,2031,"Women"
234979,3250,"Men"
234979,4260,"Women"
235024,144,"Men"
235024,361,"Women"
235088,185,"Men"
235088,13,"Women"
235097,4223,"Men"
235097,6269,"Women"
235103,2891,"Men"
235103,3658,"Women"
235149,2730,"Men"
235149,3968,"Women"
235167,986,"Men"
235167,1504,"Women"
235237,3037,"Men"
235237,5100,"Women"
235316,3263,"Men"
235316,4207,"Women"
235334,739,"Men"
235334,838,"Women"
235343,3796,"Men"
235343,4171,"Women"
235352,30,"Men"
235352,101,"Women"
235422,206,"Men"
235422,731,"Women"
235431,2037,"Men"
235431,3555,"Women"
235547,92,"Men"
235547,642,"Women"
235671,2400,"Men"
235671,1683,"Women"
235699,1530,"Men"
235699,2034,"Women"
235750,869,"Men"
235750,1855,"Women"
236018,12,"Men"
236018,28,"Women"
236072,2080,"Men"
236072,3489,"Women"
236133,401,"Men"
236133,652,"Women"
236188,2460,"Men"
236188,3324,"Women"
236212,886,"Men"
236212,186,"Women"
236230,979,"Men"
236230,1818,"Women"
236258,769,"Men"
236258,1384,"Women"
236328,759,"Men"
236328,1105,"Women"
236382,1652,"Men"
236382,1172,"Women"
236452,591,"Men"
236452,799,"Women"
236504,3614,"Men"
236504,1596,"Women"
236513,2306,"Men"
236513,3090,"Women"
236577,763,"Men"
236577,1498,"Women"
236595,2639,"Men"
236595,4550,"Women"
236610,1844,"Men"
236610,2633,"Women"
236638,1693,"Men"
236638,2335,"Women"
236656,1948,"Men"
236656,2923,"Women"
236692,2955,"Men"
236692,3858,"Women"
236708,1710,"Men"
236708,2609,"Women"
236744,4,"Men"
236744,46,"Women"
236753,2177,"Men"
236753,4022,"Women"
236887,1445,"Men"
236887,1522,"Women"
236896,699,"Men"
236896,727,"Women"
236939,11714,"Men"
236939,13971,"Women"
236948,29577,"Men"
236948,27420,"Women"
236975,1153,"Men"
236975,1914,"Women"
237011,6292,"Men"
237011,8418,"Women"
237039,1510,"Men"
237039,2164,"Women"
237057,672,"Men"
237057,889,"Women"
237066,991,"Men"
237066,1323,"Women"
237109,1215,"Men"
237109,2594,"Women"
237127,1,"Men"
237127,48,"Women"
237136,124,"Men"
237136,99,"Women"
237145,1,"Men"
237145,16,"Women"
237172,46,"Men"
237172,32,"Women"
237181,376,"Men"
237181,264,"Women"
237215,454,"Men"
237215,687,"Women"
237242,25,"Men"
237242,26,"Women"
237303,13,"Men"
237303,33,"Women"
237312,1873,"Men"
237312,1189,"Women"
237321,5,"Men"
237321,42,"Women"
237330,740,"Men"
237330,1203,"Women"
237358,285,"Men"
237358,376,"Women"
237367,1374,"Men"
237367,1931,"Women"
237385,834,"Men"
237385,931,"Women"
237437,60,"Men"
237437,122,"Women"
237473,93,"Men"
237473,6,"Women"
237491,4,"Men"
237491,14,"Women"
237525,4861,"Men"
237525,7097,"Women"
237543,41,"Men"
237543,79,"Women"
237561,14,"Men"
237561,29,"Women"
237570,2,"Men"
237570,66,"Women"
237686,1071,"Men"
237686,1657,"Women"
237701,411,"Men"
237701,666,"Women"
237729,79,"Men"
237729,89,"Women"
237783,390,"Men"
237783,693,"Women"
237792,1273,"Men"
237792,2066,"Women"
237817,484,"Men"
237817,998,"Women"
237844,50,"Men"
237844,59,"Women"
237880,396,"Men"
237880,439,"Women"
237899,1361,"Men"
237899,1885,"Women"
237905,12,"Men"
237905,52,"Women"
237932,875,"Men"
237932,1424,"Women"
237950,671,"Men"
237950,607,"Women"
237969,498,"Men"
237969,557,"Women"
237987,51,"Men"
237987,343,"Women"
237996,87,"Men"
237996,586,"Women"
238005,9,"Men"
238005,77,"Women"
238014,570,"Men"
238014,955,"Women"
238032,11183,"Men"
238032,12460,"Women"
238078,433,"Men"
238078,341,"Women"
238096,0,"Men"
238096,31,"Women"
238175,2,"Men"
238175,107,"Women"
238193,148,"Men"
238193,1169,"Women"
238263,6060,"Men"
238263,7581,"Women"
238324,169,"Men"
238324,758,"Women"
238333,488,"Men"
238333,516,"Women"
238397,1043,"Men"
238397,1768,"Women"
238458,996,"Men"
238458,2142,"Women"
238476,1222,"Men"
238476,1622,"Women"
238616,2216,"Men"
238616,3037,"Women"
238661,912,"Men"
238661,1547,"Women"
238722,5706,"Men"
238722,4964,"Women"
238759,4764,"Men"
238759,5336,"Women"
238810,2,"Men"
238810,58,"Women"
238980,1213,"Men"
238980,1600,"Women"
239008,1693,"Men"
239008,1610,"Women"
239017,683,"Men"
239017,734,"Women"
239071,446,"Men"
239071,514,"Women"
239080,422,"Men"
239080,824,"Women"
239105,4954,"Men"
239105,6792,"Women"
239169,692,"Men"
239169,985,"Women"
239220,1390,"Men"
239220,1754,"Women"
239248,5503,"Men"
239248,8289,"Women"
239309,160,"Men"
239309,678,"Women"
239318,2070,"Men"
239318,883,"Women"
239372,1838,"Men"
239372,2333,"Women"
239390,79,"Men"
239390,1103,"Women"
239424,124,"Men"
239424,19,"Women"
239442,526,"Men"
239442,858,"Women"
239460,2880,"Men"
239460,3866,"Women"
239488,5061,"Men"
239488,6765,"Women"
239512,166,"Men"
239512,120,"Women"
239628,388,"Men"
239628,321,"Women"
239637,116,"Men"
239637,12,"Women"
239716,912,"Men"
239716,1120,"Women"
239877,2,"Men"
239877,55,"Women"
239910,1227,"Men"
239910,1622,"Women"
240107,547,"Men"
240107,1547,"Women"
240116,3834,"Men"
240116,4496,"Women"
240125,4436,"Men"
240125,3931,"Women"
240170,1659,"Men"
240170,1966,"Women"
240189,5719,"Men"
240189,6027,"Women"
240198,1205,"Men"
240198,1735,"Women"
240213,13,"Men"
240213,65,"Women"
240268,3970,"Men"
240268,6079,"Women"
240277,4349,"Men"
240277,6825,"Women"
240329,4377,"Men"
240329,6069,"Women"
240338,500,"Men"
240338,527,"Women"
240365,5327,"Men"
240365,7626,"Women"
240374,1750,"Men"
240374,2175,"Women"
240392,683,"Men"
240392,4591,"Women"
240417,3709,"Men"
240417,3217,"Women"
240426,891,"Men"
240426,1942,"Women"
240444,23932,"Men"
240444,27112,"Women"
240453,9606,"Men"
240453,12844,"Women"
240462,3908,"Men"
240462,2481,"Women"
240471,1952,"Men"
240471,3291,"Women"
240480,3428,"Men"
240480,4805,"Women"
240505,1505,"Men"
240505,1898,"Women"
240514,928,"Men"
240514,1277,"Women"
240596,589,"Men"
240596,868,"Women"
240620,1499,"Men"
240620,2694,"Women"
240657,663,"Men"
240657,823,"Women"
240666,1538,"Men"
240666,1996,"Women"
240693,1069,"Men"
240693,1584,"Women"
240709,4,"Men"
240709,43,"Women"
240718,1223,"Men"
240718,112,"Women"
240727,4848,"Men"
240727,5965,"Women"
240736,251,"Men"
240736,592,"Women"
240745,615,"Men"
240745,815,"Women"
240754,1198,"Men"
240754,1698,"Women"
240790,465,"Men"
240790,774,"Women"
240879,24,"Men"
240879,69,"Women"
241146,42,"Men"
241146,126,"Women"
241182,56,"Men"
241182,230,"Women"
241191,380,"Men"
241191,559,"Women"
241216,902,"Men"
241216,638,"Women"
241225,218,"Men"
241225,480,"Women"
241304,691,"Men"
241304,1985,"Women"
241331,414,"Men"
241331,2090,"Women"
241377,326,"Men"
241377,631,"Women"
241386,42,"Men"
241386,85,"Women"
241395,161,"Men"
241395,479,"Women"
241410,1919,"Men"
241410,3649,"Women"
241517,37,"Men"
241517,82,"Women"
241614,133,"Men"
241614,133,"Women"
241720,209,"Men"
241720,282,"Women"
241739,2046,"Men"
241739,4051,"Women"
241766,238,"Men"
241766,109,"Women"
241793,182,"Men"
241793,176,"Women"
241836,323,"Men"
241836,742,"Women"
241906,82,"Men"
241906,155,"Women"
241951,101,"Men"
241951,365,"Women"
242042,222,"Men"
242042,101,"Women"
242112,200,"Men"
242112,230,"Women"
242121,72,"Men"
242121,101,"Women"
242130,63,"Men"
242130,276,"Women"
242149,90,"Men"
242149,283,"Women"
242556,129,"Men"
242556,87,"Women"
242583,129,"Men"
242583,50,"Women"
242617,1395,"Men"
242617,1719,"Women"
242626,1228,"Men"
242626,1933,"Women"
242635,889,"Men"
242635,1735,"Women"
242644,365,"Men"
242644,655,"Women"
242653,1526,"Men"
242653,2575,"Women"
242662,1050,"Men"
242662,1875,"Women"
242680,471,"Men"
242680,726,"Women"
242699,794,"Men"
242699,1693,"Women"
242705,2029,"Men"
242705,1527,"Women"
242723,254,"Men"
242723,438,"Women"
242820,340,"Men"
242820,91,"Women"
242945,67,"Men"
242945,89,"Women"
242954,19,"Men"
242954,57,"Women"
242972,10730,"Men"
242972,20064,"Women"
243081,335,"Men"
243081,635,"Women"
243106,860,"Men"
243106,1068,"Women"
243115,1092,"Men"
243115,1612,"Women"
243133,1452,"Men"
243133,1399,"Women"
243142,890,"Men"
243142,1686,"Women"
243151,665,"Men"
243151,1428,"Women"
243179,853,"Men"
243179,1724,"Women"
243188,171,"Men"
243188,163,"Women"
243197,5897,"Men"
243197,4721,"Women"
243203,613,"Men"
243203,1331,"Women"
243212,1100,"Men"
243212,1273,"Women"
243221,4380,"Men"
243221,6932,"Women"
243346,1943,"Men"
243346,3242,"Women"
243443,1690,"Men"
243443,3347,"Women"
243498,74,"Men"
243498,61,"Women"
243568,236,"Men"
243568,368,"Women"
243577,2947,"Men"
243577,1276,"Women"
243586,235,"Men"
243586,444,"Women"
243601,3750,"Men"
243601,6159,"Women"
243638,642,"Men"
243638,1087,"Women"
243647,151,"Men"
243647,242,"Women"
243665,545,"Men"
243665,1247,"Women"
243744,9667,"Men"
243744,8958,"Women"
243780,34856,"Men"
243780,23802,"Women"
243823,1001,"Men"
243823,1307,"Women"
243832,408,"Men"
243832,1105,"Women"
243841,60,"Men"
243841,379,"Women"
244233,79,"Men"
244233,226,"Women"
244279,10,"Men"
244279,153,"Women"
244437,6839,"Men"
244437,10598,"Women"
244446,1291,"Men"
244446,1991,"Women"
244613,417,"Men"
244613,26,"Women"
245281,42,"Men"
245281,56,"Women"
245625,361,"Men"
245625,583,"Women"
245652,249,"Men"
245652,218,"Women"
245777,61,"Men"
245777,0,"Women"
245838,297,"Men"
245838,613,"Women"
245847,67,"Men"
245847,196,"Women"
245865,181,"Men"
245865,811,"Women"
245883,138,"Men"
245883,633,"Women"
245892,116,"Men"
245892,370,"Women"
245953,761,"Men"
245953,1636,"Women"
245962,33,"Men"
245962,356,"Women"
245980,4,"Men"
245980,34,"Women"
245999,1441,"Men"
245999,1393,"Women"
246017,601,"Men"
246017,558,"Women"
246035,108,"Men"
246035,146,"Women"
246071,8,"Men"
246071,105,"Women"
246354,4762,"Men"
246354,7633,"Women"
246415,0,"Men"
246415,39,"Women"
246460,10,"Men"
246460,112,"Women"
246789,84,"Men"
246789,71,"Women"
246813,1601,"Men"
246813,2858,"Women"
246895,183,"Men"
246895,412,"Women"
246974,44,"Men"
246974,282,"Women"
247010,1,"Men"
247010,91,"Women"
247047,1,"Men"
247047,110,"Women"
247065,36,"Men"
247065,500,"Women"
247153,53,"Men"
247153,143,"Women"
247162,23,"Men"
247162,40,"Women"
247409,6,"Men"
247409,78,"Women"
247603,1221,"Men"
247603,1026,"Women"
247649,382,"Men"
247649,290,"Women"
247773,75,"Men"
247773,0,"Women"
247834,17908,"Men"
247834,21640,"Women"
247940,2090,"Men"
247940,2785,"Women"
248192,0,"Men"
248192,17,"Women"
248527,1,"Men"
248527,92,"Women"
248606,772,"Men"
248606,631,"Women"
248624,15,"Men"
248624,56,"Women"
248633,4,"Men"
248633,56,"Women"
248660,27,"Men"
248660,60,"Women"
248703,4,"Men"
248703,269,"Women"
248925,784,"Men"
248925,317,"Women"
248934,5156,"Men"
248934,7416,"Women"
249061,2,"Men"
249061,50,"Women"
249238,17,"Men"
249238,271,"Women"
249609,15,"Men"
249609,0,"Women"
250027,125,"Men"
250027,393,"Women"
250285,341,"Men"
250285,44,"Women"
250744,81,"Men"
250744,356,"Women"
250902,7,"Men"
250902,81,"Women"
250993,251,"Men"
250993,267,"Women"
251260,2230,"Men"
251260,2833,"Women"
251312,111,"Men"
251312,393,"Women"
260363,4,"Men"
260363,12,"Women"
260372,47,"Men"
260372,157,"Women"
260664,134,"Men"
260664,57,"Women"
260691,209,"Men"
260691,496,"Women"
260789,82,"Men"
260789,488,"Women"
260929,10,"Men"
260929,173,"Women"
260965,1,"Men"
260965,96,"Women"
261436,68,"Men"
261436,709,"Women"
261676,1,"Men"
261676,38,"Women"
261685,0,"Men"
261685,51,"Women"
261719,1,"Men"
261719,163,"Women"
261773,2,"Men"
261773,30,"Women"
262031,2491,"Men"
262031,3652,"Women"
262086,2578,"Men"
262086,6418,"Women"
262129,407,"Men"
262129,474,"Women"
262165,20,"Men"
262165,16,"Women"
262341,571,"Men"
262341,121,"Women"
262457,51,"Men"
262457,396,"Women"
262466,5,"Men"
262466,7,"Women"
362700,22,"Men"
362700,261,"Women"
363013,0,"Men"
363013,38,"Women"
363147,4,"Men"
363147,335,"Women"
363165,837,"Men"
363165,789,"Women"
363633,314,"Men"
363633,429,"Women"
363679,1,"Men"
363679,181,"Women"
363712,60,"Men"
363712,0,"Women"
363882,1,"Men"
363882,72,"Women"
363907,296,"Men"
363907,295,"Women"
363916,59,"Men"
363916,133,"Women"
363934,731,"Men"
363934,202,"Women"
364016,2640,"Men"
364016,3508,"Women"
364025,7250,"Men"
364025,7835,"Women"
364548,160,"Men"
364548,154,"Women"
364575,4,"Men"
364575,24,"Women"
364627,212,"Men"
364627,208,"Women"
364636,34,"Men"
364636,134,"Women"
364946,171,"Men"
364946,187,"Women"
364964,2,"Men"
364964,13,"Women"
365091,18,"Men"
365091,228,"Women"
365125,2,"Men"
365125,191,"Women"
365198,358,"Men"
365198,321,"Women"
365213,321,"Men"
365213,311,"Women"
365240,8,"Men"
365240,4,"Women"
365374,1151,"Men"
365374,1046,"Women"
365383,11,"Men"
365383,74,"Women"
365480,517,"Men"
365480,492,"Women"
365505,2,"Men"
365505,25,"Women"
365693,2,"Men"
365693,159,"Women"
365763,8,"Men"
365763,28,"Women"
365824,3,"Men"
365824,127,"Women"
365833,5,"Men"
365833,129,"Women"
366003,199,"Men"
366003,272,"Women"
366155,18,"Men"
366155,17,"Women"
366191,1075,"Men"
366191,81,"Women"
366252,2938,"Men"
366252,1637,"Women"
366261,75,"Men"
366261,179,"Women"
366270,15,"Men"
366270,311,"Women"
366340,107,"Men"
366340,185,"Women"
366368,27,"Men"
366368,79,"Women"
366395,8951,"Men"
366395,11022,"Women"
366401,3999,"Men"
366401,4104,"Women"
366465,742,"Men"
366465,1558,"Women"
366535,46,"Men"
366535,211,"Women"
366553,284,"Men"
366553,266,"Women"
366571,2,"Men"
366571,19,"Women"
366623,128,"Men"
366623,159,"Women"
366711,6721,"Men"
366711,9516,"Women"
367088,1,"Men"
367088,108,"Women"
367103,88,"Men"
367103,13,"Women"
367112,0,"Men"
367112,8,"Women"
367158,2,"Men"
367158,73,"Women"
367361,44,"Men"
367361,21,"Women"
367431,1,"Men"
367431,14,"Women"
367459,3615,"Men"
367459,4797,"Women"
367875,250,"Men"
367875,445,"Women"
367954,1156,"Men"
367954,3214,"Women"
367972,41,"Men"
367972,312,"Women"
367981,2,"Men"
367981,84,"Women"
368230,9,"Men"
368230,155,"Women"
368364,183,"Men"
368364,149,"Women"
368407,0,"Men"
368407,23,"Women"
368452,110,"Men"
368452,137,"Women"
368629,107,"Men"
368629,364,"Women"
368647,2,"Men"
368647,12,"Women"
368771,46,"Men"
368771,163,"Women"
368832,11,"Men"
368832,32,"Women"
368911,645,"Men"
368911,1258,"Women"
369002,101,"Men"
369002,172,"Women"
369400,740,"Men"
369400,48,"Women"
369419,299,"Men"
369419,282,"Women"
369446,1,"Men"
369446,54,"Women"
369455,39,"Men"
369455,144,"Women"
369516,17,"Men"
369516,136,"Women"
369668,60,"Men"
369668,111,"Women"
369686,111,"Men"
369686,194,"Women"
369783,12,"Men"
369783,244,"Women"
369950,79,"Men"
369950,10,"Women"
371052,77,"Men"
371052,238,"Women"
371690,138,"Men"
371690,815,"Women"
371830,60,"Men"
371830,31,"Women"
371928,26,"Men"
371928,75,"Women"
371964,405,"Men"
371964,110,"Women"
372028,9,"Men"
372028,62,"Women"
372073,31,"Men"
372073,143,"Women"
372082,12,"Men"
372082,59,"Women"
372240,0,"Men"
372240,44,"Women"
372329,37,"Men"
372329,260,"Women"
372356,2,"Men"
372356,160,"Women"
372462,5,"Men"
372462,45,"Women"
372921,278,"Men"
372921,329,"Women"
373085,2,"Men"
373085,40,"Women"
373216,3,"Men"
373216,100,"Women"
373456,1,"Men"
373456,31,"Women"
373526,208,"Men"
373526,74,"Women"
373678,35,"Men"
373678,52,"Women"
373696,58,"Men"
373696,51,"Women"
373711,5,"Men"
373711,65,"Women"
373784,384,"Men"
373784,179,"Women"
374024,49,"Men"
374024,226,"Women"
374316,49,"Men"
374316,22,"Women"
374343,1,"Men"
374343,57,"Women"
374574,138,"Men"
374574,644,"Women"
374592,7,"Men"
374592,60,"Women"
375230,226,"Men"
375230,0,"Women"
375373,48,"Men"
375373,78,"Women"
375407,10,"Men"
375407,71,"Women"
375416,95,"Men"
375416,102,"Women"
375568,39,"Men"
375568,62,"Women"
375656,107,"Men"
375656,85,"Women"
375683,516,"Men"
375683,344,"Women"
375726,283,"Men"
375726,257,"Women"
375939,0,"Men"
375939,32,"Women"
375966,17,"Men"
375966,163,"Women"
375984,19,"Men"
375984,260,"Women"
376224,59,"Men"
376224,102,"Women"
376242,52,"Men"
376242,4,"Women"
376288,73,"Men"
376288,137,"Women"
376330,77,"Men"
376330,135,"Women"
376385,49,"Men"
376385,100,"Women"
376446,0,"Men"
376446,58,"Women"
376631,10,"Men"
376631,10,"Women"
376695,454,"Men"
376695,557,"Women"
377111,79,"Men"
377111,75,"Women"
377193,0,"Men"
377193,24,"Women"
377218,86,"Men"
377218,2,"Women"
377272,1,"Men"
377272,11,"Women"
377281,7,"Men"
377281,70,"Women"
377315,0,"Men"
377315,40,"Women"
377449,85,"Men"
377449,118,"Women"
377458,71,"Men"
377458,92,"Women"
377485,9,"Men"
377485,46,"Women"
377546,44,"Men"
377546,95,"Women"
377555,3291,"Men"
377555,2767,"Women"
377564,2564,"Men"
377564,2401,"Women"
377643,6,"Men"
377643,105,"Women"
377652,4,"Men"
377652,161,"Women"
377661,99,"Men"
377661,666,"Women"
377722,22,"Men"
377722,302,"Women"
377759,146,"Men"
377759,2,"Women"
378105,39,"Men"
378105,592,"Women"
378576,141,"Men"
378576,645,"Women"
378886,80,"Men"
378886,173,"Women"
378956,661,"Men"
378956,52,"Women"
379621,12,"Men"
379621,101,"Women"
379746,37,"Men"
379746,594,"Women"
379782,28,"Men"
379782,243,"Women"
380067,3,"Men"
380067,195,"Women"
380359,121,"Men"
380359,577,"Women"
380368,681,"Men"
380368,1108,"Women"
380377,166,"Men"
380377,470,"Women"
380438,79,"Men"
380438,590,"Women"
381255,80,"Men"
381255,16,"Women"
381282,41,"Men"
381282,54,"Women"
381325,52,"Men"
381325,90,"Women"
381352,22,"Men"
381352,67,"Women"
381370,6,"Men"
381370,224,"Women"
381404,17,"Men"
381404,398,"Women"
381459,218,"Men"
381459,78,"Women"
381486,0,"Men"
381486,22,"Women"
381699,1,"Men"
381699,45,"Women"
381732,14,"Men"
381732,38,"Women"
382258,58,"Men"
382258,114,"Women"
382416,14,"Men"
382416,66,"Women"
382461,0,"Men"
382461,43,"Women"
382780,16,"Men"
382780,80,"Women"
382911,22,"Men"
382911,25,"Women"
382957,240,"Men"
382957,262,"Women"
383020,6,"Men"
383020,31,"Women"
383084,176,"Men"
383084,315,"Women"
383163,2,"Men"
383163,104,"Women"
383190,881,"Men"
383190,1408,"Women"
383279,25,"Men"
383279,165,"Women"
383297,7,"Men"
383297,225,"Women"
383312,27,"Men"
383312,53,"Women"
383330,27,"Men"
383330,61,"Women"
383367,62,"Men"
383367,158,"Women"
383464,2,"Men"
383464,30,"Women"
383525,4,"Men"
383525,20,"Women"
383765,6,"Men"
383765,92,"Women"
383996,273,"Men"
383996,500,"Women"
384236,640,"Men"
384236,405,"Women"
384245,841,"Men"
384245,360,"Women"
384254,346,"Men"
384254,185,"Women"
384306,22,"Men"
384306,93,"Women"
384333,3927,"Men"
384333,6182,"Women"
384342,2077,"Men"
384342,2778,"Women"
384412,511,"Men"
384412,730,"Women"
384421,115,"Men"
384421,0,"Women"
385132,10,"Men"
385132,153,"Women"
385415,604,"Men"
385415,820,"Women"
385503,108,"Men"
385503,264,"Women"
385619,1634,"Men"
385619,1608,"Women"
386153,0,"Men"
386153,449,"Women"
386472,127,"Men"
386472,590,"Women"
388520,253,"Men"
388520,166,"Women"
389860,186,"Men"
389860,170,"Women"
390905,140,"Men"
390905,160,"Women"
391005,3,"Men"
391005,87,"Women"
391759,2,"Men"
391759,14,"Women"
392257,300,"Men"
392257,4230,"Women"
392354,9,"Men"
392354,5,"Women"
392415,186,"Men"
392415,269,"Women"
393649,762,"Men"
393649,570,"Women"
393861,67,"Men"
393861,375,"Women"
395362,729,"Men"
395362,1290,"Women"
395690,188,"Men"
395690,76,"Women"
397942,421,"Men"
397942,588,"Women"
399212,7557,"Men"
399212,4340,"Women"
399869,482,"Men"
399869,28,"Women"
399911,193,"Men"
399911,302,"Women"
400080,761,"Men"
400080,228,"Women"
400187,33,"Men"
400187,313,"Women"
400558,36,"Men"
400558,42,"Women"
401223,173,"Men"
401223,337,"Women"
401250,39,"Men"
401250,127,"Women"
401764,6,"Men"
401764,156,"Women"
402563,14,"Men"
402563,141,"Women"
402800,5,"Men"
402800,121,"Women"
404055,29,"Men"
404055,253,"Women"
404222,57,"Men"
404222,156,"Women"
404338,34,"Men"
404338,25,"Women"
404426,1111,"Men"
404426,1413,"Women"
404684,105,"Men"
404684,234,"Women"
404718,5,"Men"
404718,260,"Women"
404912,123,"Men"
404912,541,"Women"
405012,2,"Men"
405012,84,"Women"
405058,157,"Men"
405058,0,"Women"
405076,122,"Men"
405076,456,"Women"
405854,232,"Men"
405854,0,"Women"
405872,1352,"Men"
405872,1985,"Women"
406024,188,"Men"
406024,1277,"Women"
406033,432,"Men"
406033,2521,"Women"
406149,22,"Men"
406149,60,"Women"
406325,30,"Men"
406325,136,"Women"
406361,2,"Men"
406361,29,"Women"
406422,10,"Men"
406422,88,"Women"
406486,14,"Men"
406486,36,"Women"
407090,5,"Men"
407090,332,"Women"
407142,2,"Men"
407142,123,"Women"
407151,0,"Men"
407151,66,"Women"
407179,3,"Men"
407179,92,"Women"
407355,31,"Men"
407355,210,"Women"
407434,3,"Men"
407434,53,"Women"
407461,73,"Men"
407461,42,"Women"
407470,7,"Men"
407470,161,"Women"
407489,50,"Men"
407489,30,"Women"
407513,72,"Men"
407513,73,"Women"
407522,23,"Men"
407522,40,"Women"
407568,6,"Men"
407568,123,"Women"
407577,55,"Men"
407577,120,"Women"
407610,12,"Men"
407610,10,"Women"
407629,1750,"Men"
407629,2383,"Women"
407683,1,"Men"
407683,86,"Women"
407708,8,"Men"
407708,139,"Women"
407735,5,"Men"
407735,95,"Women"
407832,190,"Men"
407832,108,"Women"
408066,63,"Men"
408066,100,"Women"
408163,0,"Men"
408163,18,"Women"
408385,235,"Men"
408385,361,"Women"
408844,757,"Men"
408844,1993,"Women"
408862,8,"Men"
408862,192,"Women"
409032,2,"Men"
409032,73,"Women"
409120,33,"Men"
409120,58,"Women"
409193,172,"Men"
409193,9,"Women"
409254,9,"Men"
409254,288,"Women"
409315,12013,"Men"
409315,15418,"Women"
409537,22,"Men"
409537,17,"Women"
409591,30,"Men"
409591,57,"Women"
409616,185,"Men"
409616,299,"Women"
409698,3035,"Men"
409698,4678,"Women"
410797,47,"Men"
410797,41,"Women"
410964,4,"Men"
410964,43,"Women"
411684,35,"Men"
411684,115,"Women"
411754,5,"Men"
411754,33,"Women"
412173,48,"Men"
412173,510,"Women"
412535,9,"Men"
412535,28,"Women"
412544,17,"Men"
412544,187,"Women"
412599,106,"Men"
412599,225,"Women"
413176,18,"Men"
413176,14,"Women"
413413,7470,"Men"
413413,40291,"Women"
413617,112,"Men"
413617,188,"Women"
413626,76,"Men"
413626,133,"Women"
413680,390,"Men"
413680,21,"Women"
413820,0,"Men"
413820,9,"Women"
413893,552,"Men"
413893,608,"Women"
414063,2,"Men"
414063,86,"Women"
414124,238,"Men"
414124,74,"Women"
414461,2159,"Men"
414461,143,"Women"
414489,2,"Men"
414489,76,"Women"
414540,4,"Men"
414540,240,"Women"
414595,126,"Men"
414595,610,"Women"
414869,11,"Men"
414869,335,"Women"
414878,6245,"Men"
414878,3623,"Women"
414911,953,"Men"
414911,1548,"Women"
414939,61,"Men"
414939,400,"Women"
414966,48,"Men"
414966,55,"Women"
415039,0,"Men"
415039,55,"Women"
415057,112,"Men"
415057,2,"Women"
415987,4,"Men"
415987,63,"Women"
416458,22,"Men"
416458,83,"Women"
416801,80,"Men"
416801,279,"Women"
417008,1,"Men"
417008,63,"Women"
417062,1,"Men"
417062,40,"Women"
417105,307,"Men"
417105,119,"Women"
417123,33,"Men"
417123,41,"Women"
417327,38,"Men"
417327,324,"Women"
417442,2,"Men"
417442,34,"Women"
417503,0,"Men"
417503,303,"Women"
417600,2,"Men"
417600,20,"Women"
417628,6,"Men"
417628,16,"Women"
417637,44,"Men"
417637,46,"Women"
417646,0,"Men"
417646,23,"Women"
417655,1,"Men"
417655,30,"Women"
417682,1,"Men"
417682,26,"Women"
417716,11,"Men"
417716,161,"Women"
417725,1,"Men"
417725,60,"Women"
417734,25,"Men"
417734,177,"Women"
417752,8,"Men"
417752,16,"Women"
417831,60,"Men"
417831,28,"Women"
417840,30,"Men"
417840,438,"Women"
417868,2,"Men"
417868,29,"Women"
417886,2,"Men"
417886,21,"Women"
417910,40,"Men"
417910,153,"Women"
417983,0,"Men"
417983,31,"Women"
417992,3,"Men"
417992,71,"Women"
418001,8,"Men"
418001,76,"Women"
418010,5,"Men"
418010,94,"Women"
418029,4,"Men"
418029,31,"Women"
418038,13,"Men"
418038,174,"Women"
418065,42,"Men"
418065,268,"Women"
418083,9,"Men"
418083,28,"Women"
418126,35,"Men"
418126,61,"Women"
418171,37,"Men"
418171,1,"Women"
418205,136,"Men"
418205,101,"Women"
418223,10,"Men"
418223,140,"Women"
418250,126,"Men"
418250,67,"Women"
418269,22,"Men"
418269,20,"Women"
418278,36,"Men"
418278,68,"Women"
418296,822,"Men"
418296,669,"Women"
418302,271,"Men"
418302,261,"Women"
418320,613,"Men"
418320,508,"Women"
418348,363,"Men"
418348,195,"Women"
418357,92,"Men"
418357,103,"Women"
418409,118,"Men"
418409,111,"Women"
418427,5,"Men"
418427,77,"Women"
418445,10,"Men"
418445,29,"Women"
418454,50,"Men"
418454,55,"Women"
418481,4,"Men"
418481,52,"Women"
418515,5,"Men"
418515,53,"Women"
418524,9,"Men"
418524,50,"Women"
418533,48,"Men"
418533,231,"Women"
418560,23,"Men"
418560,86,"Women"
418588,2,"Men"
418588,48,"Women"
418612,0,"Men"
418612,7,"Women"
418658,301,"Men"
418658,109,"Women"
418773,123,"Men"
418773,134,"Women"
418782,235,"Men"
418782,11,"Women"
418889,56,"Men"
418889,5,"Women"
418913,2,"Men"
418913,6,"Women"
418968,2,"Men"
418968,218,"Women"
419031,1,"Men"
419031,9,"Women"
419095,3,"Men"
419095,38,"Women"
419183,12,"Men"
419183,29,"Women"
419217,4,"Men"
419217,27,"Women"
419226,278,"Men"
419226,224,"Women"
419235,38,"Men"
419235,112,"Women"
419244,190,"Men"
419244,59,"Women"
419253,23,"Men"
419253,9,"Women"
419280,0,"Men"
419280,38,"Women"
419341,8,"Men"
419341,7,"Women"
419420,7,"Men"
419420,20,"Women"
419633,4,"Men"
419633,68,"Women"
419703,451,"Men"
419703,31,"Women"
419712,167,"Men"
419712,19,"Women"
419721,287,"Men"
419721,23,"Women"
420024,7,"Men"
420024,184,"Women"
420130,29,"Men"
420130,240,"Women"
420246,73,"Men"
420246,443,"Women"
420255,192,"Men"
420255,6,"Women"
420325,84,"Men"
420325,0,"Women"
420343,1039,"Men"
420343,41,"Women"
420370,46,"Men"
420370,186,"Women"
420398,8660,"Men"
420398,11400,"Women"
420431,719,"Men"
420431,1389,"Women"
420440,681,"Men"
420440,1194,"Women"
420468,109,"Men"
420468,177,"Women"
420538,518,"Men"
420538,797,"Women"
420556,291,"Men"
420556,521,"Women"
420705,81,"Men"
420705,37,"Women"
420723,227,"Men"
420723,360,"Women"
420981,210,"Men"
420981,792,"Women"
421513,3,"Men"
421513,87,"Women"
421610,4,"Men"
421610,105,"Women"
421665,0,"Men"
421665,43,"Women"
421708,167,"Men"
421708,1035,"Women"
421717,4,"Men"
421717,3,"Women"
421771,0,"Men"
421771,31,"Women"
421841,96,"Men"
421841,155,"Women"
421878,38,"Men"
421878,457,"Women"
421896,48,"Men"
421896,108,"Women"
422020,348,"Men"
422020,16,"Women"
422695,41,"Men"
422695,202,"Women"
422835,74,"Men"
422835,198,"Women"
423120,36,"Men"
423120,133,"Women"
423397,342,"Men"
423397,242,"Women"
423412,16,"Men"
423412,6,"Women"
423643,1395,"Men"
423643,2343,"Women"
423652,146,"Men"
423652,324,"Women"
425250,19,"Men"
425250,75,"Women"
425986,2,"Men"
425986,44,"Women"
426314,10273,"Men"
426314,2497,"Women"
427308,8,"Men"
427308,102,"Women"
427335,0,"Men"
427335,34,"Women"
427973,234,"Men"
427973,36,"Women"
427991,645,"Men"
427991,510,"Women"
428000,14,"Men"
428000,18,"Women"
428019,193,"Men"
428019,192,"Women"
428055,48,"Men"
428055,96,"Women"
428125,32,"Men"
428125,25,"Women"
428170,46,"Men"
428170,518,"Women"
428259,35,"Men"
428259,81,"Women"
428392,740,"Men"
428392,1094,"Women"
429085,20,"Men"
429085,56,"Women"
429128,43,"Men"
429128,825,"Women"
430184,341,"Men"
430184,949,"Women"
430227,1,"Men"
430227,83,"Women"
430245,129,"Men"
430245,455,"Women"
430306,6,"Men"
430306,13,"Women"
430403,10,"Men"
430403,225,"Women"
430564,28,"Men"
430564,46,"Women"
430582,197,"Men"
430582,225,"Women"
430670,139,"Men"
430670,286,"Women"
430704,22,"Men"
430704,70,"Women"
430795,42,"Men"
430795,127,"Women"
430883,6,"Men"
430883,26,"Women"
430908,1,"Men"
430908,30,"Women"
430935,391,"Men"
430935,165,"Women"
430971,3,"Men"
430971,45,"Women"
431017,183,"Men"
431017,188,"Women"
431071,10,"Men"
431071,20,"Women"
431105,10,"Men"
431105,73,"Women"
431123,180,"Men"
431123,3,"Women"
431141,570,"Men"
431141,807,"Women"
431196,11,"Men"
431196,82,"Women"
431266,1,"Men"
431266,123,"Women"
431275,7,"Men"
431275,51,"Women"
431284,5,"Men"
431284,57,"Women"
431558,105,"Men"
431558,192,"Women"
431600,39,"Men"
431600,269,"Women"
431716,251,"Men"
431716,246,"Women"
431983,73,"Men"
431983,0,"Women"
432117,6,"Men"
432117,175,"Women"
432269,52,"Men"
432269,15,"Women"
432348,75,"Men"
432348,79,"Women"
432384,72,"Men"
432384,428,"Women"
433004,135,"Men"
433004,338,"Women"
433013,347,"Men"
433013,786,"Women"
433040,8,"Men"
433040,40,"Women"
433068,253,"Men"
433068,168,"Women"
433101,79,"Men"
433101,580,"Women"
433138,26,"Men"
433138,120,"Women"
433174,79,"Men"
433174,553,"Women"
433387,85706,"Men"
433387,124502,"Women"
433420,302,"Men"
433420,48,"Women"
433536,23,"Men"
433536,328,"Women"
433660,6995,"Men"
433660,9617,"Women"
434016,72,"Men"
434016,146,"Women"
434061,2292,"Men"
434061,3946,"Women"
434140,125,"Men"
434140,412,"Women"
434159,423,"Men"
434159,115,"Women"
434274,11,"Men"
434274,63,"Women"
434308,14,"Men"
434308,211,"Women"
434344,8,"Men"
434344,184,"Women"
434362,48,"Men"
434362,2,"Women"
434432,0,"Men"
434432,12,"Women"
434441,12,"Men"
434441,42,"Women"
434469,24,"Men"
434469,490,"Women"
434496,1,"Men"
434496,69,"Women"
434584,84,"Men"
434584,172,"Women"
434672,6093,"Men"
434672,10358,"Women"
434751,32,"Men"
434751,87,"Women"
434821,10,"Men"
434821,281,"Women"
434830,3,"Men"
434830,207,"Women"
434900,66,"Men"
434900,226,"Women"
434937,56,"Men"
434937,0,"Women"
435000,430,"Men"
435000,673,"Women"
436030,57,"Men"
436030,161,"Women"
436304,1282,"Men"
436304,1315,"Women"
436429,3372,"Men"
436429,2100,"Women"
436553,110,"Men"
436553,568,"Women"
436599,31,"Men"
436599,154,"Women"
436614,53,"Men"
436614,25,"Women"
436632,31,"Men"
436632,115,"Women"
436650,10,"Men"
436650,154,"Women"
436818,357,"Men"
436818,388,"Women"
436827,269,"Men"
436827,208,"Women"
436836,1321,"Men"
436836,1161,"Women"
437097,589,"Men"
437097,390,"Women"
437103,3904,"Men"
437103,7278,"Women"
437237,58,"Men"
437237,10,"Women"
437556,648,"Men"
437556,678,"Women"
437608,62,"Men"
437608,29,"Women"
437635,101,"Men"
437635,873,"Women"
437723,1,"Men"
437723,10,"Women"
437732,0,"Men"
437732,2,"Women"
437750,66,"Men"
437750,4,"Women"
437769,11,"Men"
437769,68,"Women"
437778,41,"Men"
437778,338,"Women"
437857,2,"Men"
437857,89,"Women"
437936,99,"Men"
437936,546,"Women"
438179,27,"Men"
438179,191,"Women"
438221,16,"Men"
438221,110,"Women"
438258,163,"Men"
438258,253,"Women"
438285,7,"Men"
438285,152,"Women"
438337,68,"Men"
438337,121,"Women"
438504,1472,"Men"
438504,81,"Women"
438586,237,"Men"
438586,564,"Women"
438674,0,"Men"
438674,37,"Women"
438708,128,"Men"
438708,337,"Women"
438735,152,"Men"
438735,20,"Women"
438984,70,"Men"
438984,125,"Women"
439020,10,"Men"
439020,20,"Women"
439118,164,"Men"
439118,189,"Women"
439190,1136,"Men"
439190,1244,"Women"
439367,427,"Men"
439367,1154,"Women"
439394,7,"Men"
439394,20,"Women"
439446,16,"Men"
439446,73,"Women"
439455,20,"Men"
439455,555,"Women"
439473,59,"Men"
439473,117,"Women"
439491,3,"Men"
439491,59,"Women"
439570,28,"Men"
439570,465,"Women"
439622,146,"Men"
439622,237,"Women"
439668,164,"Men"
439668,36,"Women"
439701,221,"Men"
439701,319,"Women"
439738,128,"Men"
439738,354,"Women"
439747,34,"Men"
439747,116,"Women"
439774,42,"Men"
439774,81,"Women"
439783,42,"Men"
439783,130,"Women"
439792,33,"Men"
439792,366,"Women"
439817,91,"Men"
439817,127,"Women"
439844,0,"Men"
439844,55,"Women"
439862,30,"Men"
439862,32,"Women"
439871,1,"Men"
439871,148,"Women"
439899,46,"Men"
439899,56,"Women"
439914,11,"Men"
439914,39,"Women"
439932,10,"Men"
439932,50,"Women"
440004,18,"Men"
440004,33,"Women"
440031,186,"Men"
440031,436,"Women"
440059,753,"Men"
440059,71,"Women"
440101,6,"Men"
440101,155,"Women"
440262,458,"Men"
440262,29,"Women"
440271,121,"Men"
440271,89,"Women"
440396,188,"Men"
440396,225,"Women"
440402,647,"Men"
440402,1221,"Women"
440651,162,"Men"
440651,460,"Women"
440730,142,"Men"
440730,212,"Women"
440776,55,"Men"
440776,31,"Women"
440794,61,"Men"
440794,495,"Women"
440828,642,"Men"
440828,654,"Women"
440855,4,"Men"
440855,267,"Women"
440989,403,"Men"
440989,115,"Women"
441025,2,"Men"
441025,7,"Women"
441052,407,"Men"
441052,1237,"Women"
441070,86,"Men"
441070,110,"Women"
441104,73,"Men"
441104,256,"Women"
441131,61,"Men"
441131,182,"Women"
441210,152,"Men"
441210,225,"Women"
441229,400,"Men"
441229,2047,"Women"
441256,2,"Men"
441256,71,"Women"
441371,369,"Men"
441371,8563,"Women"
441380,82,"Men"
441380,162,"Women"
441414,86,"Men"
441414,117,"Women"
441423,95,"Men"
441423,223,"Women"
441487,11,"Men"
441487,85,"Women"
441496,224,"Men"
441496,29,"Women"
441502,11,"Men"
441502,189,"Women"
441575,37,"Men"
441575,320,"Women"
441593,0,"Men"
441593,30,"Women"
441609,152,"Men"
441609,0,"Women"
441618,0,"Men"
441618,22,"Women"
441636,38,"Men"
441636,213,"Women"
441645,1,"Men"
441645,114,"Women"
441663,32,"Men"
441663,235,"Women"
441672,4,"Men"
441672,19,"Women"
441690,131,"Men"
441690,94,"Women"
441706,175,"Men"
441706,206,"Women"
441742,11,"Men"
441742,257,"Women"
441760,2612,"Men"
441760,3068,"Women"
441788,431,"Men"
441788,64,"Women"
441830,8,"Men"
441830,35,"Women"
441858,12,"Men"
441858,165,"Women"
441876,7,"Men"
441876,148,"Women"
441900,2201,"Men"
441900,5348,"Women"
441937,1909,"Men"
441937,3683,"Women"
441982,211,"Men"
441982,194,"Women"
442064,25,"Men"
442064,93,"Women"
442073,129,"Men"
442073,366,"Women"
442134,52,"Men"
442134,253,"Women"
442240,56,"Men"
442240,339,"Women"
442295,153,"Men"
442295,146,"Women"
442329,836,"Men"
442329,132,"Women"
442356,179,"Men"
442356,1260,"Women"
442383,17,"Men"
442383,129,"Women"
442426,30,"Men"
442426,389,"Women"
442435,13,"Men"
442435,37,"Women"
442444,469,"Men"
442444,472,"Women"
442523,20,"Men"
442523,26,"Women"
442569,1914,"Men"
442569,3732,"Women"
442602,151,"Men"
442602,206,"Women"
442611,1232,"Men"
442611,113,"Women"
442639,341,"Men"
442639,210,"Women"
442657,43,"Men"
442657,313,"Women"
442781,230,"Men"
442781,935,"Women"
442806,1061,"Men"
442806,1556,"Women"
442842,36,"Men"
442842,209,"Women"
442879,30,"Men"
442879,504,"Women"
442888,61,"Men"
442888,4,"Women"
442976,4,"Men"
442976,49,"Women"
442985,39,"Men"
442985,204,"Women"
443021,5,"Men"
443021,3,"Women"
443030,20,"Men"
443030,60,"Women"
443049,222,"Men"
443049,242,"Women"
443058,134,"Men"
443058,186,"Women"
443076,58,"Men"
443076,57,"Women"
443100,44,"Men"
443100,32,"Women"
443137,56,"Men"
443137,229,"Women"
443146,61,"Men"
443146,18,"Women"
443207,82,"Men"
443207,3,"Women"
443216,85,"Men"
443216,21,"Women"
443225,38,"Men"
443225,8,"Women"
443234,25,"Men"
443234,190,"Women"
443252,4979,"Men"
443252,4768,"Women"
443261,14,"Men"
443261,212,"Women"
443289,14,"Men"
443289,58,"Women"
443298,27,"Men"
443298,3,"Women"
443322,10,"Men"
443322,74,"Women"
443331,575,"Men"
443331,2098,"Women"
443340,27,"Men"
443340,37,"Women"
443377,24,"Men"
443377,1,"Women"
443410,721,"Men"
443410,363,"Women"
443492,722,"Men"
443492,1216,"Women"
443562,74,"Men"
443562,312,"Women"
443571,276,"Men"
443571,259,"Women"
443599,63,"Men"
443599,989,"Women"
443632,32,"Men"
443632,6,"Women"
443641,3,"Men"
443641,178,"Women"
443650,1008,"Men"
443650,3454,"Women"
443669,12,"Men"
443669,159,"Women"
443696,17,"Men"
443696,38,"Women"
443702,33,"Men"
443702,47,"Women"
443766,366,"Men"
443766,1599,"Women"
443784,326,"Men"
443784,1058,"Women"
443951,16,"Men"
443951,41,"Women"
443979,0,"Men"
443979,165,"Women"
444051,0,"Men"
444051,69,"Women"
444088,79,"Men"
444088,481,"Women"
444103,21,"Men"
444103,3,"Women"
444130,2539,"Men"
444130,6950,"Women"
444194,3,"Men"
444194,127,"Women"
444219,4930,"Men"
444219,6168,"Women"
444228,0,"Men"
444228,33,"Women"
444264,11,"Men"
444264,40,"Women"
444282,7,"Men"
444282,118,"Women"
444291,2,"Men"
444291,119,"Women"
444307,3,"Men"
444307,79,"Women"
444325,27,"Men"
444325,122,"Women"
444361,42,"Men"
444361,38,"Women"
444370,23,"Men"
444370,0,"Women"
444398,44,"Men"
444398,60,"Women"
444404,4,"Men"
444404,14,"Women"
444413,206,"Men"
444413,0,"Women"
444440,8,"Men"
444440,99,"Women"
444468,3,"Men"
444468,125,"Women"
444486,13,"Men"
444486,84,"Women"
444510,18,"Men"
444510,100,"Women"
444529,3,"Men"
444529,43,"Women"
444556,167,"Men"
444556,138,"Women"
444565,142,"Men"
444565,174,"Women"
444583,179,"Men"
444583,218,"Women"
444635,7,"Men"
444635,37,"Women"
444671,54,"Men"
444671,55,"Women"
444699,8,"Men"
444699,53,"Women"
444714,8,"Men"
444714,197,"Women"
444732,9,"Men"
444732,40,"Women"
444778,27,"Men"
444778,31,"Women"
444787,908,"Men"
444787,5128,"Women"
444811,25,"Men"
444811,257,"Women"
444857,2,"Men"
444857,115,"Women"
444866,13,"Men"
444866,254,"Women"
444936,12,"Men"
444936,94,"Women"
444945,23,"Men"
444945,206,"Women"
444954,595,"Men"
444954,925,"Women"
445027,4396,"Men"
445027,6881,"Women"
445054,30,"Men"
445054,9,"Women"
445133,47,"Men"
445133,69,"Women"
445188,5012,"Men"
445188,4098,"Women"
445203,17,"Men"
445203,71,"Women"
445212,32,"Men"
445212,142,"Women"
445230,205,"Men"
445230,473,"Women"
445249,89,"Men"
445249,191,"Women"
445267,1646,"Men"
445267,2156,"Women"
445364,95,"Men"
445364,622,"Women"
445498,7,"Men"
445498,0,"Women"
445540,0,"Men"
445540,66,"Women"
445647,2,"Men"
445647,180,"Women"
445656,7,"Men"
445656,226,"Women"
445692,401,"Men"
445692,75,"Women"
445708,413,"Men"
445708,771,"Women"
445735,506,"Men"
445735,861,"Women"
445744,121,"Men"
445744,425,"Women"
445762,252,"Men"
445762,20,"Women"
445780,5,"Men"
445780,35,"Women"
445799,880,"Men"
445799,74,"Women"
445841,2,"Men"
445841,111,"Women"
445850,0,"Men"
445850,64,"Women"
445869,172,"Men"
445869,291,"Women"
445911,430,"Men"
445911,445,"Women"
445948,494,"Men"
445948,2443,"Women"
445957,66,"Men"
445957,167,"Women"
446002,6,"Men"
446002,23,"Women"
446039,4,"Men"
446039,15,"Women"
446048,690,"Men"
446048,733,"Women"
446084,10,"Men"
446084,73,"Women"
446093,3,"Men"
446093,51,"Women"
446109,60,"Men"
446109,321,"Women"
446118,85,"Men"
446118,535,"Women"
446127,19,"Men"
446127,182,"Women"
446163,410,"Men"
446163,14,"Women"
446206,1,"Men"
446206,33,"Women"
446224,12,"Men"
446224,30,"Women"
446233,79,"Men"
446233,32,"Women"
446242,36,"Men"
446242,167,"Women"
446251,20,"Men"
446251,46,"Women"
446260,29,"Men"
446260,1143,"Women"
446288,3,"Men"
446288,72,"Women"
446303,0,"Men"
446303,48,"Women"
446349,2,"Men"
446349,18,"Women"
446385,144,"Men"
446385,117,"Women"
446516,6,"Men"
446516,15,"Women"
446525,1389,"Men"
446525,323,"Women"
446552,1198,"Men"
446552,677,"Women"
446561,586,"Men"
446561,2342,"Women"
446598,7,"Men"
446598,19,"Women"
446604,2957,"Men"
446604,0,"Women"
446640,2020,"Men"
446640,1630,"Women"
446774,1574,"Men"
446774,2629,"Women"
447014,12,"Men"
447014,179,"Women"
447023,1179,"Men"
447023,1128,"Women"
447050,440,"Men"
447050,2014,"Women"
447148,12,"Men"
447148,224,"Women"
447166,2,"Men"
447166,46,"Women"
447175,5,"Men"
447175,65,"Women"
447263,314,"Men"
447263,1759,"Women"
447351,362,"Men"
447351,236,"Women"
447421,22,"Men"
447421,204,"Women"
447449,12,"Men"
447449,40,"Women"
447467,3,"Men"
447467,78,"Women"
447582,509,"Men"
447582,1062,"Women"
447591,97,"Men"
447591,584,"Women"
447607,855,"Men"
447607,518,"Women"
447616,638,"Men"
447616,340,"Women"
447689,4946,"Men"
447689,7284,"Women"
447698,19,"Men"
447698,99,"Women"
447704,3,"Men"
447704,141,"Women"
447713,52,"Men"
447713,138,"Women"
447722,2,"Men"
447722,47,"Women"
447731,14,"Men"
447731,103,"Women"
447759,169,"Men"
447759,347,"Women"
447768,503,"Men"
447768,1739,"Women"
447777,384,"Men"
447777,265,"Women"
447795,5,"Men"
447795,14,"Women"
447801,18,"Men"
447801,63,"Women"
447810,25,"Men"
447810,192,"Women"
447847,231,"Men"
447847,27,"Women"
447865,11,"Men"
447865,7,"Women"
447883,22,"Men"
447883,129,"Women"
447892,10,"Men"
447892,81,"Women"
447908,0,"Men"
447908,54,"Women"
447917,8,"Men"
447917,26,"Women"
447935,12,"Men"
447935,351,"Women"
447953,189,"Men"
447953,130,"Women"
447962,5,"Men"
447962,189,"Women"
447971,3,"Men"
447971,35,"Women"
447980,4,"Men"
447980,92,"Women"
447999,54,"Men"
447999,154,"Women"
448026,1,"Men"
448026,94,"Women"
448071,17,"Men"
448071,276,"Women"
448123,19,"Men"
448123,174,"Women"
448196,23,"Men"
448196,169,"Women"
448220,16,"Men"
448220,117,"Women"
448239,2,"Men"
448239,116,"Women"
448248,2202,"Men"
448248,1765,"Women"
448257,0,"Men"
448257,22,"Women"
448275,6,"Men"
448275,26,"Women"
448372,96,"Men"
448372,128,"Women"
448424,11,"Men"
448424,60,"Women"
448433,1130,"Men"
448433,84,"Women"
448594,1594,"Men"
448594,2810,"Women"
448600,1,"Men"
448600,61,"Women"
448646,2,"Men"
448646,45,"Women"
448673,116,"Men"
448673,1029,"Women"
448691,30,"Men"
448691,80,"Women"
448770,282,"Men"
448770,20,"Women"
448798,7,"Men"
448798,104,"Women"
448859,42,"Men"
448859,1,"Women"
448895,75,"Men"
448895,485,"Women"
449038,355,"Men"
449038,948,"Women"
449074,68,"Men"
449074,388,"Women"
449083,502,"Men"
449083,6,"Women"
449092,547,"Men"
449092,0,"Women"
449135,55,"Men"
449135,210,"Women"
449250,155,"Men"
449250,611,"Women"
449311,0,"Men"
449311,136,"Women"
449320,1099,"Men"
449320,32,"Women"
449339,32235,"Men"
449339,18480,"Women"
449348,35,"Men"
449348,63,"Women"
449357,11,"Men"
449357,97,"Women"
449384,307,"Men"
449384,219,"Women"
449393,32,"Men"
449393,34,"Women"
449454,3,"Men"
449454,10,"Women"
449463,126,"Men"
449463,276,"Women"
449472,2,"Men"
449472,79,"Women"
449481,11,"Men"
449481,60,"Women"
449490,12,"Men"
449490,51,"Women"
449506,157,"Men"
449506,403,"Women"
449524,23,"Men"
449524,285,"Women"
449603,108,"Men"
449603,67,"Women"
449612,32,"Men"
449612,45,"Women"
449658,132,"Men"
449658,0,"Women"
449676,86,"Men"
449676,189,"Women"
449685,28,"Men"
449685,159,"Women"
449700,102,"Men"
449700,274,"Women"
449728,7,"Men"
449728,186,"Women"
449764,50,"Men"
449764,39,"Women"
449773,16,"Men"
449773,289,"Women"
449807,5,"Men"
449807,70,"Women"
449816,577,"Men"
449816,287,"Women"
449834,32,"Men"
449834,1,"Women"
449861,7,"Men"
449861,60,"Women"
449870,64,"Men"
449870,74,"Women"
449889,3178,"Men"
449889,11085,"Women"
449898,163,"Men"
449898,589,"Women"
449904,19,"Men"
449904,206,"Women"
449922,51,"Men"
449922,62,"Women"
449959,20,"Men"
449959,86,"Women"
449968,36,"Men"
449968,189,"Women"
449977,6,"Men"
449977,130,"Women"
449986,46,"Men"
449986,240,"Women"
450058,165,"Men"
450058,601,"Women"
450067,166,"Men"
450067,334,"Women"
450128,16,"Men"
450128,329,"Women"
450298,46,"Men"
450298,141,"Women"
450304,55,"Men"
450304,98,"Women"
450377,250,"Men"
450377,1079,"Women"
450395,4,"Men"
450395,117,"Women"
450401,60,"Men"
450401,355,"Women"
450571,1,"Men"
450571,54,"Women"
450599,1,"Men"
450599,76,"Women"
450605,1,"Men"
450605,82,"Women"
450614,4,"Men"
450614,106,"Women"
450632,16,"Men"
450632,62,"Women"
450641,20,"Men"
450641,286,"Women"
450650,7,"Men"
450650,179,"Women"
450696,100,"Men"
450696,336,"Women"
450711,49,"Men"
450711,12,"Women"
450720,12,"Men"
450720,402,"Women"
450933,11025,"Men"
450933,6738,"Women"
450951,76,"Men"
450951,73,"Women"
450960,30,"Men"
450960,417,"Women"
450988,14,"Men"
450988,189,"Women"
451042,19,"Men"
451042,32,"Women"
451051,4,"Men"
451051,77,"Women"
451079,7,"Men"
451079,32,"Women"
451097,27,"Men"
451097,73,"Women"
451103,284,"Men"
451103,632,"Women"
451149,65,"Men"
451149,858,"Women"
451158,27,"Men"
451158,593,"Women"
451167,50,"Men"
451167,68,"Women"
451194,8,"Men"
451194,31,"Women"
451228,923,"Men"
451228,221,"Women"
451237,1,"Men"
451237,234,"Women"
451255,1,"Men"
451255,20,"Women"
451282,8,"Men"
451282,189,"Women"
451291,1,"Men"
451291,9,"Women"
451307,1,"Men"
451307,48,"Women"
451316,15,"Men"
451316,50,"Women"
451334,87,"Men"
451334,188,"Women"
451343,2,"Men"
451343,88,"Women"
451352,17,"Men"
451352,235,"Women"
451370,90,"Men"
451370,0,"Women"
451398,227,"Men"
451398,0,"Women"
451404,602,"Men"
451404,0,"Women"
451413,115,"Men"
451413,322,"Women"
451468,7,"Men"
451468,446,"Women"
451477,674,"Men"
451477,147,"Women"
451495,81,"Men"
451495,230,"Women"
451501,92,"Men"
451501,198,"Women"
451510,215,"Men"
451510,477,"Women"
451529,0,"Men"
451529,53,"Women"
451547,1,"Men"
451547,12,"Women"
451556,687,"Men"
451556,1443,"Women"
451565,29,"Men"
451565,142,"Women"
451574,4,"Men"
451574,160,"Women"
451583,944,"Men"
451583,403,"Women"
451626,3,"Men"
451626,31,"Women"
451714,36,"Men"
451714,325,"Women"
451750,219,"Men"
451750,818,"Women"
451857,16,"Men"
451857,95,"Women"
451866,55,"Men"
451866,260,"Women"
451918,12,"Men"
451918,88,"Women"
451927,233,"Men"
451927,192,"Women"
452009,1,"Men"
452009,64,"Women"
452072,1,"Men"
452072,32,"Women"
452081,53,"Men"
452081,1661,"Women"
452106,66,"Men"
452106,3,"Women"
452124,88,"Men"
452124,305,"Women"
452373,14,"Men"
452373,252,"Women"
452771,2,"Men"
452771,8,"Women"
452780,1,"Men"
452780,19,"Women"
452887,50,"Men"
452887,9,"Women"
452948,66,"Men"
452948,579,"Women"
453163,627,"Men"
453163,2410,"Women"
453215,185,"Men"
453215,611,"Women"
453297,13,"Men"
453297,20,"Women"
453756,28,"Men"
453756,15,"Women"
453792,8,"Men"
453792,121,"Women"
454227,3428,"Men"
454227,29516,"Women"
454236,19,"Men"
454236,238,"Women"
454245,108,"Men"
454245,585,"Women"
454537,0,"Men"
454537,81,"Women"
454546,24,"Men"
454546,236,"Women"
454555,19,"Men"
454555,216,"Women"
454582,274,"Men"
454582,536,"Women"
454607,13,"Men"
454607,346,"Women"
454652,0,"Men"
454652,129,"Women"
454689,161,"Men"
454689,163,"Women"
454698,120,"Men"
454698,172,"Women"
454722,9,"Men"
454722,21,"Women"
454759,44,"Men"
454759,10,"Women"
454768,28,"Men"
454768,142,"Women"
454777,25,"Men"
454777,142,"Women"
454786,915,"Men"
454786,201,"Women"
454795,68,"Men"
454795,152,"Women"
454801,28,"Men"
454801,144,"Women"
454810,2395,"Men"
454810,6109,"Women"
454829,581,"Men"
454829,2930,"Women"
454838,10,"Men"
454838,22,"Women"
454856,112,"Men"
454856,699,"Women"
454865,172,"Men"
454865,1143,"Women"
454874,1,"Men"
454874,51,"Women"
454917,153,"Men"
454917,702,"Women"
454926,11,"Men"
454926,238,"Women"
454935,0,"Men"
454935,76,"Women"
454944,17,"Men"
454944,207,"Women"
454953,2,"Men"
454953,51,"Women"
454962,1,"Men"
454962,38,"Women"
454971,37,"Men"
454971,179,"Women"
454980,3,"Men"
454980,129,"Women"
454999,2,"Men"
454999,123,"Women"
455008,11,"Men"
455008,159,"Women"
455026,74,"Men"
455026,8,"Women"
455062,2,"Men"
455062,49,"Women"
455071,22,"Men"
455071,91,"Women"
455080,32,"Men"
455080,265,"Women"
455099,71,"Men"
455099,45,"Women"
455105,0,"Men"
455105,77,"Women"
455114,4784,"Men"
455114,6231,"Women"
455141,6,"Men"
455141,192,"Women"
455178,24,"Men"
455178,78,"Women"
455187,20,"Men"
455187,184,"Women"
455196,439,"Men"
455196,4039,"Women"
455202,55,"Men"
455202,417,"Women"
455211,10,"Men"
455211,261,"Women"
455220,48,"Men"
455220,64,"Women"
455257,515,"Men"
455257,0,"Women"
455275,10,"Men"
455275,280,"Women"
455284,11,"Men"
455284,235,"Women"
455327,3,"Men"
455327,25,"Women"
455336,182,"Men"
455336,35,"Women"
455354,8,"Men"
455354,242,"Women"
455381,0,"Men"
455381,127,"Women"
455406,294,"Men"
455406,371,"Women"
455433,95,"Men"
455433,428,"Women"
455460,52,"Men"
455460,125,"Women"
455479,86,"Men"
455479,674,"Women"
455488,153,"Men"
455488,206,"Women"
455512,1536,"Men"
455512,2592,"Women"
455628,299,"Men"
455628,314,"Women"
455664,562,"Men"
455664,2782,"Women"
455707,4,"Men"
455707,52,"Women"
455725,12,"Men"
455725,558,"Women"
455734,35,"Men"
455734,165,"Women"
455761,48,"Men"
455761,261,"Women"
455770,90,"Men"
455770,78,"Women"
455798,1,"Men"
455798,142,"Women"
455804,120,"Men"
455804,53,"Women"
455813,38,"Men"
455813,27,"Women"
455831,23,"Men"
455831,333,"Women"
455859,7,"Men"
455859,247,"Women"
455868,65,"Men"
455868,333,"Women"
455877,6,"Men"
455877,87,"Women"
455886,4,"Men"
455886,158,"Women"
455895,43,"Men"
455895,427,"Women"
455901,6,"Men"
455901,134,"Women"
455910,12,"Men"
455910,39,"Women"
455929,0,"Men"
455929,56,"Women"
455965,4,"Men"
455965,98,"Women"
455974,7,"Men"
455974,113,"Women"
455983,41,"Men"
455983,110,"Women"
455992,59,"Men"
455992,131,"Women"
456001,90,"Men"
456001,14,"Women"
456029,3,"Men"
456029,213,"Women"
456038,43,"Men"
456038,263,"Women"
456065,3,"Men"
456065,178,"Women"
456074,8,"Men"
456074,192,"Women"
456135,3,"Men"
456135,92,"Women"
456153,51,"Men"
456153,11,"Women"
456205,231,"Men"
456205,178,"Women"
456214,335,"Men"
456214,163,"Women"
456287,1,"Men"
456287,124,"Women"
456454,116,"Men"
456454,267,"Women"
456481,19,"Men"
456481,13,"Women"
456490,90,"Men"
456490,37,"Women"
456506,5,"Men"
456506,151,"Women"
456515,3,"Men"
456515,47,"Women"
456542,265,"Men"
456542,400,"Women"
456551,2,"Men"
456551,70,"Women"
456579,181,"Men"
456579,104,"Women"
456588,0,"Men"
456588,29,"Women"
456597,0,"Men"
456597,220,"Women"
456621,63,"Men"
456621,189,"Women"
456825,5,"Men"
456825,244,"Women"
456852,251,"Men"
456852,277,"Women"
456922,187,"Men"
456922,236,"Women"
456931,317,"Men"
456931,216,"Women"
456959,120,"Men"
456959,458,"Women"
456977,326,"Men"
456977,0,"Women"
457031,0,"Men"
457031,75,"Women"
457077,34,"Men"
457077,548,"Women"
457086,34,"Men"
457086,124,"Women"
457101,169,"Men"
457101,227,"Women"
457110,162,"Men"
457110,389,"Women"
457129,89,"Men"
457129,732,"Women"
457192,37,"Men"
457192,6,"Women"
457208,67,"Men"
457208,4,"Women"
457226,48,"Men"
457226,22,"Women"
457253,1,"Men"
457253,119,"Women"
457271,22,"Men"
457271,36,"Women"
457299,121,"Men"
457299,482,"Women"
457314,27,"Men"
457314,86,"Women"
457323,36,"Men"
457323,284,"Women"
457332,2,"Men"
457332,50,"Women"
457341,5,"Men"
457341,192,"Women"
457350,1,"Men"
457350,53,"Women"
457378,121,"Men"
457378,114,"Women"
457387,298,"Men"
457387,317,"Women"
457396,34,"Men"
457396,88,"Women"
457402,285,"Men"
457402,83,"Women"
457411,338,"Men"
457411,38,"Women"
457420,14,"Men"
457420,169,"Women"
457439,1,"Men"
457439,82,"Women"
457448,1,"Men"
457448,54,"Women"
457466,27,"Men"
457466,7,"Women"
457475,0,"Men"
457475,117,"Women"
457484,90,"Men"
457484,97,"Women"
457493,1,"Men"
457493,18,"Women"
457527,13,"Men"
457527,110,"Women"
457536,144,"Men"
457536,743,"Women"
457545,0,"Men"
457545,46,"Women"
457563,9,"Men"
457563,256,"Women"
457572,4,"Men"
457572,126,"Women"
457581,2,"Men"
457581,159,"Women"
457606,9,"Men"
457606,101,"Women"
457615,9,"Men"
457615,33,"Women"
457624,9,"Men"
457624,31,"Women"
457633,5,"Men"
457633,261,"Women"
457642,1,"Men"
457642,44,"Women"
457679,0,"Men"
457679,15,"Women"
457697,151,"Men"
457697,145,"Women"
457749,11,"Men"
457749,115,"Women"
457767,175,"Men"
457767,74,"Women"
457776,44,"Men"
457776,75,"Women"
457785,2,"Men"
457785,87,"Women"
457794,12,"Men"
457794,139,"Women"
457800,66,"Men"
457800,386,"Women"
457819,288,"Men"
457819,301,"Women"
457837,3,"Men"
457837,139,"Women"
457855,2,"Men"
457855,94,"Women"
457873,115,"Men"
457873,108,"Women"
457916,1,"Men"
457916,112,"Women"
457925,6,"Men"
457925,5,"Women"
457943,16,"Men"
457943,43,"Women"
457952,4,"Men"
457952,193,"Women"
457989,1,"Men"
457989,36,"Women"
458007,6,"Men"
458007,69,"Women"
458043,3,"Men"
458043,62,"Women"
458061,3,"Men"
458061,35,"Women"
458070,10,"Men"
458070,306,"Women"
458098,3,"Men"
458098,129,"Women"
458104,3,"Men"
458104,185,"Women"
458113,36,"Men"
458113,47,"Women"
458122,0,"Men"
458122,7,"Women"
458131,7,"Men"
458131,147,"Women"
458140,42,"Men"
458140,8,"Women"
458168,2,"Men"
458168,65,"Women"
458210,1022,"Men"
458210,3564,"Women"
458229,654,"Men"
458229,2017,"Women"
458274,7,"Men"
458274,153,"Women"
458405,190,"Men"
458405,146,"Women"
458423,19,"Men"
458423,65,"Women"
458441,28,"Men"
458441,162,"Women"
458681,106,"Men"
458681,216,"Women"
458803,3,"Men"
458803,153,"Women"
458812,5,"Men"
458812,106,"Women"
458821,7,"Men"
458821,66,"Women"
458830,7,"Men"
458830,181,"Women"
458858,3,"Men"
458858,163,"Women"
458867,10,"Men"
458867,232,"Women"
458885,153,"Men"
458885,588,"Women"
458919,1156,"Men"
458919,3760,"Women"
458955,190,"Men"
458955,793,"Women"
458964,355,"Men"
458964,1755,"Women"
458973,692,"Men"
458973,1816,"Women"
459019,6,"Men"
459019,84,"Women"
459046,6,"Men"
459046,74,"Women"
459055,1,"Men"
459055,95,"Women"
459064,8,"Men"
459064,67,"Women"
459116,11,"Men"
459116,126,"Women"
459170,10,"Men"
459170,208,"Women"
459198,31,"Men"
459198,192,"Women"
459204,905,"Men"
459204,4820,"Women"
459213,880,"Men"
459213,2557,"Women"
459231,11,"Men"
459231,173,"Women"
459259,146,"Men"
459259,249,"Women"
459268,51,"Men"
459268,207,"Women"
459277,19,"Men"
459277,261,"Women"
459286,35,"Men"
459286,169,"Women"
459295,2,"Men"
459295,119,"Women"
459301,3,"Men"
459301,145,"Women"
459329,345,"Men"
459329,223,"Women"
459347,1,"Men"
459347,111,"Women"
459374,3,"Men"
459374,136,"Women"
459392,5,"Men"
459392,157,"Women"
459408,6,"Men"
459408,66,"Women"
459426,4,"Men"
459426,201,"Women"
459514,16,"Men"
459514,45,"Women"
459523,8,"Men"
459523,44,"Women"
459532,1,"Men"
459532,70,"Women"
459541,0,"Men"
459541,20,"Women"
459550,3,"Men"
459550,135,"Women"
459578,45,"Men"
459578,95,"Women"
459727,589,"Men"
459727,1769,"Women"
459736,423,"Men"
459736,721,"Women"
459745,85,"Men"
459745,479,"Women"
459824,642,"Men"
459824,958,"Women"
459842,66,"Men"
459842,460,"Women"
459851,31,"Men"
459851,354,"Women"
459949,2850,"Men"
459949,5106,"Women"
459958,130,"Men"
459958,292,"Women"
459967,310,"Men"
459967,321,"Women"
459985,299,"Men"
459985,244,"Women"
459994,4122,"Men"
459994,7976,"Women"
460011,0,"Men"
460011,172,"Women"
460020,152,"Men"
460020,430,"Women"
460093,0,"Men"
460093,53,"Women"
460109,7,"Men"
460109,165,"Women"
460118,7,"Men"
460118,92,"Women"
460127,6,"Men"
460127,86,"Women"
460136,172,"Men"
460136,896,"Women"
460145,48,"Men"
460145,18,"Women"
460172,677,"Men"
460172,85,"Women"
460181,25,"Men"
460181,169,"Women"
460190,7,"Men"
460190,88,"Women"
460206,45,"Men"
460206,150,"Women"
460349,885,"Men"
460349,1954,"Women"
460394,5274,"Men"
460394,6646,"Women"
460464,5250,"Men"
460464,6101,"Women"
460482,36,"Men"
460482,147,"Women"
460534,39,"Men"
460534,409,"Women"
460543,1511,"Men"
460543,99,"Women"
460677,60,"Men"
460677,364,"Women"
460701,35,"Men"
460701,150,"Women"
460756,22,"Men"
460756,172,"Women"
460765,1,"Men"
460765,45,"Women"
460808,0,"Men"
460808,7,"Women"
460817,95,"Men"
460817,100,"Women"
460826,81,"Men"
460826,425,"Women"
460835,1,"Men"
460835,2,"Women"
460862,9,"Men"
460862,229,"Women"
460871,67,"Men"
460871,490,"Women"
460914,5,"Men"
460914,398,"Women"
460932,0,"Men"
460932,88,"Women"
460969,30,"Men"
460969,514,"Women"
460978,5,"Men"
460978,307,"Women"
460987,1,"Men"
460987,105,"Women"
460996,0,"Men"
460996,132,"Women"
461014,69,"Men"
461014,892,"Women"
461023,79,"Men"
461023,367,"Women"
461032,125,"Men"
461032,87,"Women"
461087,754,"Men"
461087,744,"Women"
461111,27,"Men"
461111,6,"Women"
461120,40,"Men"
461120,29,"Women"
461139,14,"Men"
461139,55,"Women"
461148,630,"Men"
461148,502,"Women"
461175,15,"Men"
461175,98,"Women"
461193,4,"Men"
461193,255,"Women"
461218,40,"Men"
461218,805,"Women"
461245,69,"Men"
461245,66,"Women"
461254,40,"Men"
461254,71,"Women"
461263,8,"Men"
461263,357,"Women"
461272,0,"Men"
461272,55,"Women"
461281,8,"Men"
461281,104,"Women"
461306,48,"Men"
461306,81,"Women"
461315,104,"Men"
461315,139,"Women"
461324,171,"Men"
461324,634,"Women"
461333,8,"Men"
461333,4,"Women"
461342,0,"Men"
461342,113,"Women"
461379,9,"Men"
461379,27,"Women"
461388,9,"Men"
461388,42,"Women"
461412,19,"Men"
461412,82,"Women"
461421,6,"Men"
461421,208,"Women"
461430,566,"Men"
461430,39,"Women"
461485,175,"Men"
461485,26,"Women"
461494,11,"Men"
461494,133,"Women"
461500,6,"Men"
461500,29,"Women"
461528,137,"Men"
461528,131,"Women"
461537,1,"Men"
461537,15,"Women"
461555,5,"Men"
461555,156,"Women"
461573,141,"Men"
461573,13,"Women"
461582,1,"Men"
461582,140,"Women"
461607,19,"Men"
461607,96,"Women"
461625,10,"Men"
461625,1,"Women"
461652,4,"Men"
461652,93,"Women"
461689,29,"Men"
461689,237,"Women"
461704,9,"Men"
461704,147,"Women"
461713,1,"Men"
461713,52,"Women"
461722,1,"Men"
461722,55,"Women"
461740,29,"Men"
461740,9,"Women"
461759,276,"Men"
461759,230,"Women"
461768,11,"Men"
461768,288,"Women"
461786,0,"Men"
461786,24,"Women"
461795,626,"Men"
461795,357,"Women"
461810,4,"Men"
461810,19,"Women"
461829,31,"Men"
461829,86,"Women"
461838,2,"Men"
461838,247,"Women"
461847,57,"Men"
461847,0,"Women"
461856,63,"Men"
461856,93,"Women"
461865,4,"Men"
461865,40,"Women"
461874,9,"Men"
461874,83,"Women"
461883,170,"Men"
461883,50,"Women"
461892,11,"Men"
461892,131,"Women"
461908,1,"Men"
461908,129,"Women"
461917,4,"Men"
461917,174,"Women"
461926,1,"Men"
461926,126,"Women"
461944,1,"Men"
461944,71,"Women"
461953,8,"Men"
461953,15,"Women"
461962,40,"Men"
461962,34,"Women"
461999,12,"Men"
461999,188,"Women"
462008,16,"Men"
462008,188,"Women"
462017,12,"Men"
462017,86,"Women"
462035,186,"Men"
462035,164,"Women"
462044,28,"Men"
462044,71,"Women"
462053,9,"Men"
462053,176,"Women"
462062,4,"Men"
462062,130,"Women"
462071,65,"Men"
462071,231,"Women"
462336,4,"Men"
462336,58,"Women"
462354,160,"Men"
462354,126,"Women"
463056,791,"Men"
463056,753,"Women"
464226,596,"Men"
464226,316,"Women"
466921,20,"Men"
466921,264,"Women"
466930,277,"Men"
466930,1993,"Women"
467094,3,"Men"
467094,149,"Women"
467863,37,"Men"
467863,219,"Women"
467872,3,"Men"
467872,261,"Women"
467906,4,"Men"
467906,153,"Women"
468246,13,"Men"
468246,126,"Women"
468255,1,"Men"
468255,34,"Women"
468769,149,"Men"
468769,6,"Women"
468848,538,"Men"
468848,276,"Women"
468893,6,"Men"
468893,179,"Women"
468909,713,"Men"
468909,360,"Women"
468963,405,"Men"
468963,25,"Women"
469416,41,"Men"
469416,180,"Women"
469610,1,"Men"
469610,7,"Women"
469629,116,"Men"
469629,12,"Women"
469911,7,"Men"
469911,79,"Women"
470038,927,"Men"
470038,689,"Women"
470047,12,"Men"
470047,25,"Women"
470296,2,"Men"
470296,16,"Women"
470393,13,"Men"
470393,147,"Women"
474863,326,"Men"
474863,1555,"Women"
474915,10,"Men"
474915,209,"Women"
474924,2,"Men"
474924,184,"Women"
475015,2,"Men"
475015,242,"Women"
475024,212,"Men"
475024,161,"Women"
475033,344,"Men"
475033,980,"Women"
475060,16,"Men"
475060,214,"Women"
475121,2202,"Men"
475121,6601,"Women"
475176,370,"Men"
475176,280,"Women"
475200,38,"Men"
475200,107,"Women"
475228,26,"Men"
475228,52,"Women"
475273,89,"Men"
475273,291,"Women"
475282,29,"Men"
475282,61,"Women"
475325,14,"Men"
475325,317,"Women"
475398,112,"Men"
475398,118,"Women"
475404,1,"Men"
475404,119,"Women"
475422,1,"Men"
475422,64,"Women"
475431,5,"Men"
475431,57,"Women"
475468,8,"Men"
475468,345,"Women"
475486,55,"Men"
475486,305,"Women"
475495,483,"Men"
475495,1203,"Women"
475547,10,"Men"
475547,94,"Women"
475556,5,"Men"
475556,125,"Women"
475565,596,"Men"
475565,452,"Women"
475574,17,"Men"
475574,23,"Women"
475608,79,"Men"
475608,81,"Women"
475653,13,"Men"
475653,27,"Women"
475662,0,"Men"
475662,51,"Women"
475705,2,"Men"
475705,5,"Women"
475714,325,"Men"
475714,87,"Women"
475723,333,"Men"
475723,333,"Women"
475732,176,"Men"
475732,1764,"Women"
475741,11,"Men"
475741,133,"Women"
475839,67,"Men"
475839,127,"Women"
476063,536,"Men"
476063,43,"Women"
476179,8,"Men"
476179,155,"Women"
476230,0,"Men"
476230,30,"Women"
476355,12,"Men"
476355,19,"Women"
476489,52,"Men"
476489,16,"Women"
476498,298,"Men"
476498,106,"Women"
476540,3,"Men"
476540,87,"Women"
476559,3,"Men"
476559,89,"Women"
476568,13,"Men"
476568,2,"Women"
476595,6,"Men"
476595,42,"Women"
476601,87,"Men"
476601,0,"Women"
476610,11,"Men"
476610,5,"Women"
476629,6,"Men"
476629,146,"Women"
476683,35,"Men"
476683,481,"Women"
476692,47,"Men"
476692,0,"Women"
476708,124,"Men"
476708,45,"Women"
476717,765,"Men"
476717,0,"Women"
476726,140,"Men"
476726,692,"Women"
476735,21,"Men"
476735,18,"Women"
476753,5,"Men"
476753,235,"Women"
476780,10,"Men"
476780,57,"Women"
476799,32,"Men"
476799,159,"Women"
476805,1,"Men"
476805,37,"Women"
476814,379,"Men"
476814,378,"Women"
476841,33,"Men"
476841,128,"Women"
476850,85,"Men"
476850,19,"Women"
476869,4,"Men"
476869,78,"Women"
476878,0,"Men"
476878,164,"Women"
476887,45,"Men"
476887,596,"Women"
476896,52,"Men"
476896,77,"Women"
476902,1,"Men"
476902,84,"Women"
476939,73,"Men"
476939,588,"Women"
476975,4702,"Men"
476975,5555,"Women"
476984,7,"Men"
476984,172,"Women"
476993,5,"Men"
476993,236,"Women"
477002,1,"Men"
477002,42,"Women"
477039,263,"Men"
477039,1624,"Women"
477233,41,"Men"
477233,48,"Women"
478582,6,"Men"
478582,121,"Women"
478591,3,"Men"
478591,225,"Women"
478616,2,"Men"
478616,97,"Women"
478917,2,"Men"
478917,44,"Women"
478953,17,"Men"
478953,192,"Women"
479062,121,"Men"
479062,3,"Women"
479424,29,"Men"
479424,255,"Women"
479956,6956,"Men"
479956,6818,"Women"
479965,16,"Men"
479965,134,"Women"
479974,28,"Men"
479974,62,"Women"
479992,13,"Men"
479992,2,"Women"
480000,34,"Men"
480000,16,"Women"
480019,594,"Men"
480019,70,"Women"
480037,1176,"Men"
480037,290,"Women"
480073,73,"Men"
480073,224,"Women"
480091,1168,"Men"
480091,9175,"Women"
480125,14,"Men"
480125,452,"Women"
480161,0,"Men"
480161,2,"Women"
480198,82,"Men"
480198,175,"Women"
480204,60,"Men"
480204,353,"Women"
480310,4,"Men"
480310,73,"Women"
480471,497,"Men"
480471,371,"Women"
480523,7,"Men"
480523,77,"Women"
480532,2,"Men"
480532,77,"Women"
480550,4,"Men"
480550,53,"Women"
480569,337,"Men"
480569,478,"Women"
480657,36,"Men"
480657,323,"Women"
480727,35,"Men"
480727,1,"Women"
480781,174,"Men"
480781,73,"Women"
480790,874,"Men"
480790,1029,"Women"
480824,86,"Men"
480824,634,"Women"
480833,94,"Men"
480833,982,"Women"
480842,29,"Men"
480842,20,"Women"
480851,14,"Men"
480851,14,"Women"
480879,5,"Men"
480879,45,"Women"
480888,76,"Men"
480888,76,"Women"
480903,379,"Men"
480903,49,"Women"
480921,78,"Men"
480921,17,"Women"
480967,96,"Men"
480967,145,"Women"
480976,3,"Men"
480976,50,"Women"
480985,1,"Men"
480985,238,"Women"
480994,2,"Men"
480994,116,"Women"
481003,237,"Men"
481003,56,"Women"
481021,31,"Men"
481021,16,"Women"
481030,26,"Men"
481030,22,"Women"
481049,0,"Men"
481049,26,"Women"
481058,168,"Men"
481058,133,"Women"
481067,17,"Men"
481067,3,"Women"
481085,13,"Men"
481085,163,"Women"
481094,19,"Men"
481094,169,"Women"
481100,17,"Men"
481100,75,"Women"
481128,22,"Men"
481128,77,"Women"
481146,3,"Men"
481146,57,"Women"
481155,90,"Men"
481155,93,"Women"
481182,2,"Men"
481182,32,"Women"
481191,20,"Men"
481191,85,"Women"
481207,22,"Men"
481207,65,"Women"
481225,18,"Men"
481225,14,"Women"
481243,3,"Men"
481243,208,"Women"
481252,10,"Men"
481252,111,"Women"
481289,18,"Men"
481289,88,"Women"
481298,0,"Men"
481298,34,"Women"
481313,1,"Men"
481313,94,"Women"
481331,43,"Men"
481331,14,"Women"
481340,0,"Men"
481340,33,"Women"
481368,9,"Men"
481368,110,"Women"
481386,76,"Men"
481386,552,"Women"
481401,372,"Men"
481401,196,"Women"
481410,84,"Men"
481410,0,"Women"
481429,14,"Men"
481429,144,"Women"
481438,76,"Men"
481438,0,"Women"
481447,10,"Men"
481447,29,"Women"
481456,6,"Men"
481456,14,"Women"
481465,5,"Men"
481465,89,"Women"
481474,0,"Men"
481474,91,"Women"
481483,4,"Men"
481483,224,"Women"
481517,12,"Men"
481517,84,"Women"
481526,2,"Men"
481526,269,"Women"
481535,17,"Men"
481535,35,"Women"
481571,3,"Men"
481571,2,"Women"
481678,5,"Men"
481678,68,"Women"
481720,9,"Men"
481720,58,"Women"
481739,0,"Men"
481739,50,"Women"
481748,3,"Men"
481748,133,"Women"
481775,110,"Men"
481775,147,"Women"
481845,4,"Men"
481845,63,"Women"
481863,9,"Men"
481863,66,"Women"
481890,6,"Men"
481890,71,"Women"
481906,8,"Men"
481906,57,"Women"
481960,176,"Men"
481960,7,"Women"
482015,820,"Men"
482015,269,"Women"
482060,48,"Men"
482060,311,"Women"
482097,229,"Men"
482097,167,"Women"
482149,3680,"Men"
482149,7220,"Women"
482158,3846,"Men"
482158,4517,"Women"
482167,6,"Men"
482167,103,"Women"
482176,6,"Men"
482176,207,"Women"
482185,27,"Men"
482185,20,"Women"
482194,8,"Men"
482194,96,"Women"
482200,4,"Men"
482200,24,"Women"
482228,140,"Men"
482228,71,"Women"
482246,48,"Men"
482246,7,"Women"
482255,385,"Men"
482255,44,"Women"
482291,832,"Men"
482291,583,"Women"
482413,53,"Men"
482413,54,"Women"
482422,4,"Men"
482422,2,"Women"
482431,1264,"Men"
482431,1139,"Women"
482459,48,"Men"
482459,66,"Women"
482468,199,"Men"
482468,323,"Women"
482477,10291,"Men"
482477,21005,"Women"
482547,0,"Men"
482547,1,"Women"
482556,32,"Men"
482556,35,"Women"
482574,74,"Men"
482574,137,"Women"
482635,10,"Men"
482635,7,"Women"
482653,10,"Men"
482653,9,"Women"
482680,8357,"Men"
482680,10934,"Women"
482699,667,"Men"
482699,1226,"Women"
482705,3159,"Men"
482705,4252,"Women"
482936,1418,"Men"
482936,351,"Women"
482963,130,"Men"
482963,354,"Women"
482981,91,"Men"
482981,23,"Women"
482990,13,"Men"
482990,127,"Women"
483009,24,"Men"
483009,101,"Women"
483018,42,"Men"
483018,79,"Women"
483036,952,"Men"
483036,1451,"Women"
483045,4657,"Men"
483045,6870,"Women"
483054,69,"Men"
483054,17,"Women"
483106,51,"Men"
483106,237,"Women"
483124,26292,"Men"
483124,46702,"Women"
483212,1260,"Men"
483212,2203,"Women"
483230,155,"Men"
483230,6,"Women"
483258,47,"Men"
483258,7,"Women"
483276,45,"Men"
483276,14,"Women"
483328,4,"Men"
483328,48,"Women"
483337,5,"Men"
483337,191,"Women"
483346,10,"Men"
483346,37,"Women"
483355,8,"Men"
483355,181,"Women"
483364,4,"Men"
483364,158,"Women"
483373,13,"Men"
483373,212,"Women"
483382,226,"Men"
483382,0,"Women"
483425,1,"Men"
483425,54,"Women"
483470,8,"Men"
483470,94,"Women"
483504,181,"Men"
483504,249,"Women"
483513,26,"Men"
483513,6,"Women"
483559,3,"Men"
483559,54,"Women"
483577,7,"Men"
483577,109,"Women"
483595,2115,"Men"
483595,6263,"Women"
483647,8,"Men"
483647,113,"Women"
483708,89,"Men"
483708,422,"Women"
483726,0,"Men"
483726,17,"Women"
483735,10,"Men"
483735,102,"Women"
483744,59,"Men"
483744,12,"Women"
483753,51,"Men"
483753,11,"Women"
483780,655,"Men"
483780,441,"Women"
483799,19,"Men"
483799,53,"Women"
483814,84,"Men"
483814,646,"Women"
483823,357,"Men"
483823,155,"Women"
483841,4,"Men"
483841,20,"Women"
483850,0,"Men"
483850,7,"Women"
483869,217,"Men"
483869,283,"Women"
483878,42,"Men"
483878,167,"Women"
483887,3,"Men"
483887,26,"Women"
483896,0,"Men"
483896,61,"Women"
483911,0,"Men"
483911,16,"Women"
483920,99,"Men"
483920,70,"Women"
483948,42,"Men"
483948,14,"Women"
483957,1,"Men"
483957,20,"Women"
483975,373,"Men"
483975,405,"Women"
484002,213,"Men"
484002,2067,"Women"
484011,13,"Men"
484011,74,"Women"
484020,26,"Men"
484020,12,"Women"
484057,8,"Men"
484057,193,"Women"
484066,25,"Men"
484066,499,"Women"
484075,48,"Men"
484075,34,"Women"
484084,1,"Men"
484084,98,"Women"
484093,1,"Men"
484093,98,"Women"
484109,2,"Men"
484109,105,"Women"
484127,9,"Men"
484127,44,"Women"
484136,11,"Men"
484136,18,"Women"
484163,40,"Men"
484163,115,"Women"
484172,12,"Men"
484172,24,"Women"
484190,24,"Men"
484190,8,"Women"
484206,5,"Men"
484206,191,"Women"
484233,121,"Men"
484233,96,"Women"
484330,1,"Men"
484330,37,"Women"
484349,4,"Men"
484349,87,"Women"
484358,4,"Men"
484358,83,"Women"
484367,58,"Men"
484367,455,"Women"
484376,68,"Men"
484376,584,"Women"
484394,7,"Men"
484394,140,"Women"
484473,2542,"Men"
484473,3113,"Women"
484604,11,"Men"
484604,539,"Women"
484613,35766,"Men"
484613,75482,"Women"
484631,12,"Men"
484631,22,"Women"
484756,2,"Men"
484756,4,"Women"
484844,297,"Men"
484844,372,"Women"
484862,167,"Men"
484862,200,"Women"
484871,114,"Men"
484871,0,"Women"
484899,7,"Men"
484899,211,"Women"
484905,1316,"Men"
484905,2478,"Women"
484923,0,"Men"
484923,36,"Women"
484932,759,"Men"
484932,1168,"Women"
484950,12,"Men"
484950,83,"Women"
484996,4,"Men"
484996,134,"Women"
485014,5,"Men"
485014,82,"Women"
485032,6,"Men"
485032,159,"Women"
485111,2513,"Men"
485111,4062,"Women"
485166,12,"Men"
485166,80,"Women"
485236,1,"Men"
485236,44,"Women"
485272,124,"Men"
485272,837,"Women"
485342,195,"Men"
485342,134,"Women"
485360,0,"Men"
485360,3,"Women"
485379,65,"Men"
485379,174,"Women"
485388,55,"Men"
485388,218,"Women"
485397,7,"Men"
485397,145,"Women"
485403,25,"Men"
485403,74,"Women"
485412,22,"Men"
485412,72,"Women"
485458,1589,"Men"
485458,2541,"Women"
485476,1,"Men"
485476,80,"Women"
485485,54,"Men"
485485,229,"Women"
485494,106,"Men"
485494,15,"Women"
485500,67,"Men"
485500,8,"Women"
485519,279,"Men"
485519,124,"Women"
485546,329,"Men"
485546,294,"Women"
485564,19,"Men"
485564,160,"Women"
485573,44,"Men"
485573,243,"Women"
485591,0,"Men"
485591,27,"Women"
485607,1,"Men"
485607,43,"Women"
485698,128,"Men"
485698,27,"Women"
485768,453,"Men"
485768,293,"Women"
485801,5,"Men"
485801,62,"Women"
485856,12,"Men"
485856,27,"Women"
485874,2,"Men"
485874,198,"Women"
485926,57,"Men"
485926,114,"Women"
485953,67,"Men"
485953,10,"Women"
485962,17,"Men"
485962,10,"Women"
485999,112,"Men"
485999,0,"Women"
486017,23,"Men"
486017,0,"Women"
486026,132,"Men"
486026,0,"Women"
486053,145,"Men"
486053,55,"Women"
486080,7,"Men"
486080,5,"Women"
486123,4,"Men"
486123,6,"Women"
486150,54,"Men"
486150,53,"Women"
486169,74,"Men"
486169,10,"Women"
486196,226,"Men"
486196,0,"Women"
486202,2,"Men"
486202,7,"Women"
486239,128,"Men"
486239,191,"Women"
486248,93,"Men"
486248,51,"Women"
486257,175,"Men"
486257,239,"Women"
486284,35,"Men"
486284,65,"Women"
486345,276,"Men"
486345,9,"Women"
486354,100,"Men"
486354,37,"Women"
486372,115,"Men"
486372,12,"Women"
486381,0,"Men"
486381,37,"Women"
486406,0,"Men"
486406,15,"Women"
486415,45,"Men"
486415,507,"Women"
486424,19,"Men"
486424,117,"Women"
486433,20,"Men"
486433,54,"Women"
486442,17,"Men"
486442,100,"Women"
486488,4,"Men"
486488,2,"Women"
486497,48,"Men"
486497,2,"Women"
486503,2,"Men"
486503,52,"Women"
486512,262,"Men"
486512,232,"Women"
486530,1,"Men"
486530,147,"Women"
486558,313,"Men"
486558,30,"Women"
486567,4,"Men"
486567,230,"Women"
486576,70,"Men"
486576,165,"Women"
486619,3,"Men"
486619,112,"Women"
486691,7,"Men"
486691,120,"Women"
486707,2,"Men"
486707,130,"Women"
486716,0,"Men"
486716,75,"Women"
486752,3,"Men"
486752,60,"Women"
486770,28,"Men"
486770,127,"Women"
486798,1720,"Men"
486798,242,"Women"
486813,94,"Men"
486813,523,"Women"
486822,95,"Men"
486822,685,"Women"
486840,23339,"Men"
486840,24425,"Women"
486859,0,"Men"
486859,99,"Women"
486877,0,"Men"
486877,9,"Women"
486886,1,"Men"
486886,30,"Women"
486901,578,"Men"
486901,662,"Women"
486938,124,"Men"
486938,528,"Women"
486947,91,"Men"
486947,538,"Women"
486956,155,"Men"
486956,1071,"Women"
486983,30,"Men"
486983,40,"Women"
487010,1039,"Men"
487010,2062,"Women"
487047,3,"Men"
487047,46,"Women"
487065,30,"Men"
487065,66,"Women"
487083,1,"Men"
487083,43,"Women"
487092,444,"Men"
487092,523,"Women"
487153,2,"Men"
487153,18,"Women"
487162,1886,"Men"
487162,3495,"Women"
487232,0,"Men"
487232,54,"Women"
487302,177,"Men"
487302,406,"Women"
487311,595,"Men"
487311,64,"Women"
487320,8843,"Men"
487320,3234,"Women"
487348,5,"Men"
487348,117,"Women"
487375,171,"Men"
487375,1051,"Women"
487481,631,"Men"
487481,603,"Women"
487506,2,"Men"
487506,86,"Women"
487524,1099,"Men"
487524,2268,"Women"
487533,2,"Men"
487533,136,"Women"
487588,9,"Men"
487588,106,"Women"
487597,1600,"Men"
487597,101,"Women"
487603,612,"Men"
487603,740,"Women"
487621,19,"Men"
487621,1,"Women"
487649,142,"Men"
487649,202,"Women"
487658,49,"Men"
487658,40,"Women"
487676,19,"Men"
487676,183,"Women"
487746,41,"Men"
487746,0,"Women"
487773,2,"Men"
487773,39,"Women"
487791,637,"Men"
487791,107,"Women"
487807,28,"Men"
487807,17,"Women"
487816,0,"Men"
487816,9,"Women"
487861,31,"Men"
487861,161,"Women"
487889,20,"Men"
487889,111,"Women"
487904,20,"Men"
487904,11,"Women"
487922,1,"Men"
487922,73,"Women"
487959,1,"Men"
487959,46,"Women"
487968,5,"Men"
487968,91,"Women"
487977,111,"Men"
487977,2701,"Women"
487995,33,"Men"
487995,107,"Women"
488004,15,"Men"
488004,0,"Women"
488013,33,"Men"
488013,884,"Women"
488022,36,"Men"
488022,23,"Women"
488031,51,"Men"
488031,61,"Women"
488059,155,"Men"
488059,300,"Women"
488077,5301,"Men"
488077,136,"Women"
488110,12,"Men"
488110,63,"Women"
488129,5,"Men"
488129,14,"Women"
488138,1,"Men"
488138,27,"Women"
488174,11,"Men"
488174,20,"Women"
488183,0,"Men"
488183,23,"Women"
488192,98,"Men"
488192,1,"Women"
488217,13,"Men"
488217,222,"Women"
488226,7,"Men"
488226,9,"Women"
488253,49,"Men"
488253,15,"Women"
488262,19,"Men"
488262,14,"Women"
488280,24,"Men"
488280,12,"Women"
488299,2,"Men"
488299,9,"Women"
488305,67,"Men"
488305,51,"Women"
488314,124,"Men"
488314,0,"Women"
488332,6,"Men"
488332,48,"Women"
488350,150,"Men"
488350,0,"Women"
488369,42,"Men"
488369,8,"Women"
488378,9,"Men"
488378,137,"Women"
488387,94,"Men"
488387,177,"Women"
488396,36,"Men"
488396,3,"Women"
488411,2,"Men"
488411,110,"Women"
488420,18,"Men"
488420,142,"Women"
488439,139,"Men"
488439,39,"Women"
488448,62,"Men"
488448,23,"Women"
488527,384,"Men"
488527,486,"Women"
488554,324,"Men"
488554,517,"Women"
488563,28,"Men"
488563,32,"Women"
488572,274,"Men"
488572,333,"Women"
488590,8,"Men"
488590,14,"Women"
488651,21,"Men"
488651,103,"Women"
488679,5482,"Men"
488679,8849,"Women"
488721,957,"Men"
488721,120,"Women"
488730,4071,"Men"
488730,5284,"Women"
488749,18,"Men"
488749,113,"Women"
488776,205,"Men"
488776,469,"Women"
488800,285,"Men"
488800,689,"Women"
488837,16,"Men"
488837,8,"Women"
488846,22633,"Men"
488846,19328,"Women"
488891,70,"Men"
488891,126,"Women"
488907,4,"Men"
488907,25,"Women"
488916,0,"Men"
488916,97,"Women"
488934,2207,"Men"
488934,1941,"Women"
488952,4,"Men"
488952,70,"Women"
488961,3,"Men"
488961,129,"Women"
488970,5,"Men"
488970,52,"Women"
488989,4,"Men"
488989,129,"Women"
488998,14,"Men"
488998,103,"Women"
489122,9,"Men"
489122,44,"Women"
489131,3,"Men"
489131,34,"Women"
489140,11,"Men"
489140,53,"Women"
489159,0,"Men"
489159,152,"Women"
489201,4202,"Men"
489201,6156,"Women"
489238,30,"Men"
489238,171,"Women"
489247,1,"Men"
489247,17,"Women"
489256,181,"Men"
489256,10,"Women"
489283,108,"Men"
489283,679,"Women"
489335,35,"Men"
489335,30,"Women"
489344,16,"Men"
489344,186,"Women"
489353,149,"Men"
489353,602,"Women"
489371,293,"Men"
489371,24,"Women"
489779,17262,"Men"
489779,28326,"Women"
489830,0,"Men"
489830,69,"Women"
489858,187,"Men"
489858,361,"Women"
489937,517,"Men"
489937,363,"Women"
490018,8,"Men"
490018,7,"Women"
490045,97,"Men"
490045,126,"Women"
490054,28,"Men"
490054,190,"Women"
490081,155,"Men"
490081,152,"Women"
490090,58,"Men"
490090,62,"Women"
490106,140,"Men"
490106,317,"Women"
490115,45,"Men"
490115,15,"Women"
490124,1,"Men"
490124,1,"Women"
490133,4407,"Men"
490133,3279,"Women"
490142,13,"Men"
490142,23,"Women"
490151,2,"Men"
490151,24,"Women"
490160,77,"Men"
490160,135,"Women"
490197,11,"Men"
490197,45,"Women"
490203,11,"Men"
490203,133,"Women"
490221,3,"Men"
490221,8,"Women"
490230,123,"Men"
490230,171,"Women"
490249,26,"Men"
490249,5,"Women"
490258,18,"Men"
490258,86,"Women"
490276,113,"Men"
490276,0,"Women"
490285,1772,"Men"
490285,340,"Women"
490294,44,"Men"
490294,74,"Women"
490300,18,"Men"
490300,81,"Women"
490319,25,"Men"
490319,0,"Women"
490328,122,"Men"
490328,0,"Women"
490346,2,"Men"
490346,77,"Women"
490373,161,"Men"
490373,185,"Women"
490382,34,"Men"
490382,119,"Women"
490391,2,"Men"
490391,81,"Women"
490407,2,"Men"
490407,67,"Women"
490416,18,"Men"
490416,8,"Women"
490425,1,"Men"
490425,120,"Women"
490434,0,"Men"
490434,17,"Women"
490443,0,"Men"
490443,66,"Women"
490470,4,"Men"
490470,25,"Women"
490489,51,"Men"
490489,8,"Women"
490498,2,"Men"
490498,5,"Women"
490504,49,"Men"
490504,0,"Women"
490513,38,"Men"
490513,0,"Women"
490522,0,"Men"
490522,30,"Women"
490531,35,"Men"
490531,6,"Women"
490674,1,"Men"
490674,7,"Women"
490692,40,"Men"
490692,8,"Women"
490717,12,"Men"
490717,61,"Women"
490735,5,"Men"
490735,67,"Women"
490744,3,"Men"
490744,5,"Women"
490753,16,"Men"
490753,26,"Women"
490805,4116,"Men"
490805,4935,"Women"
490814,11,"Men"
490814,113,"Women"
490832,35,"Men"
490832,750,"Women"
490841,16,"Men"
490841,371,"Women"
490869,152,"Men"
490869,212,"Women"
490878,65,"Men"
490878,433,"Women"
490896,10,"Men"
490896,151,"Women"
490948,26,"Men"
490948,15,"Women"
490975,49,"Men"
490975,316,"Women"
491057,499,"Men"
491057,0,"Women"
491066,2,"Men"
491066,63,"Women"
491075,60,"Men"
491075,13,"Women"
491084,7,"Men"
491084,65,"Women"
491136,2,"Men"
491136,109,"Women"
491145,6,"Men"
491145,139,"Women"
491181,57,"Men"
491181,293,"Women"
491190,27,"Men"
491190,85,"Women"
491215,70,"Men"
491215,1,"Women"
491224,8,"Men"
491224,94,"Women"
491233,0,"Men"
491233,29,"Women"
491242,36,"Men"
491242,24,"Women"
491251,57,"Men"
491251,35,"Women"
491260,4,"Men"
491260,86,"Women"
491288,171,"Men"
491288,380,"Women"
491297,76,"Men"
491297,97,"Women"
491394,212,"Men"
491394,56,"Women"
491446,0,"Men"
491446,124,"Women"
491464,56,"Men"
491464,117,"Women"
491473,382,"Men"
491473,208,"Women"
491507,3,"Men"
491507,32,"Women"
491525,99,"Men"
491525,119,"Women"
491534,5,"Men"
491534,17,"Women"
491543,9,"Men"
491543,73,"Women"
491552,1,"Men"
491552,43,"Women"
491570,0,"Men"
491570,50,"Women"
491589,42,"Men"
491589,8,"Women"
491598,5,"Men"
491598,32,"Women"
491613,81,"Men"
491613,0,"Women"
491622,72,"Men"
491622,0,"Women"
491631,0,"Men"
491631,161,"Women"
491640,181,"Men"
491640,0,"Women"
491659,113,"Men"
491659,58,"Women"
491668,4,"Men"
491668,105,"Women"
491677,49,"Men"
491677,28,"Women"
491686,42,"Men"
491686,3,"Women"
491695,16,"Men"
491695,38,"Women"
491701,4,"Men"
491701,33,"Women"
491710,30,"Men"
491710,0,"Women"
491738,4,"Men"
491738,43,"Women"
491747,6,"Men"
491747,20,"Women"
491756,189,"Men"
491756,35,"Women"
491765,101,"Men"
491765,0,"Women"
491774,18,"Men"
491774,168,"Women"
491783,109,"Men"
491783,46,"Women"
491792,4,"Men"
491792,86,"Women"
491808,54,"Men"
491808,243,"Women"
491817,0,"Men"
491817,182,"Women"
491826,0,"Men"
491826,96,"Women"
491835,4,"Men"
491835,90,"Women"
491844,114,"Men"
491844,224,"Women"
491853,0,"Men"
491853,29,"Women"
491871,0,"Men"
491871,8,"Women"
491880,90,"Men"
491880,2,"Women"
491899,7,"Men"
491899,93,"Women"
491905,1,"Men"
491905,119,"Women"
491914,177,"Men"
491914,0,"Women"
491923,6,"Men"
491923,352,"Women"
491941,10,"Men"
491941,192,"Women"
491950,96,"Men"
491950,460,"Women"
491978,24,"Men"
491978,46,"Women"
491996,2,"Men"
491996,77,"Women"
492005,0,"Men"
492005,61,"Women"
492023,6,"Men"
492023,19,"Women"
492069,110,"Men"
492069,36,"Women"
492078,94,"Men"
492078,1,"Women"
492096,0,"Men"
492096,6,"Women"
492139,84,"Men"
492139,48,"Women"
492148,0,"Men"
492148,10,"Women"
492209,6,"Men"
492209,29,"Women"
492281,27,"Men"
492281,5,"Women"
492306,574,"Men"
492306,902,"Women"
492315,447,"Men"
492315,1012,"Women"
492324,432,"Men"
492324,994,"Women"
492421,22,"Men"
492421,6,"Women"
492449,131,"Men"
492449,442,"Women"
492476,108,"Men"
492476,271,"Women"
492607,39,"Men"
492607,180,"Women"
492652,20,"Men"
492652,16,"Women"
492661,42,"Men"
492661,185,"Women"
492689,384,"Men"
492689,613,"Women"
492704,27,"Men"
492704,213,"Women"
492722,48,"Men"
492722,371,"Women"
492731,33,"Men"
492731,141,"Women"
492759,53,"Men"
492759,572,"Women"
492801,237,"Men"
492801,422,"Women"
492935,49,"Men"
492935,344,"Women"
492953,2,"Men"
492953,73,"Women"
492962,1116,"Men"
492962,1663,"Women"
493071,101,"Men"
493071,280,"Women"
493080,271,"Men"
493080,282,"Women"
493132,1368,"Men"
493132,60,"Women"
493150,14,"Men"
493150,121,"Women"
493451,20,"Men"
493451,70,"Women"
493479,6,"Men"
493479,8,"Women"
493488,13,"Men"
493488,75,"Women"
493512,115,"Men"
493512,78,"Women"
493521,61,"Men"
493521,41,"Women"
493549,111,"Men"
493549,18,"Women"
493567,1,"Men"
493567,42,"Women"
493585,2,"Men"
493585,18,"Women"
493594,63,"Men"
493594,0,"Women"
493600,168,"Men"
493600,0,"Women"
493619,7,"Men"
493619,8,"Women"
493628,18,"Men"
493628,49,"Women"
493637,3,"Men"
493637,42,"Women"
493646,0,"Men"
493646,280,"Women"
493664,65,"Men"
493664,0,"Women"
493673,82,"Men"
493673,110,"Women"
493682,9,"Men"
493682,91,"Women"
493691,0,"Men"
493691,49,"Women"
493707,87,"Men"
493707,0,"Women"
493716,72,"Men"
493716,0,"Women"
493743,190,"Men"
493743,74,"Women"
493752,0,"Men"
493752,8,"Women"
493761,52,"Men"
493761,86,"Women"
493770,0,"Men"
493770,31,"Women"
493798,0,"Men"
493798,97,"Women"
493804,79,"Men"
493804,15,"Women"
493813,10,"Men"
493813,127,"Women"
493822,144,"Men"
493822,350,"Women"
493868,28,"Men"
493868,18,"Women"
493895,1718,"Men"
493895,245,"Women"
493910,0,"Men"
493910,42,"Women"
493947,379,"Men"
493947,253,"Women"
493956,19,"Men"
493956,36,"Women"
493974,37,"Men"
493974,20,"Women"
493992,19,"Men"
493992,166,"Women"
494010,61,"Men"
494010,103,"Women"
494029,21,"Men"
494029,5,"Women"
494162,57,"Men"
494162,531,"Women"
494232,3,"Men"
494232,114,"Women"
494250,51,"Men"
494250,836,"Women"
494278,70,"Men"
494278,255,"Women"
494287,130,"Men"
494287,338,"Women"
494357,674,"Men"
494357,543,"Women"
494436,65,"Men"
494436,269,"Women"
494463,0,"Men"
494463,300,"Women"
494472,1,"Men"
494472,13,"Women"
494524,3,"Men"
494524,136,"Women"
494542,39,"Men"
494542,18,"Women"
494551,0,"Men"
494551,4,"Women"
494588,74,"Men"
494588,350,"Women"
494603,2006,"Men"
494603,844,"Women"
494621,16,"Men"
494621,162,"Women"
494630,16,"Men"
494630,16,"Women"
494649,1,"Men"
494649,55,"Women"
494658,1,"Men"
494658,40,"Women"
494685,193,"Men"
494685,281,"Women"
494694,3,"Men"
494694,147,"Women"
494700,1,"Men"
494700,56,"Women"
494719,77,"Men"
494719,93,"Women"
494728,30,"Men"
494728,12,"Women"
494737,223,"Men"
494737,0,"Women"
494746,128,"Men"
494746,508,"Women"
494755,4,"Men"
494755,57,"Women"
494764,301,"Men"
494764,43,"Women"
494807,116,"Men"
494807,648,"Women"
494843,58,"Men"
494843,508,"Women"
494852,203,"Men"
494852,479,"Women"
494898,6,"Men"
494898,52,"Women"
494904,54,"Men"
494904,258,"Women"
494959,22,"Men"
494959,114,"Women"
494986,2,"Men"
494986,25,"Women"
494995,47,"Men"
494995,1,"Women"
495013,192,"Men"
495013,55,"Women"
495031,51,"Men"
495031,0,"Women"
495040,2,"Men"
495040,48,"Women"
495059,40,"Men"
495059,35,"Women"
495077,5,"Men"
495077,86,"Women"
495101,7,"Men"
495101,49,"Women"
495110,22,"Men"
495110,4,"Women"
495129,89,"Men"
495129,13,"Women"
495138,12,"Men"
495138,5,"Women"
495147,105,"Men"
495147,25,"Women"
495174,17,"Men"
495174,21,"Women"
495183,43,"Men"
495183,65,"Women"
495192,145,"Men"
495192,413,"Women"
495208,12,"Men"
495208,4,"Women"
495217,25,"Men"
495217,8,"Women"
495226,0,"Men"
495226,12,"Women"
495235,0,"Men"
495235,10,"Women"
495244,6,"Men"
495244,63,"Women"
495253,4,"Men"
495253,37,"Women"
495262,0,"Men"
495262,45,"Women"
495271,21,"Men"
495271,133,"Women"
495280,21,"Men"
495280,17,"Women"
495299,37,"Men"
495299,80,"Women"
495305,20,"Men"
495305,126,"Women"
495314,320,"Men"
495314,290,"Women"
495341,42,"Men"
495341,15,"Women"
495369,2,"Men"
495369,62,"Women"
495378,2,"Men"
495378,111,"Women"
495387,24,"Men"
495387,5,"Women"
495411,19,"Men"
495411,128,"Women"
495420,38,"Men"
495420,297,"Women"
495439,32,"Men"
495439,396,"Women"
495448,69,"Men"
495448,493,"Women"
495457,142,"Men"
495457,1087,"Women"
495518,3,"Men"
495518,89,"Women"
495730,4,"Men"
495730,167,"Women"
495776,21,"Men"
495776,3,"Women"
495794,6,"Men"
495794,231,"Women"
495837,70,"Men"
495837,153,"Women"
495916,65,"Men"
495916,131,"Women"
495934,5,"Men"
495934,64,"Women"
495952,165,"Men"
495952,177,"Women"
495961,15,"Men"
495961,99,"Women"
495970,67,"Men"
495970,196,"Women"
495998,9,"Men"
495998,69,"Women"
496043,284,"Men"
496043,306,"Women"
496052,17,"Men"
496052,5,"Women"
496061,31,"Men"
496061,220,"Women"
496265,26,"Men"
496265,3,"Women"
496283,38,"Men"
496283,251,"Women"
496326,66,"Men"
496326,592,"Women"
496371,28,"Men"
496371,1,"Women"
496399,11,"Men"
496399,32,"Women"
496423,1,"Men"
496423,34,"Women"
496469,11,"Men"
496469,134,"Women"
496478,34,"Men"
496478,19,"Women"
496539,0,"Men"
496539,82,"Women"
496575,0,"Men"
496575,28,"Women"
496618,4,"Men"
496618,190,"Women"
496627,438,"Men"
496627,543,"Women"
496636,50,"Men"
496636,201,"Women"
496645,148,"Men"
496645,93,"Women"
496654,20,"Men"
496654,41,"Women"
496663,66,"Men"
496663,19,"Women"
496672,7,"Men"
496672,31,"Women"
496681,1,"Men"
496681,20,"Women"
496690,11,"Men"
496690,34,"Women"
496706,71,"Men"
496706,32,"Women"
496715,17,"Men"
496715,97,"Women"
496724,0,"Men"
496724,28,"Women"
496733,6,"Men"
496733,154,"Women"
496751,10,"Men"
496751,50,"Women"
496803,19,"Men"
496803,15,"Women"
496894,2,"Men"
496894,30,"Women"
496919,499,"Men"
496919,356,"Women"
496955,403,"Men"
496955,254,"Women"
496964,26,"Men"
496964,1,"Women"
496973,26,"Men"
496973,225,"Women"
496991,97,"Men"
496991,716,"Women"
497000,90,"Men"
497000,88,"Women"
497037,213,"Men"
497037,1011,"Women"
497046,2289,"Men"
497046,4347,"Women"
497073,16,"Men"
497073,465,"Women"
497107,38,"Men"
497107,200,"Women"
497116,128,"Men"
497116,1033,"Women"
497125,84,"Men"
497125,943,"Women"
497161,147,"Men"
497161,23,"Women"
497189,1,"Men"
497189,26,"Women"
497198,12,"Men"
497198,182,"Women"
497204,72,"Men"
497204,19,"Women"
497213,19,"Men"
497213,29,"Women"
497222,4,"Men"
497222,55,"Women"
497268,31,"Men"
497268,275,"Women"
497277,57,"Men"
497277,346,"Women"
497286,1238,"Men"
497286,97,"Women"
497301,18,"Men"
497301,286,"Women"
497310,3,"Men"
497310,212,"Women"
497329,76,"Men"
497329,314,"Women"
497338,66,"Men"
497338,427,"Women"
497356,24,"Men"
497356,13,"Women"
497365,20,"Men"
497365,6,"Women"
497374,58,"Men"
497374,408,"Women"
497383,8,"Men"
497383,1,"Women"
497392,71,"Men"
497392,15,"Women"
497408,108,"Men"
497408,96,"Women"
497417,5,"Men"
497417,59,"Women"
497426,21,"Men"
497426,216,"Women"
497435,19,"Men"
497435,40,"Women"
497444,9,"Men"
497444,22,"Women"
497453,5,"Men"
497453,2,"Women"
497462,15,"Men"
497462,8,"Women"
497471,2,"Men"
497471,5,"Women"
497480,249,"Men"
497480,1981,"Women"
497499,27,"Men"
497499,4,"Women"
497657,14,"Men"
497657,10,"Women"
497675,0,"Men"
497675,38,"Women"
497684,1,"Men"
497684,21,"Women"
497693,189,"Men"
497693,212,"Women"
497718,24,"Men"
497718,58,"Women"
497736,11,"Men"
497736,40,"Women"
497745,297,"Men"
497745,36,"Women"
497824,96,"Men"
497824,146,"Women"
497833,112,"Men"
497833,118,"Women"
497888,8,"Men"
497888,110,"Women"
497897,3,"Men"
497897,163,"Women"
497912,3,"Men"
497912,23,"Women"
497949,455,"Men"
497949,456,"Women"
497958,306,"Men"
497958,383,"Women"
498003,93,"Men"
498003,149,"Women"
498012,70,"Men"
498012,9,"Women"
498030,762,"Men"
498030,29,"Women"
498049,43,"Men"
498049,551,"Women"
498076,54,"Men"
498076,520,"Women"
498085,76,"Men"
498085,592,"Women"
498094,36,"Men"
498094,418,"Women"
498100,48,"Men"
498100,695,"Women"
498119,27,"Men"
498119,226,"Women"
498234,35,"Men"
498234,92,"Women"
498298,1,"Men"
498298,84,"Women"
498322,2,"Men"
498322,76,"Women"
498331,45,"Men"
498331,94,"Women"
498340,15,"Men"
498340,113,"Women"
498359,2,"Men"
498359,78,"Women"
498368,0,"Men"
498368,14,"Women"
498386,24,"Men"
498386,35,"Women"
498401,2,"Men"
498401,54,"Women"
498410,38,"Men"
498410,7,"Women"
498447,22,"Men"
498447,326,"Women"
498456,52,"Men"
498456,328,"Women"
498474,143,"Men"
498474,1439,"Women"
498483,23,"Men"
498483,146,"Women"
498553,9,"Men"
498553,74,"Women"
498562,4280,"Men"
498562,6812,"Women"
498571,3771,"Men"
498571,7063,"Women"
498623,85,"Men"
498623,39,"Women"
498641,1,"Men"
498641,12,"Women"
498669,3,"Men"
498669,77,"Women"
498739,14,"Men"
498739,0,"Women"
498748,15,"Men"
498748,18,"Women"
498757,1,"Men"
498757,107,"Women"
498766,0,"Men"
498766,30,"Women"
498775,9,"Men"
498775,38,"Women"
498784,6,"Men"
498784,11,"Women"
498793,12,"Men"
498793,9,"Women"
498809,185,"Men"
498809,0,"Women"
498818,18,"Men"
498818,4,"Women"
498827,25,"Men"
498827,12,"Women"
498836,11,"Men"
498836,44,"Women"
498845,43,"Men"
498845,4,"Women"
498854,16,"Men"
498854,30,"Women"
498863,0,"Men"
498863,66,"Women"
498872,105,"Men"
498872,17,"Women"
498881,28,"Men"
498881,3,"Women"
498890,0,"Men"
498890,51,"Women"
498906,98,"Men"
498906,0,"Women"
498924,27,"Men"
498924,38,"Women"
498951,0,"Men"
498951,55,"Women"
499033,11,"Men"
499033,2,"Women"
499079,6,"Men"
499079,313,"Women"
499103,11,"Men"
499103,21,"Women"
499130,47,"Men"
499130,172,"Women"
499149,16,"Men"
499149,185,"Women"
499176,256,"Men"
499176,63,"Women"
499185,43,"Men"
499185,39,"Women"
499255,37,"Men"
499255,64,"Women"
499273,111,"Men"
499273,1042,"Women"
499282,20,"Men"
499282,295,"Women"
499291,9,"Men"
499291,224,"Women"
499307,24,"Men"
499307,98,"Women"
499325,4,"Men"
499325,15,"Women"
499334,5,"Men"
499334,153,"Women"
499361,0,"Men"
499361,64,"Women"
499370,10,"Men"
499370,123,"Women"
499389,28,"Men"
499389,308,"Women"
499398,7,"Men"
499398,70,"Women"
499404,5,"Men"
499404,159,"Women"
499413,70,"Men"
499413,220,"Women"
499422,14,"Men"
499422,121,"Women"
499495,23,"Men"
499495,317,"Women"
499529,28,"Men"
499529,4,"Women"
499538,2,"Men"
499538,27,"Women"
499547,13,"Men"
499547,315,"Women"
499556,5,"Men"
499556,13,"Women"
499608,3,"Men"
499608,26,"Women"
499635,96,"Men"
499635,318,"Women"
499662,88,"Men"
499662,17,"Women"
499671,53,"Men"
499671,240,"Women"
499680,16,"Men"
499680,65,"Women"
499705,904,"Men"
499705,116,"Women"
499723,37,"Men"
499723,14,"Women"
499732,38,"Men"
499732,11,"Women"
499769,11,"Men"
499769,28,"Women"
499811,3,"Men"
499811,3,"Women"
499820,5,"Men"
499820,3,"Women"
499866,30,"Men"
499866,52,"Women"
499875,617,"Men"
499875,62,"Women"
499884,5,"Men"
499884,52,"Women"
499893,16,"Men"
499893,5,"Women"
499918,20,"Men"
499918,11,"Women"
499927,8,"Men"
499927,2,"Women"
499936,0,"Men"
499936,31,"Women"
499945,14,"Men"
499945,3,"Women"
499954,132,"Men"
499954,11,"Women"
499963,90,"Men"
499963,6,"Women"
499972,0,"Men"
499972,14,"Women"
499981,8,"Men"
499981,10,"Women"
499990,1,"Men"
499990,39,"Women"
500005,11,"Men"
500005,16,"Women"
500014,34,"Men"
500014,349,"Women"
500023,2,"Men"
500023,211,"Women"
500041,10,"Men"
500041,0,"Women"
500087,93,"Men"
500087,476,"Women"
500096,571,"Men"
500096,56,"Women"
500120,121,"Men"
500120,12,"Women"
500157,33,"Men"
500157,6,"Women"
500290,7,"Men"
500290,142,"Women"
500306,24,"Men"
500306,310,"Women"
500324,0,"Men"
500324,24,"Women"
500333,9,"Men"
500333,122,"Women"
500342,4,"Men"
500342,197,"Women"
500379,0,"Men"
500379,7,"Women"
500388,4,"Men"
500388,3,"Women"
500397,27,"Men"
500397,362,"Women"
500403,138,"Men"
500403,12,"Women"
500412,12,"Men"
500412,3,"Women"
500421,49,"Men"
500421,13,"Women"
500430,6,"Men"
500430,56,"Women"
500449,23,"Men"
500449,13,"Women"
500467,6,"Men"
500467,29,"Women"
500537,8,"Men"
500537,5,"Women"
500555,19,"Men"
500555,56,"Women"
