"unitid","inst_name","year","crime","bias","occurrences"
"100663","University of Alabama at Birmingham","2019","Simple Assault","Race",1
"100751","The University of Alabama","2019","Intimidation","Sexual Orientation",1
"100858","Auburn University","2019","Intimidation","Race",1
"101161","Coastal Alabama Community College","2019","Simple Assault","Sexual Orientation",1
"101295","George C Wallace State Community College-Hanceville","2019","Intimidation","Race",1
"101505","Jefferson State Community College","2019","Aggravated Assault","Race",3
"101505","Jefferson State Community College","2019","Intimidation","Race",1
"102553","University of Alaska Anchorage","2019","Intimidation","Race",1
"104179","University of Arizona","2019","Intimidation","Sexual Orientation",1
"105215","Universal Technical Institute of Arizona Inc-Motorcycle Mechanics Institute Division","2019","Intimidation","Race",1
"106148","Yavapai College","2019","Intimidation","Race",1
"106485","University of Arkansas at Monticello","2019","Intimidation","Race",1
"106704","University of Central Arkansas","2019","Robbery","Sexual Orientation",1
"110334","Cabrillo College","2019","Vandalism","Race",1
"110413","California Lutheran University","2019","Intimidation","Religion",1
"110413","California Lutheran University","2019","Intimidation","Sexual Orientation",1
"110538","California State University-Chico","2019","Vandalism","Race",1
"110583","California State University-Long Beach","2019","Intimidation","Race",1
"110608","California State University-Northridge","2019","Simple Assault","Race",1
"110635","University of California-Berkeley","2019","Aggravated Assault","Race",1
"110635","University of California-Berkeley","2019","Aggravated Assault","National Origin",1
"110644","University of California-Davis","2019","Simple Assault","Race",4
"110653","University of California-Irvine","2019","Vandalism","Ethnicity",1
"110662","University of California-Los Angeles","2019","Intimidation","Race",1
"110662","University of California-Los Angeles","2019","Intimidation","Religion",1
"110662","University of California-Los Angeles","2019","Vandalism","Religion",1
"110671","University of California-Riverside","2019","Simple Assault","Sexual Orientation",1
"110671","University of California-Riverside","2019","Vandalism","Religion",1
"110671","University of California-Riverside","2019","Vandalism","Ethnicity",1
"110680","University of California-San Diego","2019","Intimidation","Sexual Orientation",1
"110705","University of California-Santa Barbara","2019","Intimidation","National Origin",1
"111081","California Institute of the Arts","2019","Vandalism","Race",1
"111948","Chapman University","2019","Vandalism","Religion",1
"111948","Chapman University","2019","Vandalism","Sexual Orientation",1
"112075","Concordia University-Irvine","2019","Intimidation","Race",1
"113096","Cosumnes River College","2019","Intimidation","Race",1
"113218","Cuyamaca College","2019","Vandalism","Race",1
"113236","Cypress College","2019","Vandalism","Race",1
"113856","East Los Angeles College","2019","Vandalism","Sexual Orientation",1
"114266","Evergreen Valley College","2019","Vandalism","Sexual Orientation",1
"115755","Humboldt State University","2019","Simple Assault","Race",1
"115755","Humboldt State University","2019","Intimidation","Religion",1
"116846","American Jewish University","2019","Vandalism","Religion",1
"117140","University of La Verne","2019","Intimidation","Race",1
"117627","La Sierra University","2019","Intimidation","Sexual Orientation",1
"117627","La Sierra University","2019","Vandalism","Sexual Orientation",1
"119164","Mt San Antonio College","2019","Vandalism","Religion",1
"120342","Orange Coast College","2019","Vandalism","Ethnicity",1
"121257","Pitzer College","2019","Intimidation","Religion",1
"121257","Pitzer College","2019","Intimidation","Ethnicity",1
"121257","Pitzer College","2019","Vandalism","Race",1
"121637","Shasta School of Cosmetology","2019","Simple Assault","Sexual Orientation",1
"121707","College of the Redwoods","2019","Intimidation","Religion",1
"122436","University of San Diego","2019","Vandalism","Sexual Orientation",1
"122658","San Joaquin Delta College","2019","Vandalism","Sexual Orientation",1
"122658","San Joaquin Delta College","2019","Vandalism","Ethnicity",2
"122746","San Jose City College","2019","Intimidation","Gender",1
"122889","Santa Barbara City College","2019","Vandalism","Race",1
"122977","Santa Monica College","2019","Intimidation","Race",1
"122977","Santa Monica College","2019","Intimidation","Sexual Orientation",1
"122977","Santa Monica College","2019","Intimidation","Ethnicity",1
"123572","Sonoma State University","2019","Aggravated Assault","Ethnicity",1
"123961","University of Southern California","2019","Simple Assault","National Origin",1
"123961","University of Southern California","2019","Intimidation","Sexual Orientation",2
"123961","University of Southern California","2019","Intimidation","Ethnicity",1
"123961","University of Southern California","2019","Vandalism","Religion",1
"126562","University of Colorado Denver/Anschutz Medical Campus","2019","Intimidation","Religion",1
"126580","University of Colorado Colorado Springs","2019","Simple Assault","Race",2
"126614","University of Colorado Boulder","2019","Intimidation","Race",2
"126614","University of Colorado Boulder","2019","Intimidation","Sexual Orientation",3
"126614","University of Colorado Boulder","2019","Intimidation","Ethnicity",1
"126614","University of Colorado Boulder","2019","Vandalism","Race",1
"126614","University of Colorado Boulder","2019","Vandalism","Religion",1
"126818","Colorado State University-Fort Collins","2019","Intimidation","Race",1
"126818","Colorado State University-Fort Collins","2019","Vandalism","Religion",1
"126942","Community College of Denver","2019","Intimidation","Race",1
"127060","University of Denver","2019","Intimidation","Race",1
"127185","Fort Lewis College","2019","Intimidation","Race",1
"127556","Colorado Mesa University","2019","Intimidation","Sexual Orientation",1
"127741","University of Northern Colorado","2019","Robbery","Sexual Orientation",1
"127741","University of Northern Colorado","2019","Aggravated Assault","Sexual Orientation",1
"127918","Regis University","2019","Intimidation","Race",1
"128106","Colorado State University-Pueblo","2019","Vandalism","Race",1
"128771","Central Connecticut State University","2019","Intimidation","Sexual Orientation",1
"128771","Central Connecticut State University","2019","Vandalism","Race",1
"129020","University of Connecticut","2019","Intimidation","Race",1
"129020","University of Connecticut","2019","Intimidation","Gender",1
"129525","University of Hartford","2019","Intimidation","Sexual Orientation",1
"130226","Quinnipiac University","2019","Vandalism","Sexual Orientation",2
"130590","Trinity College","2019","Vandalism","Race",1
"130776","Western Connecticut State University","2019","Vandalism","Race",1
"130943","University of Delaware","2019","Vandalism","Race",1
"131159","American University","2019","Aggravated Assault","Race",1
"131450","Gallaudet University","2019","Simple Assault","Race",2
"131450","Gallaudet University","2019","Intimidation","Religion",1
"131450","Gallaudet University","2019","Vandalism","Sexual Orientation",2
"131496","Georgetown University","2019","Simple Assault","Race",1
"131496","Georgetown University","2019","Intimidation","Race",1
"131520","Howard University","2019","Simple Assault","Ethnicity",1
"132903","University of Central Florida","2019","Simple Assault","Ethnicity",1
"132903","University of Central Florida","2019","Vandalism","Race",1
"133492","Eckerd College","2019","Vandalism","Religion",1
"133702","Florida State College at Jacksonville","2019","Intimidation","Sexual Orientation",1
"133951","Florida International University","2019","Vandalism","Religion",1
"134097","Florida State University","2019","Vandalism","Sexual Orientation",1
"135391","State College of Florida-Manatee-Sarasota","2019","Vandalism","Race",1
"135647","Miami Lakes Educational Center and Technical College","2019","Simple Assault","Race",1
"135647","Miami Lakes Educational Center and Technical College","2019","Larceny","Race",1
"135726","University of Miami","2019","Vandalism","Religion",1
"135726","University of Miami","2019","Vandalism","Sexual Orientation",1
"136950","Rollins College","2019","Vandalism","Sexual Orientation",2
"137847","The University of Tampa","2019","Larceny","Race",1
"137847","The University of Tampa","2019","Intimidation","Sexual Orientation",1
"139366","Columbus State University","2019","Intimidation","Race",1
"139959","University of Georgia","2019","Vandalism","Race",2
"142115","Boise State University","2019","Intimidation","Race",2
"142115","Boise State University","2019","Vandalism","Sexual Orientation",1
"142328","Lewis-Clark State College","2019","Intimidation","Religion",1
"144050","University of Chicago","2019","Intimidation","Race",1
"144175","City Colleges of Chicago-Olive-Harvey College","2019","Simple Assault","Religion",1
"144193","City Colleges of Chicago-Richard J Daley College","2019","Intimidation","Ethnicity",1
"144218","City Colleges of Chicago-Wilbur Wright College","2019","Vandalism","Race",1
"144281","Columbia College Chicago","2019","Intimidation","Race",1
"144351","Concordia University-Chicago","2019","Vandalism","Race",3
"144740","DePaul University","2019","Simple Assault","Race",1
"144962","Elmhurst College","2019","Vandalism","Race",1
"144962","Elmhurst College","2019","Vandalism","Ethnicity",1
"145372","Greenville University","2019","Intimidation","Race",1
"145600","University of Illinois at Chicago","2019","Vandalism","Sexual Orientation",1
"145682","Illinois Central College","2019","Intimidation","Sexual Orientation",1
"146427","Knox College","2019","Simple Assault","Race",1
"146472","College of Lake County","2019","Vandalism","Race",2
"146481","Lake Forest College","2019","Simple Assault","Race",1
"146719","Loyola University Chicago","2019","Intimidation","Race",1
"147378","Moraine Valley Community College","2019","Intimidation","Gender",1
"147767","Northwestern University","2019","Vandalism","Religion",1
"148511","Rush University","2019","Simple Assault","Race",1
"148627","Saint Xavier University","2019","Simple Assault","Race",1
"148627","Saint Xavier University","2019","Vandalism","Ethnicity",1
"148654","University of Illinois at Springfield","2019","Rape","Sexual Orientation",1
"149231","Southern Illinois University-Edwardsville","2019","Intimidation","Sexual Orientation",1
"150163","Butler University","2019","Intimidation","Religion",1
"150400","DePauw University","2019","Intimidation","Race",2
"151102","Indiana University-Purdue University-Fort Wayne","2019","Vandalism","Sexual Orientation",1
"151351","Indiana University-Bloomington","2019","Vandalism","Race",2
"151351","Indiana University-Bloomington","2019","Vandalism","Sexual Orientation",1
"151777","Manchester University","2019","Vandalism","Race",1
"152080","University of Notre Dame","2019","Intimidation","National Origin",1
"152080","University of Notre Dame","2019","Vandalism","Race",1
"153278","University of Dubuque","2019","Rape","Sexual Orientation",1
"153375","Grand View University","2019","Intimidation","Gender",3
"153588","American College of Hairstyling-Des Moines","2019","Burglary","Race",1
"153603","Iowa State University","2019","Intimidation","Race",1
"153658","University of Iowa","2019","Vandalism","Race",1
"153658","University of Iowa","2019","Vandalism","Sexual Orientation",1
"153861","Maharishi University of Management","2019","Intimidation","National Origin",1
"153861","Maharishi University of Management","2019","Vandalism","Race",1
"154095","University of Northern Iowa","2019","Intimidation","Race",1
"154235","Saint Ambrose University","2019","Intimidation","Sexual Orientation",2
"154235","Saint Ambrose University","2019","Vandalism","Race",4
"154235","Saint Ambrose University","2019","Vandalism","Sexual Orientation",4
"155025","Emporia State University","2019","Intimidation","Race",1
"155210","Johnson County Community College","2019","Simple Assault","Race",1
"155317","University of Kansas","2019","Intimidation","Race",1
"155317","University of Kansas","2019","Intimidation","National Origin",1
"156295","Berea College","2019","Vandalism","Disability",1
"156356","Brescia University","2019","Vandalism","Race",1
"156745","Georgetown College","2019","Vandalism","Race",1
"157085","University of Kentucky","2019","Simple Assault","Religion",1
"157483","West Kentucky Community and Technical College","2019","Intimidation","Ethnicity",1
"157951","Western Kentucky University","2019","Vandalism","Race",1
"160755","Tulane University of Louisiana","2019","Vandalism","Religion",1
"160959","College of the Atlantic","2019","Intimidation","Gender",1
"161077","Central Maine Community College","2019","Simple Assault","Sexual Orientation",2
"161244","University of Maine at Machias","2019","Vandalism","Ethnicity",2
"161509","Maine College of Art","2019","Intimidation","Race",1
"161545","Southern Maine Community College","2019","Simple Assault","Sexual Orientation",1
"161545","Southern Maine Community College","2019","Intimidation","Race",1
"161767","Anne Arundel Community College","2019","Intimidation","Race",2
"162760","Hood College","2019","Intimidation","Race",1
"162760","Hood College","2019","Intimidation","Ethnicity",1
"162760","Hood College","2019","Vandalism","Race",1
"163259","University of Maryland, Baltimore","2019","Simple Assault","Race",1
"163286","University of Maryland-College Park","2019","Arson","Sexual Orientation",1
"163286","University of Maryland-College Park","2019","Intimidation","Religion",1
"163286","University of Maryland-College Park","2019","Intimidation","Ethnicity",1
"163286","University of Maryland-College Park","2019","Vandalism","Sexual Orientation",1
"163338","University of Maryland Eastern Shore","2019","Vandalism","Race",1
"163851","Salisbury University","2019","Vandalism","Race",2
"164216","Washington College","2019","Intimidation","Race",3
"164739","Bentley University","2019","Intimidation","Religion",1
"164988","Boston University","2019","Simple Assault","Race",1
"164988","Boston University","2019","Vandalism","Religion",1
"165024","Bridgewater State University","2019","Intimidation","Race",1
"165529","Curry College","2019","Vandalism","Race",1
"165644","Eastern Nazarene College","2019","Vandalism","Ethnicity",1
"165820","Fitchburg State University","2019","Vandalism","Sexual Orientation",1
"165866","Framingham State University","2019","Intimidation","Race",2
"165866","Framingham State University","2019","Vandalism","Race",1
"166027","Harvard University","2019","Simple Assault","Race",2
"166027","Harvard University","2019","Intimidation","Race",1
"166027","Harvard University","2019","Vandalism","Religion",1
"166124","College of the Holy Cross","2019","Vandalism","Race",1
"166133","Holyoke Community College","2019","Intimidation","Race",2
"166629","University of Massachusetts-Amherst","2019","Vandalism","Religion",1
"166647","Massachusetts Bay Community College","2019","Simple Assault","Gender",1
"166656","MCPHS University","2019","Intimidation","Religion",1
"166823","Massasoit Community College","2019","Vandalism","Religion",1
"166823","Massasoit Community College","2019","Vandalism","Ethnicity",1
"167358","Northeastern University","2019","Intimidation","Race",2
"167358","Northeastern University","2019","Intimidation","Religion",1
"167358","Northeastern University","2019","Vandalism","National Origin",1
"167455","Pine Manor College","2019","Intimidation","Sexual Orientation",1
"167729","Salem State University","2019","Vandalism","Sexual Orientation",1
"167792","Bard College at Simon's Rock","2019","Aggravated Assault","Ethnicity",1
"167792","Bard College at Simon's Rock","2019","Vandalism","Religion",2
"167792","Bard College at Simon's Rock","2019","Vandalism","Ethnicity",1
"167835","Smith College","2019","Vandalism","Religion",1
"167996","Stonehill College","2019","Intimidation","Race",1
"168148","Tufts University","2019","Intimidation","Religion",1
"168148","Tufts University","2019","Intimidation","Sexual Orientation",1
"168148","Tufts University","2019","Intimidation","National Origin",1
"168148","Tufts University","2019","Vandalism","Race",1
"168148","Tufts University","2019","Vandalism","Religion",2
"168148","Tufts University","2019","Vandalism","Sexual Orientation",1
"168227","Wentworth Institute of Technology","2019","Vandalism","Race",1
"168227","Wentworth Institute of Technology","2019","Vandalism","Sexual Orientation",1
"168281","Wheaton College","2019","Vandalism","Religion",3
"168342","Williams College","2019","Intimidation","Race",1
"168342","Williams College","2019","Intimidation","Sexual Orientation",3
"168546","Albion College","2019","Intimidation","Race",1
"168546","Albion College","2019","Vandalism","Race",1
"169479","Davenport University","2019","Intimidation","Race",1
"169503","David Pressley School of Cosmetology","2019","Larceny","Sexual Orientation",1
"169503","David Pressley School of Cosmetology","2019","Intimidation","Sexual Orientation",1
"169798","Eastern Michigan University","2019","Fondling","Gender Identity",1
"170976","University of Michigan-Ann Arbor","2019","Simple Assault","Race",1
"170976","University of Michigan-Ann Arbor","2019","Simple Assault","Ethnicity",1
"170976","University of Michigan-Ann Arbor","2019","Intimidation","Race",1
"170976","University of Michigan-Ann Arbor","2019","Intimidation","Ethnicity",1
"171146","University of Michigan-Flint","2019","Simple Assault","Sexual Orientation",1
"171571","Oakland University","2019","Vandalism","Sexual Orientation",1
"173300","Concordia College at Moorhead","2019","Intimidation","Race",1
"173957","Mayo Clinic School of Medicine","2019","Intimidation","Race",4
"173957","Mayo Clinic School of Medicine","2019","Intimidation","Sexual Orientation",1
"173957","Mayo Clinic School of Medicine","2019","Intimidation","National Origin",1
"174020","Metropolitan State University","2019","Aggravated Assault","Race",1
"174066","University of Minnesota-Twin Cities","2019","Intimidation","Sexual Orientation",2
"174066","University of Minnesota-Twin Cities","2019","Vandalism","Gender Identity",1
"174075","University of Minnesota-Crookston","2019","Simple Assault","Race",1
"174136","Minneapolis Community and Technical College","2019","Intimidation","Religion",1
"174136","Minneapolis Community and Technical College","2019","Intimidation","Ethnicity",1
"174914","University of St Thomas","2019","Intimidation","Race",1
"174914","University of St Thomas","2019","Vandalism","Religion",1
"175935","Meridian Community College","2019","Intimidation","Gender",1
"176178","Northwest Mississippi Community College","2019","Intimidation","Race",1
"178369","Missouri Valley College","2019","Robbery","Race",1
"178369","Missouri Valley College","2019","Aggravated Assault","Race",1
"178369","Missouri Valley College","2019","Burglary","Race",1
"178369","Missouri Valley College","2019","Larceny","Race",1
"178369","Missouri Valley College","2019","Intimidation","Race",2
"178369","Missouri Valley College","2019","Intimidation","Sexual Orientation",1
"178387","Missouri Western State University","2019","Intimidation","Religion",1
"178411","Missouri University of Science and Technology","2019","Intimidation","Sexual Orientation",6
"178615","Truman State University","2019","Intimidation","Sexual Orientation",3
"178891","Ranken Technical College","2019","Simple Assault","Race",1
"178891","Ranken Technical College","2019","Intimidation","Race",1
"179159","Saint Louis University","2019","Vandalism","Sexual Orientation",1
"179557","Southeast Missouri State University","2019","Intimidation","Sexual Orientation",2
"179715","North Central Missouri College","2019","Simple Assault","Race",1
"179715","North Central Missouri College","2019","Intimidation","Race",1
"180461","Montana State University","2019","Intimidation","Race",1
"180595","Rocky Mountain College","2019","Vandalism","Race",2
"181002","Creighton University","2019","Vandalism","Religion",1
"181215","University of Nebraska at Kearney","2019","Vandalism","Sexual Orientation",2
"181330","Midland University","2019","Vandalism","Race",1
"181394","University of Nebraska at Omaha","2019","Intimidation","Religion",1
"181394","University of Nebraska at Omaha","2019","Vandalism","Race",2
"181428","University of Nebraska Medical Center","2019","Intimidation","Race",1
"181446","Nebraska Wesleyan University","2019","Larceny","Ethnicity",1
"181464","University of Nebraska-Lincoln","2019","Simple Assault","Ethnicity",1
"181464","University of Nebraska-Lincoln","2019","Intimidation","Race",2
"181464","University of Nebraska-Lincoln","2019","Intimidation","National Origin",1
"181464","University of Nebraska-Lincoln","2019","Vandalism","Race",2
"182281","University of Nevada-Las Vegas","2019","Aggravated Assault","National Origin",2
"182281","University of Nevada-Las Vegas","2019","Simple Assault","Gender Identity",1
"182281","University of Nevada-Las Vegas","2019","Intimidation","Religion",1
"182281","University of Nevada-Las Vegas","2019","Intimidation","Sexual Orientation",1
"182281","University of Nevada-Las Vegas","2019","Intimidation","Ethnicity",1
"182281","University of Nevada-Las Vegas","2019","Vandalism","Race",1
"182281","University of Nevada-Las Vegas","2019","Vandalism","Religion",1
"182290","University of Nevada-Reno","2019","Vandalism","Religion",1
"182670","Dartmouth College","2019","Vandalism","Religion",1
"182795","Franklin Pierce University","2019","Intimidation","Race",1
"183044","University of New Hampshire-Main Campus","2019","Simple Assault","Race",1
"183044","University of New Hampshire-Main Campus","2019","Intimidation","Race",2
"183044","University of New Hampshire-Main Campus","2019","Intimidation","Ethnicity",2
"183044","University of New Hampshire-Main Campus","2019","Vandalism","Sexual Orientation",1
"183044","University of New Hampshire-Main Campus","2019","Vandalism","Gender Identity",2
"183044","University of New Hampshire-Main Campus","2019","Vandalism","National Origin",1
"183080","Plymouth State University","2019","Vandalism","Race",1
"183743","Bergen Community College","2019","Intimidation","Race",1
"183743","Bergen Community College","2019","Intimidation","Gender",1
"184782","Rowan University","2019","Vandalism","Sexual Orientation",1
"185129","New Jersey City University","2019","Intimidation","Religion",1
"185129","New Jersey City University","2019","Intimidation","Sexual Orientation",1
"185590","Montclair State University","2019","Intimidation","Race",2
"185590","Montclair State University","2019","Vandalism","Religion",1
"185828","New Jersey Institute of Technology","2019","Intimidation","Race",1
"186283","Rider University","2019","Vandalism","Race",1
"186380","Rutgers University-New Brunswick","2019","Intimidation","Race",2
"186399","Rutgers University-Newark","2019","Intimidation","Race",1
"186399","Rutgers University-Newark","2019","Intimidation","Religion",1
"187444","William Paterson University of New Jersey","2019","Intimidation","Religion",1
"187444","William Paterson University of New Jersey","2019","Intimidation","Sexual Orientation",1
"187532","Central New Mexico Community College","2019","Intimidation","Gender",1
"187532","Central New Mexico Community College","2019","Intimidation","Ethnicity",1
"187985","University of New Mexico-Main Campus","2019","Intimidation","Religion",1
"187985","University of New Mexico-Main Campus","2019","Intimidation","Ethnicity",1
"188340","Vaughn College of Aeronautics and Technology","2019","Simple Assault","National Origin",1
"189088","Bard College","2019","Simple Assault","Race",1
"189857","Central Yeshiva Tomchei Tmimim Lubavitz","2019","Larceny","Religion",1
"190044","Clarkson University","2019","Vandalism","Race",4
"190044","Clarkson University","2019","Vandalism","Religion",2
"190044","Clarkson University","2019","Vandalism","National Origin",4
"190150","Columbia University in the City of New York","2019","Intimidation","Race",2
"190150","Columbia University in the City of New York","2019","Intimidation","Sexual Orientation",1
"190415","Cornell University","2019","Intimidation","Gender",1
"190549","CUNY Brooklyn College","2019","Intimidation","Race",1
"190594","CUNY Hunter College","2019","Vandalism","Race",4
"190600","CUNY John Jay College of Criminal Justice","2019","Intimidation","Sexual Orientation",1
"190600","CUNY John Jay College of Criminal Justice","2019","Vandalism","Race",2
"190600","CUNY John Jay College of Criminal Justice","2019","Vandalism","National Origin",1
"190619","CUNY Kingsborough Community College","2019","Vandalism","Race",1
"190637","CUNY Lehman College","2019","Intimidation","Race",1
"190664","CUNY Queens College","2019","Vandalism","Religion",3
"190983","Elmira College","2019","Simple Assault","Race",2
"191241","Fordham University","2019","Vandalism","Race",1
"191241","Fordham University","2019","Vandalism","Religion",1
"191630","Hobart William Smith Colleges","2019","Larceny","Sexual Orientation",1
"191630","Hobart William Smith Colleges","2019","Intimidation","Sexual Orientation",2
"191931","Iona College","2019","Intimidation","Race",1
"191968","Ithaca College","2019","Vandalism","Religion",1
"192712","Manhattan School of Music","2019","Intimidation","Religion",2
"192712","Manhattan School of Music","2019","Intimidation","Sexual Orientation",1
"193283","Mohawk Valley Community College","2019","Intimidation","Ethnicity",1
"193478","Nassau Community College","2019","Intimidation","Race",2
"193478","Nassau Community College","2019","Vandalism","Religion",3
"194028","North Country Community College","2019","Intimidation","Race",1
"194091","New York Institute of Technology","2019","Intimidation","Race",1
"194222","Onondaga Community College","2019","Intimidation","Sexual Orientation",1
"194222","Onondaga Community College","2019","Intimidation","Ethnicity",1
"194222","Onondaga Community College","2019","Intimidation","National Origin",1
"194736","Rabbinical College of Long Island","2019","Larceny","Religion",1
"195003","Rochester Institute of Technology","2019","Intimidation","National Origin",1
"195058","Rockland Community College","2019","Vandalism","Religion",1
"195216","St Lawrence University","2019","Intimidation","Sexual Orientation",1
"195988","Sullivan County Community College","2019","Vandalism","Religion",1
"196024","SUNY College of Technology at Delhi","2019","Vandalism","Race",1
"196033","SUNY College of Agriculture and Technology at Cobleskill","2019","Vandalism","Religion",1
"196042","Farmingdale State College","2019","Intimidation","Religion",1
"196042","Farmingdale State College","2019","Vandalism","Sexual Orientation",1
"196088","University at Buffalo","2019","Simple Assault","Race",1
"196088","University at Buffalo","2019","Vandalism","Race",1
"196097","Stony Brook University","2019","Intimidation","Race",1
"196097","Stony Brook University","2019","Vandalism","Race",1
"196130","SUNY Buffalo State","2019","Simple Assault","Race",1
"196176","State University of New York at New Paltz","2019","Vandalism","Race",1
"196219","SUNY at Purchase College","2019","Vandalism","Religion",1
"196237","SUNY College at Old Westbury","2019","Intimidation","Race",1
"196237","SUNY College at Old Westbury","2019","Intimidation","Sexual Orientation",1
"196237","SUNY College at Old Westbury","2019","Intimidation","National Origin",1
"196246","SUNY College at Plattsburgh","2019","Intimidation","Race",2
"196246","SUNY College at Plattsburgh","2019","Intimidation","Religion",1
"196246","SUNY College at Plattsburgh","2019","Vandalism","Race",1
"196413","Syracuse University","2019","Intimidation","Race",1
"196413","Syracuse University","2019","Intimidation","Gender",1
"196413","Syracuse University","2019","Intimidation","National Origin",1
"196413","Syracuse University","2019","Vandalism","Race",8
"196413","Syracuse University","2019","Vandalism","National Origin",1
"196565","Tompkins Cortland Community College","2019","Intimidation","Disability",1
"196699","Ulster County Community College","2019","Vandalism","Sexual Orientation",1
"196699","Ulster County Community College","2019","Vandalism","National Origin",1
"197294","SUNY Westchester Community College","2019","Vandalism","Race",1
"197294","SUNY Westchester Community College","2019","Vandalism","Sexual Orientation",2
"197708","Yeshiva University","2019","Intimidation","Religion",2
"197744","Yeshivath Zichron Moshe","2019","Larceny","Religion",1
"198039","Blue Ridge Community College","2019","Vandalism","Race",1
"198464","East Carolina University","2019","Intimidation","Gender",1
"199120","University of North Carolina at Chapel Hill","2019","Simple Assault","Sexual Orientation",1
"199120","University of North Carolina at Chapel Hill","2019","Intimidation","Religion",1
"199120","University of North Carolina at Chapel Hill","2019","Vandalism","Race",7
"199120","University of North Carolina at Chapel Hill","2019","Vandalism","Religion",2
"199148","University of North Carolina at Greensboro","2019","Intimidation","Sexual Orientation",1
"199193","North Carolina State University at Raleigh","2019","Vandalism","Sexual Orientation",2
"199218","University of North Carolina Wilmington","2019","Simple Assault","Race",1
"199272","William Peace University","2019","Vandalism","Race",1
"200156","University of Jamestown","2019","Simple Assault","Race",1
"201104","Ashland University","2019","Vandalism","Religion",1
"201441","Bowling Green State University-Main Campus","2019","Intimidation","Sexual Orientation",1
"201441","Bowling Green State University-Main Campus","2019","Intimidation","Ethnicity",1
"201548","Capital University","2019","Intimidation","Sexual Orientation",1
"201548","Capital University","2019","Vandalism","Race",1
"201654","Cedarville University","2019","Intimidation","Sexual Orientation",2
"202480","University of Dayton","2019","Larceny","Sexual Orientation",3
"203535","Kenyon College","2019","Vandalism","Religion",1
"203748","Lorain County Community College","2019","Intimidation","Ethnicity",1
"204617","Ohio Dominican University","2019","Vandalism","Race",1
"204635","Ohio Northern University","2019","Intimidation","Sexual Orientation",1
"204796","Ohio State University-Main Campus","2019","Simple Assault","Race",1
"204796","Ohio State University-Main Campus","2019","Simple Assault","Sexual Orientation",2
"204796","Ohio State University-Main Campus","2019","Simple Assault","Gender",1
"204796","Ohio State University-Main Campus","2019","Intimidation","Sexual Orientation",1
"204796","Ohio State University-Main Campus","2019","Vandalism","Religion",1
"204796","Ohio State University-Main Campus","2019","Vandalism","Sexual Orientation",3
"204796","Ohio State University-Main Campus","2019","Vandalism","National Origin",1
"204857","Ohio University-Main Campus","2019","Intimidation","Race",1
"205957","Franciscan University of Steubenville","2019","Intimidation","Sexual Orientation",1
"206941","University of Central Oklahoma","2019","Intimidation","Race",1
"207388","Oklahoma State University-Main Campus","2019","Vandalism","Ethnicity",1
"207397","Oklahoma State University-Oklahoma City","2019","Intimidation","Race",1
"207458","Oklahoma City University","2019","Intimidation","Race",1
"209551","University of Oregon","2019","Intimidation","Race",1
"209551","University of Oregon","2019","Vandalism","Ethnicity",1
"209612","Pacific University","2019","Intimidation","Race",1
"209807","Portland State University","2019","Intimidation","Race",1
"209807","Portland State University","2019","Vandalism","Race",1
"210146","Southern Oregon University","2019","Vandalism","Sexual Orientation",1
"210146","Southern Oregon University","2019","Vandalism","Gender Identity",1
"210669","Allegheny College","2019","Intimidation","Sexual Orientation",1
"210669","Allegheny College","2019","Vandalism","Sexual Orientation",2
"211291","Bucknell University","2019","Simple Assault","Ethnicity",1
"211981","Delaware Valley University","2019","Intimidation","Sexual Orientation",1
"212009","Dickinson College","2019","Intimidation","Race",2
"212054","Drexel University","2019","Simple Assault","Race",1
"212054","Drexel University","2019","Simple Assault","Religion",1
"212160","Edinboro University of Pennsylvania","2019","Vandalism","Ethnicity",1
"212577","Franklin and Marshall College","2019","Vandalism","Ethnicity",1
"212674","Gettysburg College","2019","Rape","Gender Identity",1
"212674","Gettysburg College","2019","Intimidation","Race",1
"212674","Gettysburg College","2019","Intimidation","Religion",1
"213598","Lincoln University","2019","Simple Assault","Religion",1
"214041","Millersville University of Pennsylvania","2019","Vandalism","Race",1
"214731","Pennsylvania State University-Penn State Brandywine","2019","Simple Assault","Sexual Orientation",1
"214777","Pennsylvania State University-Main Campus","2019","Simple Assault","National Origin",1
"214777","Pennsylvania State University-Main Campus","2019","Intimidation","National Origin",1
"214777","Pennsylvania State University-Main Campus","2019","Vandalism","Race",1
"216010","Shippensburg University of Pennsylvania","2019","Intimidation","Race",2
"216339","Temple University","2019","Intimidation","Race",3
"216339","Temple University","2019","Intimidation","Religion",1
"216339","Temple University","2019","Intimidation","Gender",1
"216339","Temple University","2019","Intimidation","Ethnicity",1
"216339","Temple University","2019","Intimidation","National Origin",1
"216339","Temple University","2019","Vandalism","Ethnicity",1
"216524","Ursinus College","2019","Vandalism","Gender Identity",1
"216597","Villanova University","2019","Intimidation","Race",1
"216597","Villanova University","2019","Intimidation","Ethnicity",1
"216667","Washington & Jefferson College","2019","Vandalism","Sexual Orientation",1
"216667","Washington & Jefferson College","2019","Vandalism","Ethnicity",1
"217059","York College of Pennsylvania","2019","Intimidation","Race",2
"217156","Brown University","2019","Simple Assault","Sexual Orientation",1
"217156","Brown University","2019","Vandalism","Sexual Orientation",3
"217165","Bryant University","2019","Vandalism","Race",1
"217475","Community College of Rhode Island","2019","Vandalism","Race",1
"217475","Community College of Rhode Island","2019","Vandalism","Religion",2
"217475","Community College of Rhode Island","2019","Vandalism","Sexual Orientation",1
"218070","Furman","2019","Vandalism","Religion",1
"218335","Medical University of South Carolina","2019","Intimidation","Race",3
"218539","Presbyterian College","2019","Intimidation","National Origin",2
"219082","Dakota State University","2019","Vandalism","Sexual Orientation",1
"219347","South Dakota School of Mines and Technology","2019","Vandalism","Religion",1
"221892","Trevecca Nazarene University","2019","Vandalism","Race",1
"225502","University of Houston-Victoria","2019","Intimidation","Race",1
"225502","University of Houston-Victoria","2019","Intimidation","National Origin",1
"225511","University of Houston","2019","Simple Assault","Sexual Orientation",1
"225511","University of Houston","2019","Intimidation","Race",1
"225511","University of Houston","2019","Intimidation","Religion",1
"225511","University of Houston","2019","Intimidation","Sexual Orientation",1
"225511","University of Houston","2019","Intimidation","Disability",2
"225511","University of Houston","2019","Vandalism","Race",2
"226134","Laredo Community College","2019","Simple Assault","Gender",2
"226134","Laredo Community College","2019","Larceny","Gender",1
"226833","Midwestern State University","2019","Vandalism","Ethnicity",1
"227368","The University of Texas Rio Grande Valley","2019","Vandalism","Race",1
"227881","Sam Houston State University","2019","Vandalism","Sexual Orientation",1
"228459","Texas State University","2019","Intimidation","Race",2
"229115","Texas Tech University","2019","Intimidation","Race",2
"229115","Texas Tech University","2019","Intimidation","Sexual Orientation",1
"229115","Texas Tech University","2019","Intimidation","National Origin",1
"229425","UCAS University of Cosemtology Arts & Sciences-McAllen","2019","Larceny","Gender",1
"230038","Brigham Young University-Provo","2019","Intimidation","Sexual Orientation",1
"230038","Brigham Young University-Provo","2019","Intimidation","Gender",1
"230047","Brigham Young University-Hawaii","2019","Simple Assault","Race",1
"230737","Utah Valley University","2019","Simple Assault","Race",1
"230764","University of Utah","2019","Simple Assault","Race",1
"230807","Westminster College","2019","Simple Assault","Sexual Orientation",1
"230807","Westminster College","2019","Intimidation","Religion",1
"230834","Castleton University","2019","Vandalism","Race",1
"230852","Champlain College","2019","Vandalism","Race",1
"231174","University of Vermont","2019","Vandalism","Race",2
"231712","Christopher Newport University","2019","Simple Assault","Race",1
"231712","Christopher Newport University","2019","Intimidation","Race",1
"231712","Christopher Newport University","2019","Intimidation","Sexual Orientation",1
"232025","Emory & Henry College","2019","Intimidation","Race",1
"232186","George Mason University","2019","Intimidation","Sexual Orientation",1
"232186","George Mason University","2019","Vandalism","Sexual Orientation",1
"232195","Germanna Community College","2019","Intimidation","Sexual Orientation",1
"232195","Germanna Community College","2019","Vandalism","Sexual Orientation",1
"232265","Hampton University","2019","Intimidation","Sexual Orientation",1
"232265","Hampton University","2019","Intimidation","Gender",2
"232566","Longwood University","2019","Intimidation","Race",1
"232946","Northern Virginia Community College","2019","Intimidation","Race",2
"233301","Randolph College","2019","Vandalism","Sexual Orientation",2
"233541","Shenandoah University","2019","Intimidation","Race",1
"233541","Shenandoah University","2019","Intimidation","Gender",1
"234030","Virginia Commonwealth University","2019","Intimidation","Sexual Orientation",1
"234076","University of Virginia-Main Campus","2019","Intimidation","Race",1
"234085","Virginia Military Institute","2019","Intimidation","Race",1
"234085","Virginia Military Institute","2019","Intimidation","Gender",1
"234207","Washington and Lee University","2019","Vandalism","Race",1
"234845","Centralia College","2019","Simple Assault","Race",1
"235097","Eastern Washington University","2019","Simple Assault","Race",1
"235167","The Evergreen State College","2019","Simple Assault","Religion",2
"235167","The Evergreen State College","2019","Intimidation","Race",1
"235699","Lake Washington Institute of Technology","2019","Vandalism","Race",1
"235699","Lake Washington Institute of Technology","2019","Vandalism","Gender",1
"236504","South Seattle College","2019","Intimidation","Race",1
"236513","Seattle Central College","2019","Intimidation","Race",1
"236595","Seattle University","2019","Intimidation","Sexual Orientation",1
"236595","Seattle University","2019","Intimidation","National Origin",1
"236638","Skagit Valley College","2019","Intimidation","Sexual Orientation",2
"237181","Bethany College","2019","Vandalism","Race",1
"238078","Wheeling Jesuit University","2019","Intimidation","Sexual Orientation",1
"238333","Beloit College","2019","Vandalism","Race",1
"238722","Fox Valley Technical College","2019","Intimidation","Gender Identity",1
"239309","Milwaukee Institute of Art & Design","2019","Intimidation","Gender",1
"239512","Northland College","2019","Fondling","Gender",1
"240268","University of Wisconsin-Eau Claire","2019","Intimidation","Race",1
"240444","University of Wisconsin-Madison","2019","Intimidation","Race",1
"240444","University of Wisconsin-Madison","2019","Intimidation","National Origin",1
"240444","University of Wisconsin-Madison","2019","Vandalism","Gender Identity",1
"240453","University of Wisconsin-Milwaukee","2019","Vandalism","Sexual Orientation",1
"240480","University of Wisconsin-Stevens Point","2019","Vandalism","Sexual Orientation",1
"243744","Stanford University","2019","Simple Assault","Race",2
"243744","Stanford University","2019","Intimidation","Race",3
"245652","St. John's College","2019","Intimidation","Religion",1
"247603","Sussex County Community College","2019","Vandalism","Religion",1
"247649","Landmark College","2019","Vandalism","Race",2
"366252","Pennsylvania College of Technology","2019","Intimidation","Gender Identity",1
"366252","Pennsylvania College of Technology","2019","Vandalism","Race",1
"384254","Beacon College","2019","Intimidation","Race",1
"384342","Heartland Community College","2019","Aggravated Assault","Sexual Orientation",1
"404037","American Institute of Interior Design","2019","Aggravated Assault","Race",1
"404037","American Institute of Interior Design","2019","Motor Vehicle Theft","Race",1
"409698","California State University-Monterey Bay","2019","Simple Assault","Religion",1
"416801","The University of Texas MD Anderson Cancer Center","2019","Simple Assault","Race",1
"418038","Albany BOCES-Adult Practical Nursing Program","2019","Intimidation","Race",1
"418205","Career and Technology Education Centers of Licking County","2019","Intimidation","Race",2
"418533","Lancaster County Career and Technology Center","2019","Intimidation","Ethnicity",1
"434672","Community College of Baltimore County","2019","Vandalism","Race",1
"439145","Pierce College-Puyallup","2019","Simple Assault","Race",1
"439145","Pierce College-Puyallup","2019","Intimidation","Race",1
"442329","Tulsa Welding School-Jacksonville","2019","Intimidation","Race",1
"442611","NASCAR Technical Institute","2019","Vandalism","Race",1
"443322","Valley Grande Institute for Academic Studies","2019","Simple Assault","Gender",1
"443322","Valley Grande Institute for Academic Studies","2019","Intimidation","Gender",1
"445188","University of California-Merced","2019","Vandalism","Religion",1
"451750","Bryant & Stratton College-Wauwatosa","2019","Intimidation","Gender",1
"460543","Universal Technical Institute - Dallas Fort Worth","2019","Simple Assault","Race",1
"461306","D A Dorsey Technical College","2019","Simple Assault","Ethnicity",1
"461306","D A Dorsey Technical College","2019","Larceny","Ethnicity",2
"488891","South Dade Technical College-South Dade Skills Center Campus","2019","Intimidation","Race",1
"490744","Northern Technical College","2019","Robbery","Gender Identity",3
"490744","Northern Technical College","2019","Motor Vehicle Theft","Gender",1
"491844","Red Lake Nation College","2019","Vandalism","Ethnicity",1
"100751","The University of Alabama","2020","Intimidation","Race",1
"100751","The University of Alabama","2020","Intimidation","Sexual Orientation",1
"100830","Auburn University at Montgomery","2020","Intimidation","Sexual Orientation",2
"101514","John C Calhoun State Community College","2020","Intimidation","Ethnicity",2
"101514","John C Calhoun State Community College","2020","Vandalism","Race",1
"102614","University of Alaska Fairbanks","2020","Vandalism","Sexual Orientation",1
"104179","University of Arizona","2020","Intimidation","Race",1
"104179","University of Arizona","2020","Vandalism","Race",1
"104717","Grand Canyon University","2020","Intimidation","Race",1
"105330","Northern Arizona University","2020","Intimidation","Race",1
"107080","Hendrix College","2020","Vandalism","Gender Identity",1
"107983","Southern Arkansas University Main Campus","2020","Intimidation","Sexual Orientation",1
"107992","Southern Arkansas University Tech","2020","Intimidation","Race",1
"108092","University of Arkansas-Fort Smith","2020","Aggravated Assault","Race",1
"110635","University of California-Berkeley","2020","Aggravated Assault","Race",5
"110635","University of California-Berkeley","2020","Larceny","Religion",1
"110635","University of California-Berkeley","2020","Intimidation","Race",2
"110635","University of California-Berkeley","2020","Intimidation","Gender Identity",1
"110653","University of California-Irvine","2020","Intimidation","Race",2
"110662","University of California-Los Angeles","2020","Simple Assault","Race",2
"110662","University of California-Los Angeles","2020","Intimidation","Race",1
"110662","University of California-Los Angeles","2020","Intimidation","Religion",1
"110662","University of California-Los Angeles","2020","Vandalism","Religion",1
"110671","University of California-Riverside","2020","Intimidation","Sexual Orientation",1
"110680","University of California-San Diego","2020","Vandalism","Ethnicity",1
"111939","Chaffey College","2020","Simple Assault","Gender Identity",1
"111948","Chapman University","2020","Vandalism","Race",3
"111948","Chapman University","2020","Vandalism","National Origin",1
"114266","Evergreen Valley College","2020","Vandalism","Race",1
"119164","Mt San Antonio College","2020","Intimidation","Gender Identity",1
"120342","Orange Coast College","2020","Vandalism","Race",1
"121901","Riverside City College","2020","Intimidation","Race",1
"122384","San Diego Miramar College","2020","Simple Assault","Sexual Orientation",1
"122977","Santa Monica College","2020","Intimidation","Religion",1
"123961","University of Southern California","2020","Simple Assault","Race",1
"123961","University of Southern California","2020","Intimidation","Race",2
"123961","University of Southern California","2020","Intimidation","Religion",1
"123961","University of Southern California","2020","Intimidation","National Origin",2
"126182","Adams State University","2020","Simple Assault","Race",1
"126614","University of Colorado Boulder","2020","Aggravated Assault","Race",1
"126614","University of Colorado Boulder","2020","Aggravated Assault","Sexual Orientation",1
"126678","Colorado College","2020","Vandalism","Sexual Orientation",1
"126775","Colorado School of Mines","2020","Intimidation","Race",1
"127918","Regis University","2020","Intimidation","Race",1
"127918","Regis University","2020","Intimidation","Sexual Orientation",1
"128391","Western Colorado University","2020","Simple Assault","Race",1
"128391","Western Colorado University","2020","Vandalism","Gender Identity",1
"128577","Asnuntuck Community College","2020","Vandalism","National Origin",1
"129020","University of Connecticut","2020","Intimidation","Sexual Orientation",1
"129020","University of Connecticut","2020","Intimidation","Ethnicity",1
"129774","Mitchell College","2020","Vandalism","Religion",1
"129941","University of New Haven","2020","Intimidation","Race",1
"130226","Quinnipiac University","2020","Intimidation","Race",1
"130226","Quinnipiac University","2020","Intimidation","National Origin",2
"130590","Trinity College","2020","Vandalism","Sexual Orientation",1
"130776","Western Connecticut State University","2020","Vandalism","Ethnicity",1
"130794","Yale University","2020","Vandalism","Religion",1
"130943","University of Delaware","2020","Intimidation","National Origin",1
"131450","Gallaudet University","2020","Intimidation","Disability",1
"131496","Georgetown University","2020","Simple Assault","Gender Identity",1
"133492","Eckerd College","2020","Vandalism","Race",1
"133492","Eckerd College","2020","Vandalism","Religion",1
"133960","The College of the Florida Keys","2020","Intimidation","Disability",1
"134945","Jacksonville University","2020","Intimidation","Race",2
"136473","Pensacola State College","2020","Vandalism","Race",2
"137546","Stetson University","2020","Intimidation","Race",2
"137546","Stetson University","2020","Intimidation","Religion",1
"137546","Stetson University","2020","Intimidation","Ethnicity",1
"137759","Tallahassee Community College","2020","Vandalism","Sexual Orientation",1
"139658","Emory University","2020","Aggravated Assault","Race",2
"139658","Emory University","2020","Intimidation","Race",1
"139658","Emory University","2020","Intimidation","National Origin",2
"139940","Georgia State University","2020","Simple Assault","Race",1
"139959","University of Georgia","2020","Larceny","Race",1
"139959","University of Georgia","2020","Vandalism","Race",2
"139959","University of Georgia","2020","Vandalism","Religion",2
"140696","Oglethorpe University","2020","Simple Assault","Race",2
"142115","Boise State University","2020","Intimidation","Race",1
"142115","Boise State University","2020","Intimidation","Sexual Orientation",1
"142285","University of Idaho","2020","Vandalism","National Origin",1
"142294","The College of Idaho","2020","Vandalism","Sexual Orientation",1
"142522","Brigham Young University-Idaho","2020","Vandalism","Sexual Orientation",1
"144351","Concordia University-Chicago","2020","Vandalism","Race",1
"144865","College of DuPage","2020","Intimidation","Race",1
"144865","College of DuPage","2020","Vandalism","Sexual Orientation",1
"145619","Benedictine University","2020","Larceny","Ethnicity",1
"145637","University of Illinois Urbana-Champaign","2020","Intimidation","Race",1
"145682","Illinois Central College","2020","Vandalism","Race",1
"146481","Lake Forest College","2020","Vandalism","Sexual Orientation",1
"146612","Lewis University","2020","Intimidation","Race",1
"146612","Lewis University","2020","Vandalism","Race",1
"147013","McKendree University","2020","Intimidation","Race",1
"147703","Northern Illinois University","2020","Vandalism","Race",1
"147767","Northwestern University","2020","Intimidation","Ethnicity",1
"147767","Northwestern University","2020","Vandalism","Race",2
"148511","Rush University","2020","Vandalism","Race",1
"148654","University of Illinois Springfield","2020","Intimidation","Race",1
"149222","Southern Illinois University-Carbondale","2020","Intimidation","Race",1
"150136","Ball State University","2020","Simple Assault","Race",1
"150163","Butler University","2020","Vandalism","Religion",1
"150215","Christian Theological Seminary","2020","Intimidation","Religion",2
"150668","Goshen College","2020","Larceny","Race",1
"150756","Hanover College","2020","Intimidation","Race",1
"150756","Hanover College","2020","Intimidation","Sexual Orientation",1
"150756","Hanover College","2020","Intimidation","Ethnicity",1
"151342","Indiana University-South Bend","2020","Vandalism","Race",2
"151351","Indiana University-Bloomington","2020","Intimidation","Race",1
"151351","Indiana University-Bloomington","2020","Vandalism","Race",1
"153144","Coe College","2020","Intimidation","Race",5
"153603","Iowa State University","2020","Burglary","Race",1
"153603","Iowa State University","2020","Vandalism","Race",1
"153861","Maharishi International University","2020","Intimidation","National Origin",2
"154095","University of Northern Iowa","2020","Vandalism","National Origin",1
"154907","Cloud County Community College","2020","Intimidation","Ethnicity",1
"154952","Cowley County Community College","2020","Simple Assault","Gender",1
"154952","Cowley County Community College","2020","Vandalism","Disability",1
"155317","University of Kansas","2020","Vandalism","Sexual Orientation",1
"155858","Seward County Community College","2020","Simple Assault","Gender",1
"156082","Washburn University","2020","Vandalism","Race",1
"156745","Georgetown College","2020","Intimidation","Race",1
"156745","Georgetown College","2020","Vandalism","Disability",1
"157447","Northern Kentucky University","2020","Intimidation","Race",1
"157757","Spalding University","2020","Vandalism","Race",1
"157951","Western Kentucky University","2020","Vandalism","Race",1
"157951","Western Kentucky University","2020","Vandalism","Sexual Orientation",1
"161086","Colby College","2020","Intimidation","Race",1
"162760","Hood College","2020","Intimidation","Race",5
"162760","Hood College","2020","Vandalism","Race",1
"162928","Johns Hopkins University","2020","Intimidation","Race",1
"163268","University of Maryland-Baltimore County","2020","Vandalism","Race",1
"163286","University of Maryland-College Park","2020","Intimidation","Sexual Orientation",1
"163462","Mount St. Mary's University","2020","Vandalism","Race",1
"163657","Prince George's Community College","2020","Vandalism","Sexual Orientation",2
"163851","Salisbury University","2020","Intimidation","Sexual Orientation",1
"163851","Salisbury University","2020","Vandalism","Race",2
"163912","St. Mary's College of Maryland","2020","Vandalism","Race",1
"163976","St. John's College","2020","Intimidation","Sexual Orientation",1
"163976","St. John's College","2020","Vandalism","Gender",1
"164216","Washington College","2020","Intimidation","Race",1
"164270","McDaniel College","2020","Vandalism","Race",1
"164580","Babson College","2020","Intimidation","Race",1
"164988","Boston University","2020","Intimidation","Race",1
"164988","Boston University","2020","Intimidation","Religion",1
"165820","Fitchburg State University","2020","Simple Assault","Race",1
"165936","Gordon College","2020","Intimidation","Ethnicity",1
"165936","Gordon College","2020","Vandalism","Race",1
"166018","Hampshire College","2020","Intimidation","Gender",3
"166027","Harvard University","2020","Vandalism","Religion",2
"166124","College of the Holy Cross","2020","Vandalism","Sexual Orientation",1
"166629","University of Massachusetts-Amherst","2020","Vandalism","Race",1
"167057","The New England Conservatory of Music","2020","Vandalism","Race",1
"167358","Northeastern University","2020","Simple Assault","Race",1
"167358","Northeastern University","2020","Intimidation","Race",1
"167729","Salem State University","2020","Vandalism","Sexual Orientation",1
"167783","Simmons University","2020","Intimidation","Race",1
"167996","Stonehill College","2020","Intimidation","Race",1
"168148","Tufts University","2020","Intimidation","Race",2
"168148","Tufts University","2020","Intimidation","Sexual Orientation",1
"168148","Tufts University","2020","Intimidation","Gender",1
"168148","Tufts University","2020","Intimidation","National Origin",1
"168148","Tufts University","2020","Vandalism","Religion",2
"168342","Williams College","2020","Intimidation","Race",3
"168342","Williams College","2020","Vandalism","Race",1
"168421","Worcester Polytechnic Institute","2020","Vandalism","Race",1
"168546","Albion College","2020","Vandalism","Race",2
"168740","Andrews University","2020","Intimidation","Race",2
"168883","Bay de Noc Community College","2020","Aggravated Assault","Race",1
"170976","University of Michigan-Ann Arbor","2020","Intimidation","Race",2
"170976","University of Michigan-Ann Arbor","2020","Intimidation","Religion",1
"171128","Michigan Technological University","2020","Vandalism","Gender Identity",1
"171146","University of Michigan-Flint","2020","Vandalism","Race",1
"171571","Oakland University","2020","Intimidation","National Origin",1
"172264","Siena Heights University","2020","Intimidation","Ethnicity",1
"172699","Western Michigan University","2020","Intimidation","National Origin",1
"173647","Gustavus Adolphus College","2020","Vandalism","Race",1
"173896","Luther Seminary","2020","Vandalism","Race",3
"173957","Mayo Clinic College of Medicine and Science","2020","Simple Assault","Sexual Orientation",1
"173957","Mayo Clinic College of Medicine and Science","2020","Simple Assault","Ethnicity",1
"174066","University of Minnesota-Twin Cities","2020","Intimidation","National Origin",1
"174066","University of Minnesota-Twin Cities","2020","Vandalism","Race",1
"174075","University of Minnesota-Crookston","2020","Intimidation","Race",1
"174136","Minneapolis Community and Technical College","2020","Intimidation","Race",1
"174233","University of Minnesota-Duluth","2020","Intimidation","Race",1
"175005","St Catherine University","2020","Intimidation","Race",1
"175005","St Catherine University","2020","Intimidation","Disability",1
"175272","Winona State University","2020","Simple Assault","Ethnicity",1
"178183","Midwest Institute","2020","Larceny","Gender",1
"178402","University of Missouri-Kansas City","2020","Vandalism","Race",1
"178624","Northwest Missouri State University","2020","Intimidation","Race",1
"180461","Montana State University","2020","Intimidation","Race",2
"180489","The University of Montana","2020","Larceny","Gender Identity",1
"180489","The University of Montana","2020","Intimidation","Sexual Orientation",3
"180489","The University of Montana","2020","Vandalism","Race",2
"180489","The University of Montana","2020","Vandalism","Sexual Orientation",1
"180595","Rocky Mountain College","2020","Vandalism","Gender",1
"181428","University of Nebraska Medical Center","2020","Intimidation","Race",1
"181428","University of Nebraska Medical Center","2020","Intimidation","Religion",1
"181464","University of Nebraska-Lincoln","2020","Intimidation","Race",1
"181464","University of Nebraska-Lincoln","2020","Intimidation","Ethnicity",1
"182281","University of Nevada-Las Vegas","2020","Intimidation","Sexual Orientation",1
"182670","Dartmouth College","2020","Vandalism","Religion",2
"182670","Dartmouth College","2020","Vandalism","Gender",1
"183044","University of New Hampshire-Main Campus","2020","Intimidation","Religion",1
"183044","University of New Hampshire-Main Campus","2020","Vandalism","Sexual Orientation",1
"183080","Plymouth State University","2020","Intimidation","Race",2
"183080","Plymouth State University","2020","Vandalism","Race",3
"183080","Plymouth State University","2020","Vandalism","Religion",1
"183211","Rivier University","2020","Vandalism","Sexual Orientation",1
"183743","Bergen Community College","2020","Intimidation","Race",1
"183743","Bergen Community College","2020","Intimidation","Ethnicity",1
"183974","Centenary University","2020","Vandalism","Race",1
"184773","Georgian Court University","2020","Vandalism","Religion",1
"185262","Kean University","2020","Intimidation","Race",2
"185262","Kean University","2020","Intimidation","Gender",1
"185590","Montclair State University","2020","Intimidation","Race",1
"186380","Rutgers University-New Brunswick","2020","Aggravated Assault","Sexual Orientation",1
"186876","Stockton University","2020","Intimidation","Race",1
"187985","University of New Mexico-Main Campus","2020","Intimidation","Race",1
"187985","University of New Mexico-Main Campus","2020","Intimidation","Religion",1
"187985","University of New Mexico-Main Campus","2020","Vandalism","National Origin",1
"188526","Albany College of Pharmacy and Health Sciences","2020","Vandalism","Race",1
"189097","Barnard College","2020","Vandalism","Race",1
"190150","Columbia University in the City of New York","2020","Intimidation","Race",1
"190150","Columbia University in the City of New York","2020","Intimidation","National Origin",2
"190150","Columbia University in the City of New York","2020","Vandalism","Religion",1
"190549","CUNY Brooklyn College","2020","Vandalism","Religion",1
"190664","CUNY Queens College","2020","Intimidation","Race",1
"190664","CUNY Queens College","2020","Vandalism","Religion",1
"190673","CUNY Queensborough Community College","2020","Vandalism","Religion",1
"190716","D'Youville College","2020","Intimidation","Race",2
"192323","Le Moyne College","2020","Intimidation","Race",1
"192509","Long Island Business Institute","2020","Intimidation","Race",1
"192509","Long Island Business Institute","2020","Intimidation","Gender",1
"194310","Pace University","2020","Intimidation","Sexual Orientation",1
"195003","Rochester Institute of Technology","2020","Intimidation","National Origin",1
"195304","Sarah Lawrence College","2020","Vandalism","Race",1
"195988","Sullivan County Community College","2020","Vandalism","Race",1
"196042","Farmingdale State College","2020","Intimidation","Race",1
"196060","SUNY at Albany","2020","Vandalism","National Origin",1
"196079","Binghamton University","2020","Intimidation","Religion",2
"196088","University at Buffalo","2020","Vandalism","Disability",1
"196097","Stony Brook University","2020","Intimidation","Race",1
"196112","SUNY Polytechnic Institute","2020","Vandalism","Race",1
"196185","SUNY Oneonta","2020","Intimidation","Gender",1
"196246","SUNY College at Plattsburgh","2020","Intimidation","Race",1
"196291","SUNY Maritime College","2020","Vandalism","Religion",2
"196413","Syracuse University","2020","Vandalism","Race",2
"196413","Syracuse University","2020","Vandalism","Sexual Orientation",1
"196866","Union College","2020","Intimidation","Sexual Orientation",1
"197151","School of Visual Arts","2020","Vandalism","Race",1
"197197","Wagner College","2020","Vandalism","Race",1
"197230","Wells College","2020","Intimidation","Sexual Orientation",1
"197294","SUNY Westchester Community College","2020","Vandalism","Race",1
"197708","Yeshiva University","2020","Intimidation","Religion",1
"198419","Duke University","2020","Intimidation","Sexual Orientation",1
"198464","East Carolina University","2020","Intimidation","Sexual Orientation",1
"198516","Elon University","2020","Intimidation","Race",1
"198695","High Point University","2020","Vandalism","Sexual Orientation",1
"199111","University of North Carolina at Asheville","2020","Rape","Gender",1
"199111","University of North Carolina at Asheville","2020","Fondling","Gender",1
"199111","University of North Carolina at Asheville","2020","Intimidation","Race",1
"199120","University of North Carolina at Chapel Hill","2020","Larceny","National Origin",1
"199120","University of North Carolina at Chapel Hill","2020","Intimidation","Race",1
"199193","North Carolina State University at Raleigh","2020","Simple Assault","Race",1
"199193","North Carolina State University at Raleigh","2020","Vandalism","Race",2
"199272","William Peace University","2020","Intimidation","Gender",1
"199281","University of North Carolina at Pembroke","2020","Vandalism","Race",2
"199722","Southeastern Community College","2020","Vandalism","Race",1
"199786","Alamance Community College","2020","Intimidation","Race",1
"200004","Western Carolina University","2020","Aggravated Assault","Race",2
"200156","University of Jamestown","2020","Vandalism","Race",1
"200226","Mayville State University","2020","Vandalism","Gender Identity",1
"201104","Ashland University","2020","Intimidation","Race",1
"201104","Ashland University","2020","Intimidation","Sexual Orientation",1
"201104","Ashland University","2020","Vandalism","Sexual Orientation",1
"201885","University of Cincinnati-Main Campus","2020","Aggravated Assault","Race",1
"202480","University of Dayton","2020","Larceny","Sexual Orientation",1
"203757","Lourdes University","2020","Simple Assault","Race",1
"204185","University of Mount Union","2020","Vandalism","Sexual Orientation",2
"204194","Mount Vernon Nazarene University","2020","Intimidation","Race",1
"204635","Ohio Northern University","2020","Intimidation","Disability",1
"204635","Ohio Northern University","2020","Vandalism","Race",1
"204635","Ohio Northern University","2020","Vandalism","Sexual Orientation",1
"204796","Ohio State University-Main Campus","2020","Intimidation","Race",3
"204796","Ohio State University-Main Campus","2020","Intimidation","Religion",1
"204796","Ohio State University-Main Campus","2020","Intimidation","Gender",1
"204796","Ohio State University-Main Campus","2020","Vandalism","Race",1
"204945","Owens Community College","2020","Intimidation","Race",1
"206941","University of Central Oklahoma","2020","Vandalism","Race",1
"207263","Northeastern State University","2020","Intimidation","National Origin",1
"207397","Oklahoma State University-Oklahoma City","2020","Intimidation","Race",1
"208415","Clatsop Community College","2020","Intimidation","Sexual Orientation",1
"209038","Lane Community College","2020","Simple Assault","Ethnicity",1
"209490","Oregon Health & Science University","2020","Aggravated Assault","Sexual Orientation",1
"209506","Oregon Institute of Technology","2020","Simple Assault","Gender Identity",1
"209542","Oregon State University","2020","Intimidation","Race",1
"209603","Pacific Northwest College of Art","2020","Larceny","Race",1
"209612","Pacific University","2020","Vandalism","Race",1
"209807","Portland State University","2020","Vandalism","Ethnicity",1
"209922","Reed College","2020","Intimidation","Race",1
"209922","Reed College","2020","Vandalism","Race",1
"210146","Southern Oregon University","2020","Arson","Race",1
"210146","Southern Oregon University","2020","Vandalism","Race",2
"211440","Carnegie Mellon University","2020","Intimidation","Religion",1
"213011","Immaculata University","2020","Intimidation","Religion",1
"213543","Lehigh University","2020","Vandalism","Race",1
"213543","Lehigh University","2020","Vandalism","Gender",1
"213826","Marywood University","2020","Vandalism","Gender Identity",1
"214379","Northampton County Area Community College","2020","Intimidation","Race",1
"215062","University of Pennsylvania","2020","Intimidation","Ethnicity",1
"216010","Shippensburg University of Pennsylvania","2020","Vandalism","Race",2
"216278","Susquehanna University","2020","Intimidation","Gender",1
"216339","Temple University","2020","Intimidation","Ethnicity",1
"216339","Temple University","2020","Intimidation","National Origin",1
"216339","Temple University","2020","Vandalism","Religion",1
"216524","Ursinus College","2020","Intimidation","Race",1
"216524","Ursinus College","2020","Intimidation","Sexual Orientation",1
"216551","Valley Forge Military College","2020","Simple Assault","Race",1
"216597","Villanova University","2020","Intimidation","Race",1
"217156","Brown University","2020","Simple Assault","Gender Identity",1
"217156","Brown University","2020","Vandalism","Religion",2
"217156","Brown University","2020","Vandalism","Sexual Orientation",2
"217165","Bryant University","2020","Vandalism","Religion",1
"217165","Bryant University","2020","Vandalism","Sexual Orientation",1
"217484","University of Rhode Island","2020","Vandalism","Race",1
"217484","University of Rhode Island","2020","Vandalism","Sexual Orientation",1
"217493","Rhode Island School of Design","2020","Intimidation","Race",1
"218335","Medical University of South Carolina","2020","Simple Assault","Race",3
"218353","Midlands Technical College","2020","Vandalism","Race",1
"218663","University of South Carolina-Columbia","2020","Aggravated Assault","Race",1
"218663","University of South Carolina-Columbia","2020","Intimidation","Race",1
"219709","Belmont University","2020","Intimidation","Sexual Orientation",1
"220613","Lee University","2020","Intimidation","Sexual Orientation",2
"220978","Middle Tennessee State University","2020","Simple Assault","Race",1
"220978","Middle Tennessee State University","2020","Vandalism","Race",4
"220978","Middle Tennessee State University","2020","Vandalism","Sexual Orientation",1
"221768","The University of Tennessee-Martin","2020","Intimidation","Race",1
"221999","Vanderbilt University","2020","Vandalism","Race",1
"222831","Angelo State University","2020","Aggravated Assault","Ethnicity",1
"223001","Austin Presbyterian Theological Seminary","2020","Rape","Race",1
"223232","Baylor University","2020","Intimidation","Race",1
"223232","Baylor University","2020","Intimidation","Sexual Orientation",1
"225511","University of Houston","2020","Simple Assault","Race",1
"225511","University of Houston","2020","Simple Assault","Religion",1
"225511","University of Houston","2020","Simple Assault","Sexual Orientation",1
"225511","University of Houston","2020","Intimidation","Race",1
"225511","University of Houston","2020","Intimidation","Religion",1
"225511","University of Houston","2020","Intimidation","Gender Identity",1
"225511","University of Houston","2020","Vandalism","Race",2
"225548","Howard Payne University","2020","Vandalism","Race",1
"226134","Laredo College","2020","Simple Assault","Gender",1
"228459","Texas State University","2020","Vandalism","Race",1
"228769","The University of Texas at Arlington","2020","Larceny","Sexual Orientation",1
"228769","The University of Texas at Arlington","2020","Intimidation","National Origin",1
"228769","The University of Texas at Arlington","2020","Vandalism","Sexual Orientation",1
"229018","The University of Texas Permian Basin","2020","Intimidation","Sexual Orientation",1
"229018","The University of Texas Permian Basin","2020","Vandalism","Sexual Orientation",1
"229027","The University of Texas at San Antonio","2020","Intimidation","Religion",1
"229027","The University of Texas at San Antonio","2020","Intimidation","Sexual Orientation",1
"229115","Texas Tech University","2020","Simple Assault","Sexual Orientation",1
"229115","Texas Tech University","2020","Intimidation","Sexual Orientation",1
"229780","Wayland Baptist University","2020","Intimidation","Race",3
"230038","Brigham Young University","2020","Intimidation","Race",1
"230603","Southern Utah University","2020","Intimidation","Race",1
"230764","University of Utah","2020","Simple Assault","Race",1
"230764","University of Utah","2020","Intimidation","Race",1
"230764","University of Utah","2020","Vandalism","Race",3
"230834","Castleton University","2020","Intimidation","Race",1
"230834","Castleton University","2020","Intimidation","National Origin",1
"230913","Northern Vermont University","2020","Vandalism","Ethnicity",1
"231059","Saint Michael's College","2020","Simple Assault","Sexual Orientation",1
"231174","University of Vermont","2020","Vandalism","Race",3
"231712","Christopher Newport University","2020","Intimidation","Sexual Orientation",1
"232025","Emory & Henry College","2020","Simple Assault","Gender",1
"232186","George Mason University","2020","Intimidation","Race",1
"232265","Hampton University","2020","Simple Assault","National Origin",1
"232609","University of Lynchburg","2020","Intimidation","Race",2
"232946","Northern Virginia Community College","2020","Intimidation","National Origin",1
"232982","Old Dominion University","2020","Intimidation","Race",1
"233374","University of Richmond","2020","Simple Assault","Ethnicity",1
"233374","University of Richmond","2020","Vandalism","Race",1
"233374","University of Richmond","2020","Vandalism","Religion",1
"233374","University of Richmond","2020","Vandalism","Ethnicity",1
"234076","University of Virginia-Main Campus","2020","Simple Assault","Race",2
"234076","University of Virginia-Main Campus","2020","Intimidation","Race",1
"234076","University of Virginia-Main Campus","2020","Vandalism","Sexual Orientation",1
"234085","Virginia Military Institute","2020","Intimidation","Race",2
"234207","Washington and Lee University","2020","Vandalism","Race",1
"235149","Everett Community College","2020","Intimidation","Race",1
"235167","The Evergreen State College","2020","Intimidation","Race",3
"235167","The Evergreen State College","2020","Intimidation","Sexual Orientation",1
"235237","Pierce College District","2020","Simple Assault","Race",1
"235316","Gonzaga University","2020","Intimidation","Race",1
"236595","Seattle University","2020","Intimidation","Sexual Orientation",1
"236595","Seattle University","2020","Vandalism","Sexual Orientation",1
"236692","Spokane Community College","2020","Simple Assault","Race",1
"236939","Washington State University","2020","Intimidation","Race",1
"237057","Whitman College","2020","Simple Assault","Race",1
"237181","Bethany College","2020","Intimidation","Race",1
"238333","Beloit College","2020","Larceny","Race",1
"238476","Carthage College","2020","Intimidation","Sexual Orientation",1
"238476","Carthage College","2020","Vandalism","Race",2
"239080","Marian University","2020","Intimidation","Sexual Orientation",1
"239105","Marquette University","2020","Simple Assault","Race",1
"239512","Northland College","2020","Simple Assault","Gender",1
"239910","Southwest Wisconsin Technical College","2020","Intimidation","Race",1
"240268","University of Wisconsin-Eau Claire","2020","Intimidation","Race",1
"240268","University of Wisconsin-Eau Claire","2020","Intimidation","Gender",3
"240338","Wisconsin Lutheran College","2020","Simple Assault","Ethnicity",1
"240365","University of Wisconsin-Oshkosh","2020","Simple Assault","Sexual Orientation",1
"240444","University of Wisconsin-Madison","2020","Simple Assault","National Origin",1
"240444","University of Wisconsin-Madison","2020","Intimidation","Race",1
"240444","University of Wisconsin-Madison","2020","Intimidation","National Origin",1
"240480","University of Wisconsin-Stevens Point","2020","Vandalism","Race",1
"240505","Casper College","2020","Intimidation","Disability",1
"243179","University of Puerto Rico-Humacao","2020","Simple Assault","Gender",1
"243744","Stanford University","2020","Simple Assault","Sexual Orientation",1
"243744","Stanford University","2020","Simple Assault","National Origin",2
"243744","Stanford University","2020","Intimidation","Race",1
"243744","Stanford University","2020","Intimidation","Sexual Orientation",2
"243744","Stanford University","2020","Vandalism","Race",3
"243744","Stanford University","2020","Vandalism","Religion",1
"243780","Purdue University-Main Campus","2020","Intimidation","Sexual Orientation",1
"243780","Purdue University-Main Campus","2020","Intimidation","National Origin",1
"399212","Santiago Canyon College","2020","Intimidation","Race",1
"407577","Scioto County Career Technical Center","2020","Fondling","Gender",1
"407577","Scioto County Career Technical Center","2020","Intimidation","Race",1
"418533","Lancaster County Career and Technology Center","2020","Intimidation","Race",1
"434672","Community College of Baltimore County","2020","Intimidation","Race",1
"434672","Community College of Baltimore County","2020","Intimidation","Religion",1
"441414","M-DCPS The English Center","2020","Larceny","Race",1
"445188","University of California-Merced","2020","Vandalism","National Origin",1
"461306","D A Dorsey Technical College","2020","Burglary","Ethnicity",2
"481021","Berks Career & Technology Center","2020","Intimidation","Race",1
"482680","University of North Georgia","2020","Intimidation","Race",2
"490744","Northern Technical College","2020","Motor Vehicle Theft","Gender",1
"493628","Pro Beauty Academy","2020","Motor Vehicle Theft","Gender Identity",1
"495767","The Pennsylvania State University","2020","Simple Assault","Race",1
"495767","The Pennsylvania State University","2020","Intimidation","Race",1
"495767","The Pennsylvania State University","2020","Vandalism","Race",1
"100663","University of Alabama at Birmingham","2021","Aggravated Assault","Race",1
"100663","University of Alabama at Birmingham","2021","Vandalism","Religion",1
"100706","University of Alabama in Huntsville","2021","Vandalism","Sexual Orientation",1
"100858","Auburn University","2021","Aggravated Assault","Race",1
"101514","John C Calhoun State Community College","2021","Intimidation","Gender",1
"102614","University of Alaska Fairbanks","2021","Vandalism","Sexual Orientation",1
"102711","Alaska Vocational Technical Center","2021","Vandalism","Race",1
"104151","Arizona State University Campus Immersion","2021","Intimidation","Race",1
"104179","University of Arizona","2021","Vandalism","Race",1
"106148","Yavapai College","2021","Intimidation","Disability",1
"107044","Harding University","2021","Intimidation","Race",2
"107071","Henderson State University","2021","Vandalism","Race",1
"107840","Shorter College","2021","Intimidation","Race",2
"108232","Academy of Art University","2021","Vandalism","Race",2
"109819","Bakersfield College","2021","Intimidation","National Origin",1
"110246","Butte College","2021","Intimidation","Gender",1
"110334","Cabrillo College","2021","Simple Assault","Race",1
"110361","California Baptist University","2021","Simple Assault","Race",1
"110510","California State University-San Bernardino","2021","Vandalism","Sexual Orientation",1
"110635","University of California-Berkeley","2021","Vandalism","Race",1
"110644","University of California-Davis","2021","Intimidation","Race",2
"110662","University of California-Los Angeles","2021","Intimidation","Race",2
"110662","University of California-Los Angeles","2021","Vandalism","Religion",2
"110705","University of California-Santa Barbara","2021","Aggravated Assault","Sexual Orientation",1
"110705","University of California-Santa Barbara","2021","Simple Assault","Sexual Orientation",2
"110705","University of California-Santa Barbara","2021","Intimidation","Sexual Orientation",1
"110705","University of California-Santa Barbara","2021","Intimidation","Gender Identity",1
"110714","University of California-Santa Cruz","2021","Intimidation","Sexual Orientation",1
"111188","California State University Maritime Academy","2021","Intimidation","Race",1
"111188","California State University Maritime Academy","2021","Vandalism","Gender",2
"111948","Chapman University","2021","Vandalism","Race",2
"111948","Chapman University","2021","Vandalism","Religion",1
"113333","De Anza College","2021","Intimidation","National Origin",1
"117645","Long Beach City College","2021","Vandalism","Race",3
"117706","Los Angeles Pierce College","2021","Intimidation","Ethnicity",1
"117724","Los Angeles Trade Technical College","2021","Simple Assault","National Origin",1
"117788","Los Angeles City College","2021","Intimidation","Race",1
"120254","Occidental College","2021","Intimidation","Race",1
"120254","Occidental College","2021","Intimidation","Gender",1
"120865","Pacific Union College","2021","Intimidation","Race",1
"121691","University of Redlands","2021","Larceny","Religion",1
"121691","University of Redlands","2021","Intimidation","Sexual Orientation",1
"121691","University of Redlands","2021","Vandalism","Religion",5
"122597","San Francisco State University","2021","Simple Assault","Race",1
"122597","San Francisco State University","2021","Vandalism","Sexual Orientation",1
"122889","Santa Barbara City College","2021","Vandalism","Sexual Orientation",1
"123341","Sierra College","2021","Vandalism","Race",1
"123572","Sonoma State University","2021","Intimidation","Race",1
"123961","University of Southern California","2021","Simple Assault","National Origin",2
"123961","University of Southern California","2021","Vandalism","Race",1
"123961","University of Southern California","2021","Vandalism","Religion",1
"126580","University of Colorado Colorado Springs","2021","Vandalism","Religion",1
"126614","University of Colorado Boulder","2021","Intimidation","Race",2
"126678","Colorado College","2021","Simple Assault","Race",1
"127060","University of Denver","2021","Intimidation","Sexual Orientation",1
"127185","Fort Lewis College","2021","Robbery","Sexual Orientation",1
"127185","Fort Lewis College","2021","Burglary","Sexual Orientation",1
"127185","Fort Lewis College","2021","Simple Assault","Sexual Orientation",1
"127918","Regis University","2021","Intimidation","Race",2
"128744","University of Bridgeport","2021","Simple Assault","Race",1
"128744","University of Bridgeport","2021","Vandalism","Sexual Orientation",1
"128902","Connecticut College","2021","Intimidation","Gender",2
"129020","University of Connecticut","2021","Intimidation","Religion",1
"129020","University of Connecticut","2021","Intimidation","Ethnicity",1
"129020","University of Connecticut","2021","Vandalism","Religion",1
"129020","University of Connecticut","2021","Vandalism","Sexual Orientation",1
"129525","University of Hartford","2021","Intimidation","Sexual Orientation",1
"129941","University of New Haven","2021","Intimidation","Ethnicity",1
"130183","Post University","2021","Vandalism","Ethnicity",1
"130226","Quinnipiac University","2021","Intimidation","Gender",2
"130590","Trinity College","2021","Intimidation","Race",1
"130943","University of Delaware","2021","Intimidation","Race",1
"130943","University of Delaware","2021","Intimidation","Sexual Orientation",1
"130943","University of Delaware","2021","Intimidation","National Origin",1
"131159","American University","2021","Simple Assault","Ethnicity",1
"131159","American University","2021","Vandalism","Ethnicity",1
"131283","The Catholic University of America","2021","Vandalism","Race",1
"131450","Gallaudet University","2021","Intimidation","Race",1
"131469","George Washington University","2021","Burglary","Religion",1
"131469","George Washington University","2021","Simple Assault","Race",1
"131469","George Washington University","2021","Vandalism","Religion",1
"132657","Lynn University","2021","Vandalism","Race",1
"133881","Florida Institute of Technology","2021","Intimidation","Race",1
"133951","Florida International University","2021","Intimidation","Race",1
"134130","University of Florida","2021","Aggravated Assault","Sexual Orientation",1
"134130","University of Florida","2021","Vandalism","Race",1
"134945","Jacksonville University","2021","Vandalism","Religion",1
"136950","Rollins College","2021","Intimidation","Race",1
"136950","Rollins College","2021","Vandalism","Race",1
"137546","Stetson University","2021","Intimidation","Religion",2
"137546","Stetson University","2021","Intimidation","Sexual Orientation",1
"137847","The University of Tampa","2021","Intimidation","Sexual Orientation",1
"137847","The University of Tampa","2021","Intimidation","Ethnicity",1
"139463","Dalton State College","2021","Vandalism","Religion",1
"139658","Emory University","2021","Burglary","Religion",1
"139658","Emory University","2021","Simple Assault","National Origin",1
"139658","Emory University","2021","Larceny","Sexual Orientation",1
"139658","Emory University","2021","Intimidation","Race",2
"139658","Emory University","2021","Intimidation","Religion",1
"139658","Emory University","2021","Vandalism","Race",2
"139658","Emory University","2021","Vandalism","Religion",1
"139861","Georgia College & State University","2021","Vandalism","National Origin",1
"139959","University of Georgia","2021","Vandalism","Sexual Orientation",1
"140447","Mercer University","2021","Intimidation","Race",1
"140447","Mercer University","2021","Vandalism","Race",1
"142115","Boise State University","2021","Intimidation","Sexual Orientation",1
"142115","Boise State University","2021","Vandalism","Race",2
"142115","Boise State University","2021","Vandalism","Sexual Orientation",1
"142276","Idaho State University","2021","Intimidation","Sexual Orientation",1
"145637","University of Illinois Urbana-Champaign","2021","Simple Assault","Race",1
"146472","College of Lake County","2021","Intimidation","Race",1
"146472","College of Lake County","2021","Intimidation","Gender Identity",1
"146481","Lake Forest College","2021","Larceny","Race",2
"147013","McKendree University","2021","Intimidation","Race",1
"147378","Moraine Valley Community College","2021","Intimidation","Religion",1
"147378","Moraine Valley Community College","2021","Intimidation","Gender",1
"147703","Northern Illinois University","2021","Simple Assault","Race",1
"147916","Parkland College","2021","Vandalism","Sexual Orientation",1
"149222","Southern Illinois University-Carbondale","2021","Vandalism","Race",1
"150163","Butler University","2021","Vandalism","Religion",1
"150400","DePauw University","2021","Larceny","Race",1
"150400","DePauw University","2021","Larceny","Sexual Orientation",2
"150400","DePauw University","2021","Intimidation","Race",2
"151102","Purdue University Fort Wayne","2021","Vandalism","Sexual Orientation",1
"151351","Indiana University-Bloomington","2021","Vandalism","Race",1
"151777","Manchester University","2021","Intimidation","Race",1
"152637","Vincennes University","2021","Intimidation","Race",1
"154004","Morningside University","2021","Intimidation","Sexual Orientation",1
"154004","Morningside University","2021","Vandalism","Gender Identity",1
"154059","North Iowa Area Community College","2021","Intimidation","Race",1
"154095","University of Northern Iowa","2021","Vandalism","Race",1
"154095","University of Northern Iowa","2021","Vandalism","Religion",1
"154527","Wartburg College","2021","Intimidation","Race",1
"154907","Cloud County Community College","2021","Intimidation","Race",2
"154998","Dodge City Community College","2021","Intimidation","Race",1
"155025","Emporia State University","2021","Intimidation","Religion",1
"155025","Emporia State University","2021","Vandalism","Race",1
"155061","Fort Hays State University","2021","Vandalism","Race",1
"155061","Fort Hays State University","2021","Vandalism","Religion",1
"155210","Johnson County Community College","2021","Intimidation","Gender",1
"155317","University of Kansas","2021","Larceny","Gender Identity",1
"155317","University of Kansas","2021","Vandalism","Race",1
"155317","University of Kansas","2021","Vandalism","Sexual Orientation",2
"155317","University of Kansas","2021","Vandalism","Gender Identity",1
"156082","Washburn University","2021","Vandalism","Race",1
"158477","Centenary College of Louisiana","2021","Vandalism","Sexual Orientation",1
"160038","Northwestern State University of Louisiana","2021","Aggravated Assault","Race",1
"160612","Southeastern Louisiana University","2021","Intimidation","Race",1
"160612","Southeastern Louisiana University","2021","Vandalism","Race",1
"161077","Central Maine Community College","2021","Aggravated Assault","Gender",3
"161341","University of Maine at Presque Isle","2021","Intimidation","Gender",1
"161545","Southern Maine Community College","2021","Intimidation","Race",1
"162609","Garrett College","2021","Vandalism","Sexual Orientation",1
"162706","Harford Community College","2021","Intimidation","Race",1
"162760","Hood College","2021","Vandalism","Race",1
"162928","Johns Hopkins University","2021","Intimidation","Sexual Orientation",1
"163046","Loyola University Maryland","2021","Arson","Sexual Orientation",1
"163046","Loyola University Maryland","2021","Larceny","Sexual Orientation",1
"163046","Loyola University Maryland","2021","Intimidation","Sexual Orientation",1
"163046","Loyola University Maryland","2021","Vandalism","Sexual Orientation",1
"163268","University of Maryland-Baltimore County","2021","Simple Assault","Religion",1
"163286","University of Maryland-College Park","2021","Intimidation","Race",1
"163286","University of Maryland-College Park","2021","Vandalism","Religion",3
"163912","St. Mary's College of Maryland","2021","Intimidation","Sexual Orientation",1
"163912","St. Mary's College of Maryland","2021","Vandalism","Gender Identity",2
"164076","Towson University","2021","Intimidation","Race",1
"164465","Amherst College","2021","Vandalism","Race",1
"164562","Assumption University","2021","Vandalism","Ethnicity",1
"164580","Babson College","2021","Intimidation","Race",1
"165024","Bridgewater State University","2021","Intimidation","Race",1
"165529","Curry College","2021","Burglary","Race",1
"165529","Curry College","2021","Vandalism","Race",2
"165866","Framingham State University","2021","Vandalism","Race",1
"166018","Hampshire College","2021","Intimidation","Race",1
"166027","Harvard University","2021","Simple Assault","Disability",1
"166027","Harvard University","2021","Vandalism","Religion",1
"166629","University of Massachusetts-Amherst","2021","Simple Assault","National Origin",1
"166638","University of Massachusetts-Boston","2021","Vandalism","Race",1
"166683","Massachusetts Institute of Technology","2021","Simple Assault","Race",1
"166939","Mount Holyoke College","2021","Vandalism","Religion",3
"167288","Massachusetts College of Liberal Arts","2021","Intimidation","Gender Identity",1
"167288","Massachusetts College of Liberal Arts","2021","Vandalism","Religion",2
"167358","Northeastern University","2021","Intimidation","Race",1
"167631","Roxbury Community College","2021","Intimidation","Race",1
"167783","Simmons University","2021","Vandalism","Race",1
"167996","Stonehill College","2021","Intimidation","Sexual Orientation",1
"168148","Tufts University","2021","Intimidation","Race",4
"168148","Tufts University","2021","Intimidation","Religion",1
"168148","Tufts University","2021","Intimidation","Sexual Orientation",2
"168148","Tufts University","2021","Vandalism","Religion",1
"168227","Wentworth Institute of Technology","2021","Intimidation","Religion",1
"168227","Wentworth Institute of Technology","2021","Intimidation","Sexual Orientation",1
"168254","Western New England University","2021","Burglary","Religion",1
"168263","Westfield State University","2021","Intimidation","Race",3
"168263","Westfield State University","2021","Intimidation","Religion",1
"168281","Wheaton College (Massachusetts)","2021","Vandalism","Sexual Orientation",1
"168342","Williams College","2021","Vandalism","Gender Identity",1
"168546","Albion College","2021","Vandalism","Race",5
"168546","Albion College","2021","Vandalism","Sexual Orientation",1
"169521","Delta College","2021","Vandalism","Race",1
"170806","Madonna University","2021","Intimidation","Race",1
"170976","University of Michigan-Ann Arbor","2021","Intimidation","Race",1
"170976","University of Michigan-Ann Arbor","2021","Vandalism","Religion",1
"170976","University of Michigan-Ann Arbor","2021","Vandalism","Sexual Orientation",1
"173957","Mayo Clinic College of Medicine and Science","2021","Intimidation","Sexual Orientation",1
"174066","University of Minnesota-Twin Cities","2021","Intimidation","Race",1
"174066","University of Minnesota-Twin Cities","2021","Intimidation","Religion",1
"174136","Minneapolis Community and Technical College","2021","Simple Assault","Race",1
"174136","Minneapolis Community and Technical College","2021","Intimidation","Race",1
"175005","St Catherine University","2021","Intimidation","Gender",1
"178402","University of Missouri-Kansas City","2021","Vandalism","Race",1
"178411","Missouri University of Science and Technology","2021","Vandalism","Race",2
"178624","Northwest Missouri State University","2021","Intimidation","Sexual Orientation",1
"180151","Dawson Community College","2021","Intimidation","Gender",1
"180461","Montana State University","2021","Intimidation","Sexual Orientation",1
"181394","University of Nebraska at Omaha","2021","Vandalism","Race",3
"181394","University of Nebraska at Omaha","2021","Vandalism","Sexual Orientation",1
"181446","Nebraska Wesleyan University","2021","Intimidation","Religion",1
"181446","Nebraska Wesleyan University","2021","Intimidation","Gender Identity",2
"181464","University of Nebraska-Lincoln","2021","Larceny","Gender Identity",1
"181464","University of Nebraska-Lincoln","2021","Vandalism","Religion",2
"182670","Dartmouth College","2021","Vandalism","Race",2
"182670","Dartmouth College","2021","Vandalism","Religion",1
"183044","University of New Hampshire-Main Campus","2021","Intimidation","Race",1
"183080","Plymouth State University","2021","Intimidation","Race",2
"183080","Plymouth State University","2021","Vandalism","Race",3
"183080","Plymouth State University","2021","Vandalism","Religion",1
"183099","NHTI-Concord's Community College","2021","Simple Assault","Sexual Orientation",1
"183099","NHTI-Concord's Community College","2021","Intimidation","Race",3
"183141","Nashua Community College","2021","Robbery","Race",1
"183141","Nashua Community College","2021","Simple Assault","Race",1
"183743","Bergen Community College","2021","Intimidation","Race",2
"183743","Bergen Community College","2021","Vandalism","Race",1
"184694","Fairleigh Dickinson University-Florham Campus","2021","Intimidation","Race",1
"185262","Kean University","2021","Intimidation","Gender",1
"185509","Mercer County Community College","2021","Simple Assault","Gender",2
"185509","Mercer County Community College","2021","Intimidation","Sexual Orientation",1
"185509","Mercer County Community College","2021","Intimidation","Gender",2
"185590","Montclair State University","2021","Intimidation","Sexual Orientation",1
"186131","Princeton University","2021","Intimidation","Race",1
"186201","Ramapo College of New Jersey","2021","Simple Assault","Race",1
"186283","Rider University","2021","Intimidation","Race",1
"186283","Rider University","2021","Intimidation","Religion",1
"186584","Seton Hall University","2021","Intimidation","Sexual Orientation",1
"186876","Stockton University","2021","Intimidation","Sexual Orientation",1
"187444","William Paterson University of New Jersey","2021","Intimidation","Race",1
"187444","William Paterson University of New Jersey","2021","Vandalism","Race",1
"187985","University of New Mexico-Main Campus","2021","Simple Assault","Religion",1
"187985","University of New Mexico-Main Campus","2021","Simple Assault","Ethnicity",1
"187985","University of New Mexico-Main Campus","2021","Vandalism","Religion",1
"188429","Adelphi University","2021","Intimidation","Gender Identity",1
"190150","Columbia University in the City of New York","2021","Intimidation","Race",1
"190150","Columbia University in the City of New York","2021","Intimidation","Religion",1
"190150","Columbia University in the City of New York","2021","Intimidation","National Origin",1
"190150","Columbia University in the City of New York","2021","Vandalism","Religion",1
"190521","CUNY Borough of Manhattan Community College","2021","Vandalism","Race",1
"190628","CUNY LaGuardia Community College","2021","Intimidation","Race",1
"190664","CUNY Queens College","2021","Intimidation","Race",2
"190664","CUNY Queens College","2021","Intimidation","Gender",2
"191649","Hofstra University","2021","Intimidation","Religion",1
"191968","Ithaca College","2021","Vandalism","Gender Identity",1
"192192","Keuka College","2021","Vandalism","Religion",1
"192192","Keuka College","2021","Vandalism","Sexual Orientation",3
"192323","Le Moyne College","2021","Intimidation","Race",1
"193353","Mount Saint Mary College","2021","Vandalism","Race",1
"193900","New York University","2021","Vandalism","Religion",1
"195173","St. Francis College","2021","Vandalism","Religion",2
"195216","St Lawrence University","2021","Vandalism","Gender Identity",1
"195234","The College of Saint Rose","2021","Intimidation","Race",3
"195304","Sarah Lawrence College","2021","Intimidation","Sexual Orientation",1
"196024","SUNY College of Technology at Delhi","2021","Vandalism","Religion",1
"196042","Farmingdale State College","2021","Vandalism","Race",1
"196060","SUNY at Albany","2021","Vandalism","Race",1
"196097","Stony Brook University","2021","Intimidation","Race",1
"196200","SUNY College at Potsdam","2021","Larceny","Religion",3
"196246","SUNY College at Plattsburgh","2021","Intimidation","Sexual Orientation",1
"196291","SUNY Maritime College","2021","Simple Assault","Race",1
"196291","SUNY Maritime College","2021","Vandalism","Race",1
"196307","Upstate Medical University","2021","Intimidation","Race",1
"196307","Upstate Medical University","2021","Intimidation","Sexual Orientation",2
"196413","Syracuse University","2021","Simple Assault","Religion",1
"196413","Syracuse University","2021","Vandalism","Race",1
"197869","Appalachian State University","2021","Vandalism","Sexual Orientation",1
"198303","Chowan University","2021","Vandalism","Race",1
"198464","East Carolina University","2021","Intimidation","Race",1
"198464","East Carolina University","2021","Intimidation","Sexual Orientation",1
"198516","Elon University","2021","Intimidation","Race",1
"199120","University of North Carolina at Chapel Hill","2021","Burglary","Race",1
"199120","University of North Carolina at Chapel Hill","2021","Simple Assault","Religion",1
"199120","University of North Carolina at Chapel Hill","2021","Intimidation","Race",1
"199120","University of North Carolina at Chapel Hill","2021","Intimidation","Religion",1
"199120","University of North Carolina at Chapel Hill","2021","Vandalism","Race",1
"199218","University of North Carolina Wilmington","2021","Simple Assault","Race",1
"199272","William Peace University","2021","Larceny","Sexual Orientation",1
"199847","Wake Forest University","2021","Intimidation","Sexual Orientation",1
"199962","Wingate University","2021","Intimidation","Sexual Orientation",1
"199999","Winston-Salem State University","2021","Intimidation","Sexual Orientation",1
"200156","University of Jamestown","2021","Simple Assault","Race",1
"200280","University of North Dakota","2021","Simple Assault","Sexual Orientation",1
"200800","University of Akron Main Campus","2021","Intimidation","Ethnicity",1
"201104","Ashland University","2021","Vandalism","Sexual Orientation",1
"201371","Bluffton University","2021","Rape","Gender",3
"201371","Bluffton University","2021","Fondling","Gender",4
"201885","University of Cincinnati-Main Campus","2021","Aggravated Assault","Gender Identity",1
"202480","University of Dayton","2021","Vandalism","Religion",1
"202480","University of Dayton","2021","Vandalism","National Origin",1
"203517","Kent State University at Kent","2021","Intimidation","Race",1
"203517","Kent State University at Kent","2021","Vandalism","Race",1
"203580","Lake Erie College","2021","Larceny","Gender Identity",1
"204024","Miami University-Oxford","2021","Intimidation","Sexual Orientation",1
"204185","University of Mount Union","2021","Intimidation","Race",1
"204422","North Central State College","2021","Vandalism","Race",1
"204635","Ohio Northern University","2021","Vandalism","Race",1
"204796","Ohio State University-Main Campus","2021","Simple Assault","Race",1
"204796","Ohio State University-Main Campus","2021","Intimidation","Race",3
"204796","Ohio State University-Main Campus","2021","Intimidation","Sexual Orientation",1
"204796","Ohio State University-Main Campus","2021","Intimidation","Gender",1
"204796","Ohio State University-Main Campus","2021","Vandalism","Sexual Orientation",1
"204857","Ohio University-Main Campus","2021","Vandalism","Religion",1
"204945","Owens Community College","2021","Vandalism","Race",1
"204945","Owens Community College","2021","Vandalism","Religion",1
"205841","Stark State College","2021","Simple Assault","Gender Identity",1
"206349","Ursuline College","2021","Intimidation","Race",1
"206604","Wright State University-Main Campus","2021","Vandalism","Race",1
"206941","University of Central Oklahoma","2021","Simple Assault","Sexual Orientation",1
"207050","Eastern Oklahoma State College","2021","Intimidation","Religion",1
"207847","Southeastern Oklahoma State University","2021","Intimidation","Ethnicity",1
"209250","Mt Hood Community College","2021","Intimidation","Race",1
"209542","Oregon State University","2021","Simple Assault","Sexual Orientation",1
"209542","Oregon State University","2021","Vandalism","National Origin",1
"209551","University of Oregon","2021","Intimidation","Race",3
"209551","University of Oregon","2021","Intimidation","Sexual Orientation",3
"209612","Pacific University","2021","Intimidation","Race",2
"209746","Portland Community College","2021","Intimidation","Race",1
"209807","Portland State University","2021","Intimidation","Race",2
"209807","Portland State University","2021","Intimidation","Sexual Orientation",1
"209807","Portland State University","2021","Vandalism","Sexual Orientation",1
"210669","Allegheny College","2021","Intimidation","Race",1
"211291","Bucknell University","2021","Simple Assault","Race",1
"211307","Bucks County Community College","2021","Vandalism","National Origin",1
"211440","Carnegie Mellon University","2021","Intimidation","Race",1
"211440","Carnegie Mellon University","2021","Intimidation","Religion",1
"211981","Delaware Valley University","2021","Vandalism","Race",2
"212009","Dickinson College","2021","Vandalism","Religion",1
"212054","Drexel University","2021","Simple Assault","Race",1
"212106","Duquesne University","2021","Intimidation","National Origin",1
"212197","Elizabethtown College","2021","Vandalism","Religion",1
"212577","Franklin and Marshall College","2021","Larceny","Sexual Orientation",1
"212577","Franklin and Marshall College","2021","Intimidation","Ethnicity",1
"212577","Franklin and Marshall College","2021","Vandalism","National Origin",1
"212832","Gwynedd Mercy University","2021","Intimidation","Race",1
"213251","Juniata College","2021","Vandalism","Ethnicity",1
"213367","La Salle University","2021","Vandalism","Race",1
"213385","Lafayette College","2021","Simple Assault","Sexual Orientation",1
"213385","Lafayette College","2021","Intimidation","Sexual Orientation",1
"213543","Lehigh University","2021","Aggravated Assault","Ethnicity",2
"213783","Mansfield University of Pennsylvania","2021","Vandalism","Race",1
"214379","Northampton County Area Community College","2021","Intimidation","Gender",1
"215062","University of Pennsylvania","2021","Intimidation","Race",1
"215062","University of Pennsylvania","2021","Intimidation","Sexual Orientation",1
"215594","Reading Hospital School of Health Sciences","2021","Intimidation","Race",1
"216278","Susquehanna University","2021","Simple Assault","Race",2
"216339","Temple University","2021","Intimidation","Religion",1
"216524","Ursinus College","2021","Intimidation","Sexual Orientation",1
"216597","Villanova University","2021","Intimidation","Religion",1
"216597","Villanova University","2021","Intimidation","Ethnicity",1
"216764","West Chester University of Pennsylvania","2021","Vandalism","Religion",1
"217059","York College of Pennsylvania","2021","Intimidation","Race",1
"217059","York College of Pennsylvania","2021","Vandalism","Race",1
"217156","Brown University","2021","Larceny","Religion",1
"217156","Brown University","2021","Intimidation","Race",1
"217156","Brown University","2021","Intimidation","Religion",1
"217156","Brown University","2021","Vandalism","Religion",1
"217165","Bryant University","2021","Vandalism","Religion",1
"217484","University of Rhode Island","2021","Vandalism","Sexual Orientation",1
"217493","Rhode Island School of Design","2021","Vandalism","Race",1
"217819","College of Charleston","2021","Simple Assault","Sexual Orientation",1
"218070","Furman University","2021","Vandalism","Race",1
"218070","Furman University","2021","Vandalism","Religion",1
"218070","Furman University","2021","Vandalism","Sexual Orientation",1
"218353","Midlands Technical College","2021","Larceny","Race",1
"218663","University of South Carolina-Columbia","2021","Intimidation","Race",1
"218964","Winthrop University","2021","Intimidation","Race",1
"219347","South Dakota School of Mines and Technology","2021","Intimidation","Gender",1
"220075","East Tennessee State University","2021","Intimidation","Sexual Orientation",1
"220075","East Tennessee State University","2021","Vandalism","Sexual Orientation",1
"220978","Middle Tennessee State University","2021","Vandalism","Race",1
"221759","The University of Tennessee-Knoxville","2021","Aggravated Assault","Race",1
"221759","The University of Tennessee-Knoxville","2021","Vandalism","Religion",2
"221999","Vanderbilt University","2021","Intimidation","Race",1
"222831","Angelo State University","2021","Intimidation","Ethnicity",1
"223232","Baylor University","2021","Intimidation","Race",1
"223232","Baylor University","2021","Intimidation","Religion",1
"223816","Central Texas College","2021","Vandalism","Race",1
"225432","University of Houston-Downtown","2021","Intimidation","Sexual Orientation",1
"225502","University of Houston-Victoria","2021","Intimidation","Race",1
"225502","University of Houston-Victoria","2021","Intimidation","Ethnicity",1
"225511","University of Houston","2021","Intimidation","Race",2
"225511","University of Houston","2021","Intimidation","Gender Identity",1
"226091","Lamar University","2021","Intimidation","Race",2
"226091","Lamar University","2021","Intimidation","Sexual Orientation",1
"226091","Lamar University","2021","Vandalism","Race",1
"227757","Rice University","2021","Simple Assault","Gender Identity",1
"227845","Saint Edward's University","2021","Intimidation","Race",1
"227845","Saint Edward's University","2021","Vandalism","Race",3
"227845","Saint Edward's University","2021","Vandalism","Religion",1
"227845","Saint Edward's University","2021","Vandalism","Gender",1
"228459","Texas State University","2021","Vandalism","Sexual Orientation",1
"228769","The University of Texas at Arlington","2021","Intimidation","National Origin",1
"228778","The University of Texas at Austin","2021","Simple Assault","Race",1
"228875","Texas Christian University","2021","Intimidation","National Origin",1
"228884","Texas College","2021","Aggravated Assault","Sexual Orientation",1
"229063","Texas Southern University","2021","Intimidation","Race",1
"229115","Texas Tech University","2021","Aggravated Assault","Race",4
"229115","Texas Tech University","2021","Simple Assault","Sexual Orientation",1
"229115","Texas Tech University","2021","Intimidation","Race",4
"229300","The University of Texas Health Science Center at Houston","2021","Intimidation","Race",1
"229799","Weatherford College","2021","Intimidation","Gender",1
"230038","Brigham Young University","2021","Simple Assault","Sexual Orientation",1
"230171","Dixie State University","2021","Intimidation","Race",2
"230171","Dixie State University","2021","Intimidation","Gender",1
"230746","Salt Lake Community College","2021","Intimidation","Race",1
"230764","University of Utah","2021","Intimidation","Race",2
"230764","University of Utah","2021","Vandalism","Race",1
"230834","Castleton University","2021","Intimidation","Race",1
"230834","Castleton University","2021","Intimidation","Sexual Orientation",1
"230959","Middlebury College","2021","Intimidation","Race",1
"230959","Middlebury College","2021","Intimidation","Religion",1
"230959","Middlebury College","2021","Intimidation","Gender Identity",1
"230959","Middlebury College","2021","Vandalism","Gender Identity",1
"231059","Saint Michael's College","2021","Larceny","Sexual Orientation",1
"231059","Saint Michael's College","2021","Intimidation","Race",1
"231059","Saint Michael's College","2021","Vandalism","Sexual Orientation",2
"231165","Vermont Technical College","2021","Vandalism","Gender",1
"231174","University of Vermont","2021","Vandalism","Race",2
"231174","University of Vermont","2021","Vandalism","Gender",1
"231624","William & Mary","2021","Intimidation","Sexual Orientation",2
"231712","Christopher Newport University","2021","Intimidation","Race",1
"232025","Emory & Henry College","2021","Intimidation","Race",1
"232450","Brightpoint Community College","2021","Simple Assault","Gender",1
"233374","University of Richmond","2021","Larceny","Sexual Orientation",1
"233374","University of Richmond","2021","Vandalism","Religion",2
"234076","University of Virginia-Main Campus","2021","Rape","Gender Identity",1
"234076","University of Virginia-Main Campus","2021","Simple Assault","Race",1
"234076","University of Virginia-Main Campus","2021","Intimidation","Gender",1
"234207","Washington and Lee University","2021","Intimidation","Race",1
"234207","Washington and Lee University","2021","Intimidation","Sexual Orientation",1
"234207","Washington and Lee University","2021","Vandalism","Race",2
"234827","Central Washington University","2021","Larceny","Sexual Orientation",1
"234827","Central Washington University","2021","Vandalism","Sexual Orientation",2
"234933","Clark College","2021","Vandalism","Sexual Orientation",1
"235149","Everett Community College","2021","Intimidation","Gender Identity",1
"235316","Gonzaga University","2021","Intimidation","Race",1
"235431","Highline College","2021","Intimidation","Race",1
"236328","University of Puget Sound","2021","Vandalism","Gender Identity",1
"236513","Seattle Central College","2021","Robbery","Race",1
"236513","Seattle Central College","2021","Larceny","Race",1
"236595","Seattle University","2021","Robbery","Sexual Orientation",1
"236595","Seattle University","2021","Simple Assault","Sexual Orientation",1
"236595","Seattle University","2021","Larceny","Race",1
"236595","Seattle University","2021","Intimidation","Race",1
"236595","Seattle University","2021","Vandalism","Religion",1
"236939","Washington State University","2021","Intimidation","Race",1
"236939","Washington State University","2021","Vandalism","Gender Identity",1
"236948","University of Washington-Seattle Campus","2021","Robbery","Race",1
"236948","University of Washington-Seattle Campus","2021","Intimidation","National Origin",1
"236948","University of Washington-Seattle Campus","2021","Vandalism","Race",3
"236948","University of Washington-Seattle Campus","2021","Vandalism","Sexual Orientation",1
"237011","Western Washington University","2021","Intimidation","Religion",1
"237181","Bethany College","2021","Intimidation","Sexual Orientation",1
"238458","Carroll University","2021","Intimidation","Race",1
"238476","Carthage College","2021","Vandalism","Race",1
"239105","Marquette University","2021","Simple Assault","Race",2
"239248","Milwaukee Area Technical College","2021","Intimidation","Race",1
"240107","Viterbo University","2021","Vandalism","Race",2
"240107","Viterbo University","2021","Vandalism","Sexual Orientation",1
"240268","University of Wisconsin-Eau Claire","2021","Intimidation","Sexual Orientation",1
"240444","University of Wisconsin-Madison","2021","Simple Assault","Race",1
"240444","University of Wisconsin-Madison","2021","Vandalism","Race",2
"240444","University of Wisconsin-Madison","2021","Vandalism","Sexual Orientation",1
"240453","University of Wisconsin-Milwaukee","2021","Intimidation","Race",1
"240453","University of Wisconsin-Milwaukee","2021","Vandalism","Sexual Orientation",1
"240480","University of Wisconsin-Stevens Point","2021","Larceny","Sexual Orientation",1
"240480","University of Wisconsin-Stevens Point","2021","Vandalism","Race",2
"240480","University of Wisconsin-Stevens Point","2021","Vandalism","Sexual Orientation",1
"242617","Inter American University of Puerto Rico-San German","2021","Intimidation","Disability",1
"243744","Stanford University","2021","Intimidation","Race",1
"243744","Stanford University","2021","Vandalism","Race",1
"366252","Pennsylvania College of Technology","2021","Intimidation","Race",1
"366252","Pennsylvania College of Technology","2021","Intimidation","Sexual Orientation",2
"366252","Pennsylvania College of Technology","2021","Vandalism","Sexual Orientation",1
"382416","Greater Lowell Technical School","2021","Vandalism","Gender",1
"399911","Soka University of America","2021","Vandalism","Sexual Orientation",1
"405872","Carroll Community College","2021","Vandalism","Race",1
"409698","California State University-Monterey Bay","2021","Intimidation","Race",1
"418533","Lancaster County Career and Technology Center","2021","Intimidation","Race",2
"418533","Lancaster County Career and Technology Center","2021","Intimidation","Ethnicity",2
"421771","House of Heavilin Beauty College-Raymore","2021","Simple Assault","Race",1
"421771","House of Heavilin Beauty College-Raymore","2021","Intimidation","Race",1
"441414","M-DCPS The English Center","2021","Burglary","Gender",1
"442329","Tulsa Welding School-Jacksonville","2021","Vandalism","Gender",1
"442611","NASCAR Technical Institute","2021","Vandalism","Race",1
"450304","Brite Divinity School","2021","Intimidation","National Origin",1
"455813","Pontifical John Paul II Institute for Studies on Marriage and Family","2021","Vandalism","Race",1
"457226","Horizon University","2021","Vandalism","Religion",1
"481021","Berks Career & Technology Center","2021","Simple Assault","Race",1
"483018","Antioch College","2021","Vandalism","Religion",1
"490294","Elite Cosmetology, Barber & Spa Academy","2021","Intimidation","Ethnicity",1
"491695","Brown Beauty Barber School","2021","Larceny","Race",1
"492661","California College of Barbering and Cosmetology","2021","Burglary","National Origin",2
"495767","The Pennsylvania State University","2021","Intimidation","Race",3
"495767","The Pennsylvania State University","2021","Vandalism","Ethnicity",2
"495776","Elite Welding Academy","2021","Intimidation","Gender",1
"104179","University of Arizona","2022","Aggravated Assault","Sexual Orientation",4
"104179","University of Arizona","2022","Simple Assault","National Origin",1
"104179","University of Arizona","2022","Intimidation","Race",1
"104179","University of Arizona","2022","Intimidation","National Origin",3
"104179","University of Arizona","2022","Vandalism","Gender",1
"104577","Eastern Arizona College","2022","Intimidation","Race",1
"104717","Grand Canyon University","2022","Simple Assault","Race",1
"104717","Grand Canyon University","2022","Vandalism","Race",2
"105330","Northern Arizona University","2022","Larceny","Sexual Orientation",7
"106263","University of Arkansas for Medical Sciences","2022","Simple Assault","Race",1
"106412","University of Arkansas at Pine Bluff","2022","Intimidation","Race",1
"107044","Harding University","2022","Intimidation","Race",1
"107080","Hendrix College","2022","Intimidation","Race",1
"107080","Hendrix College","2022","Vandalism","Religion",1
"107558","University of the Ozarks","2022","Intimidation","Race",1
"107840","Shorter College","2022","Intimidation","Race",1
"110334","Cabrillo College","2022","Vandalism","Race",1
"110495","California State University-Stanislaus","2022","Intimidation","Race",2
"110495","California State University-Stanislaus","2022","Intimidation","Sexual Orientation",1
"110495","California State University-Stanislaus","2022","Vandalism","Religion",1
"110538","California State University-Chico","2022","Intimidation","Race",1
"110538","California State University-Chico","2022","Vandalism","Race",1
"110583","California State University-Long Beach","2022","Intimidation","Race",1
"110592","California State University-Los Angeles","2022","Intimidation","Sexual Orientation",1
"110608","California State University-Northridge","2022","Intimidation","Ethnicity",1
"110635","University of California-Berkeley","2022","Aggravated Assault","Gender Identity",1
"110635","University of California-Berkeley","2022","Aggravated Assault","Ethnicity",3
"110635","University of California-Berkeley","2022","Arson","Gender Identity",1
"110635","University of California-Berkeley","2022","Simple Assault","Race",2
"110635","University of California-Berkeley","2022","Intimidation","Race",1
"110635","University of California-Berkeley","2022","Intimidation","Sexual Orientation",1
"110635","University of California-Berkeley","2022","Vandalism","Gender Identity",1
"110644","University of California-Davis","2022","Intimidation","Race",1
"110644","University of California-Davis","2022","Intimidation","Sexual Orientation",1
"110644","University of California-Davis","2022","Vandalism","Gender Identity",1
"110653","University of California-Irvine","2022","Vandalism","Race",1
"110662","University of California-Los Angeles","2022","Simple Assault","Race",1
"110662","University of California-Los Angeles","2022","Simple Assault","Sexual Orientation",1
"110662","University of California-Los Angeles","2022","Intimidation","Race",2
"110662","University of California-Los Angeles","2022","Intimidation","Religion",1
"110662","University of California-Los Angeles","2022","Intimidation","Sexual Orientation",1
"110680","University of California-San Diego","2022","Intimidation","Sexual Orientation",1
"110705","University of California-Santa Barbara","2022","Intimidation","Race",1
"110705","University of California-Santa Barbara","2022","Intimidation","Ethnicity",2
"110705","University of California-Santa Barbara","2022","Intimidation","National Origin",1
"110714","University of California-Santa Cruz","2022","Vandalism","Race",3
"110714","University of California-Santa Cruz","2022","Vandalism","Sexual Orientation",1
"110714","University of California-Santa Cruz","2022","Vandalism","National Origin",1
"111966","Charles R Drew University of Medicine and Science","2022","Intimidation","Race",2
"112190","City College of San Francisco","2022","Simple Assault","Gender",1
"115861","Imperial Valley College","2022","Intimidation","Sexual Orientation",1
"116846","American Jewish University","2022","Intimidation","Religion",1
"117645","Long Beach City College","2022","Vandalism","Race",2
"117690","Los Angeles Harbor College","2022","Aggravated Assault","Race",1
"117946","Loyola Marymount University","2022","Vandalism","Race",1
"118693","Menlo College","2022","Vandalism","Race",1
"118693","Menlo College","2022","Vandalism","Gender Identity",1
"119164","Mt San Antonio College","2022","Intimidation","Race",1
"120342","Orange Coast College","2022","Intimidation","Race",1
"120342","Orange Coast College","2022","Intimidation","Sexual Orientation",2
"120342","Orange Coast College","2022","Vandalism","Race",1
"121044","Pasadena City College","2022","Intimidation","Race",1
"121044","Pasadena City College","2022","Vandalism","Race",1
"121044","Pasadena City College","2022","Vandalism","Religion",5
"121345","Pomona College","2022","Vandalism","National Origin",1
"121901","Riverside City College","2022","Intimidation","Race",1
"122375","San Diego Mesa College","2022","Vandalism","Race",1
"122409","San Diego State University","2022","Rape","Sexual Orientation",1
"122409","San Diego State University","2022","Aggravated Assault","Ethnicity",1
"122409","San Diego State University","2022","Vandalism","Religion",1
"122597","San Francisco State University","2022","Simple Assault","Race",1
"122597","San Francisco State University","2022","Vandalism","Sexual Orientation",1
"122755","San Jose State University","2022","Simple Assault","Race",1
"122755","San Jose State University","2022","Simple Assault","Ethnicity",1
"123800","Southwestern College","2022","Simple Assault","Race",1
"123800","Southwestern College","2022","Vandalism","Race",1
"123961","University of Southern California","2022","Intimidation","Gender",1
"123961","University of Southern California","2022","Intimidation","National Origin",2
"123961","University of Southern California","2022","Vandalism","Sexual Orientation",1
"123961","University of Southern California","2022","Vandalism","National Origin",1
"126182","Adams State University","2022","Aggravated Assault","Race",1
"126182","Adams State University","2022","Vandalism","Race",1
"126580","University of Colorado Colorado Springs","2022","Intimidation","Race",1
"126614","University of Colorado Boulder","2022","Intimidation","Race",1
"126818","Colorado State University-Fort Collins","2022","Vandalism","Gender Identity",2
"127556","Colorado Mesa University","2022","Intimidation","Sexual Orientation",1
"127556","Colorado Mesa University","2022","Vandalism","Sexual Orientation",1
"127918","Regis University","2022","Intimidation","Race",1
"128391","Western Colorado University","2022","Simple Assault","Race",1
"128391","Western Colorado University","2022","Intimidation","Race",1
"128771","Central Connecticut State University","2022","Intimidation","Sexual Orientation",1
"129020","University of Connecticut","2022","Intimidation","Race",1
"129020","University of Connecticut","2022","Intimidation","Ethnicity",1
"130183","Post University","2022","Intimidation","Gender Identity",1
"130590","Trinity College","2022","Vandalism","Religion",2
"130794","Yale University","2022","Vandalism","Sexual Orientation",2
"130943","University of Delaware","2022","Intimidation","Race",1
"131159","American University","2022","Intimidation","Sexual Orientation",1
"131159","American University","2022","Vandalism","Religion",2
"131399","University of the District of Columbia","2022","Intimidation","Race",1
"131450","Gallaudet University","2022","Intimidation","Sexual Orientation",1
"131450","Gallaudet University","2022","Intimidation","Disability",3
"131469","George Washington University","2022","Vandalism","Religion",1
"131496","Georgetown University","2022","Intimidation","Race",2
"131496","Georgetown University","2022","Vandalism","Sexual Orientation",1
"134097","Florida State University","2022","Simple Assault","Race",1
"134097","Florida State University","2022","Simple Assault","Sexual Orientation",1
"134097","Florida State University","2022","Intimidation","National Origin",1
"134130","University of Florida","2022","Aggravated Assault","Gender Identity",1
"134945","Jacksonville University","2022","Intimidation","Race",1
"134945","Jacksonville University","2022","Intimidation","Gender",2
"136950","Rollins College","2022","Vandalism","Religion",1
"139144","Berry College","2022","Vandalism","Religion",1
"139658","Emory University","2022","Vandalism","Sexual Orientation",1
"139861","Georgia College & State University","2022","Vandalism","Race",1
"139861","Georgia College & State University","2022","Vandalism","National Origin",1
"139940","Georgia State University","2022","Simple Assault","Race",1
"139940","Georgia State University","2022","Vandalism","Race",1
"139959","University of Georgia","2022","Intimidation","Religion",1
"139959","University of Georgia","2022","Vandalism","Race",1
"139959","University of Georgia","2022","Vandalism","Religion",1
"139959","University of Georgia","2022","Vandalism","Sexual Orientation",2
"140447","Mercer University","2022","Intimidation","Sexual Orientation",1
"140696","Oglethorpe University","2022","Simple Assault","Religion",1
"140696","Oglethorpe University","2022","Intimidation","Gender",1
"140696","Oglethorpe University","2022","Vandalism","Race",1
"140696","Oglethorpe University","2022","Vandalism","Religion",1
"140818","Piedmont University","2022","Intimidation","Race",1
"140818","Piedmont University","2022","Intimidation","Sexual Orientation",1
"141361","Young Harris College","2022","Intimidation","Sexual Orientation",1
"142115","Boise State University","2022","Intimidation","Gender",1
"142115","Boise State University","2022","Vandalism","Race",1
"142115","Boise State University","2022","Vandalism","Disability",2
"142522","Brigham Young University-Idaho","2022","Intimidation","Sexual Orientation",1
"144184","City Colleges of Chicago-Harry S Truman College","2022","Intimidation","Race",2
"144281","Columbia College Chicago","2022","Simple Assault","Race",1
"145372","Greenville University","2022","Intimidation","Race",1
"145619","Benedictine University","2022","Vandalism","Race",1
"145619","Benedictine University","2022","Vandalism","Religion",1
"145637","University of Illinois Urbana-Champaign","2022","Larceny","Religion",1
"145637","University of Illinois Urbana-Champaign","2022","Intimidation","Race",1
"145637","University of Illinois Urbana-Champaign","2022","Vandalism","Gender Identity",1
"146481","Lake Forest College","2022","Vandalism","Sexual Orientation",4
"146612","Lewis University","2022","Intimidation","Race",2
"147378","Moraine Valley Community College","2022","Intimidation","Religion",1
"147767","Northwestern University","2022","Intimidation","Sexual Orientation",2
"147767","Northwestern University","2022","Intimidation","Gender Identity",1
"150136","Ball State University","2022","Vandalism","Race",1
"150400","DePauw University","2022","Intimidation","Sexual Orientation",2
"150668","Goshen College","2022","Vandalism","Sexual Orientation",1
"150756","Hanover College","2022","Intimidation","Race",1
"150756","Hanover College","2022","Vandalism","Race",1
"151111","Indiana University-Purdue University-Indianapolis","2022","Intimidation","Race",1
"151111","Indiana University-Purdue University-Indianapolis","2022","Intimidation","Religion",1
"151351","Indiana University-Bloomington","2022","Intimidation","Religion",1
"151351","Indiana University-Bloomington","2022","Vandalism","Gender",1
"152080","University of Notre Dame","2022","Intimidation","Race",1
"153630","Iowa Western Community College","2022","Intimidation","National Origin",1
"153658","University of Iowa","2022","Intimidation","Race",2
"153658","University of Iowa","2022","Intimidation","Gender Identity",1
"153658","University of Iowa","2022","Vandalism","Race",1
"153658","University of Iowa","2022","Vandalism","Religion",1
"153737","Kirkwood Community College","2022","Intimidation","Race",1
"153737","Kirkwood Community College","2022","Vandalism","Sexual Orientation",1
"153861","Maharishi International University","2022","Simple Assault","Race",3
"154095","University of Northern Iowa","2022","Larceny","Gender Identity",1
"155317","University of Kansas","2022","Fondling","Religion",1
"156213","Asbury University","2022","Intimidation","Ethnicity",1
"156338","Southcentral Kentucky Community and Technical College","2022","Intimidation","Race",1
"159391","Louisiana State University and Agricultural & Mechanical College","2022","Intimidation","Race",2
"159407","Louisiana State University-Eunice","2022","Intimidation","Gender Identity",1
"160038","Northwestern State University of Louisiana","2022","Vandalism","Religion",1
"160612","Southeastern Louisiana University","2022","Rape","Race",1
"160612","Southeastern Louisiana University","2022","Intimidation","Race",1
"160755","Tulane University of Louisiana","2022","Intimidation","Sexual Orientation",1
"160755","Tulane University of Louisiana","2022","Intimidation","National Origin",2
"161226","University of Maine at Farmington","2022","Intimidation","Race",1
"161545","Southern Maine Community College","2022","Intimidation","Race",1
"162654","Goucher College","2022","Vandalism","Race",1
"162706","Harford Community College","2022","Intimidation","Race",1
"162760","Hood College","2022","Vandalism","Race",1
"163268","University of Maryland-Baltimore County","2022","Vandalism","Religion",1
"163286","University of Maryland-College Park","2022","Intimidation","Race",1
"163295","Maryland Institute College of Art","2022","Vandalism","Religion",1
"163295","Maryland Institute College of Art","2022","Vandalism","Ethnicity",1
"163851","Salisbury University","2022","Intimidation","Race",1
"164076","Towson University","2022","Intimidation","Race",1
"164270","McDaniel College","2022","Intimidation","Race",1
"164465","Amherst College","2022","Vandalism","Gender Identity",1
"164580","Babson College","2022","Vandalism","Sexual Orientation",1
"164739","Bentley University","2022","Vandalism","Religion",1
"164739","Bentley University","2022","Vandalism","Sexual Orientation",1
"164988","Boston University","2022","Intimidation","Religion",1
"164988","Boston University","2022","Intimidation","Sexual Orientation",3
"165024","Bridgewater State University","2022","Vandalism","Race",1
"165024","Bridgewater State University","2022","Vandalism","Sexual Orientation",1
"165574","Dean College","2022","Vandalism","Ethnicity",3
"166629","University of Massachusetts-Amherst","2022","Simple Assault","Race",1
"166887","Middlesex Community College","2022","Vandalism","Sexual Orientation",1
"167288","Massachusetts College of Liberal Arts","2022","Intimidation","Sexual Orientation",2
"167358","Northeastern University","2022","Intimidation","Race",1
"167358","Northeastern University","2022","Intimidation","National Origin",5
"167534","Quinsigamond Community College","2022","Aggravated Assault","Gender",1
"168227","Wentworth Institute of Technology","2022","Intimidation","Gender",4
"168227","Wentworth Institute of Technology","2022","Vandalism","Race",1
"168342","Williams College","2022","Vandalism","Race",1
"168421","Worcester Polytechnic Institute","2022","Intimidation","Race",1
"168421","Worcester Polytechnic Institute","2022","Vandalism","Gender Identity",2
"168546","Albion College","2022","Intimidation","Race",1
"168740","Andrews University","2022","Intimidation","Ethnicity",1
"169910","Ferris State University","2022","Intimidation","Gender Identity",1
"170444","Jackson College","2022","Intimidation","Race",1
"170639","Lake Superior State University","2022","Intimidation","Gender Identity",1
"170806","Madonna University","2022","Intimidation","Race",1
"170976","University of Michigan-Ann Arbor","2022","Intimidation","Race",3
"170976","University of Michigan-Ann Arbor","2022","Intimidation","Religion",2
"170976","University of Michigan-Ann Arbor","2022","Vandalism","Race",2
"171100","Michigan State University","2022","Intimidation","Race",2
"171100","Michigan State University","2022","Intimidation","Religion",2
"171100","Michigan State University","2022","Intimidation","Sexual Orientation",2
"172291","St Clair County Community College","2022","Intimidation","Race",1
"172699","Western Michigan University","2022","Intimidation","Race",2
"173203","Central Lakes College-Brainerd","2022","Intimidation","Race",1
"173911","South Central College","2022","Vandalism","Race",1
"173957","Mayo Clinic College of Medicine and Science","2022","Intimidation","Race",1
"173957","Mayo Clinic College of Medicine and Science","2022","Intimidation","Gender Identity",1
"174066","University of Minnesota-Twin Cities","2022","Simple Assault","Religion",1
"174233","University of Minnesota-Duluth","2022","Intimidation","Sexual Orientation",1
"174251","University of Minnesota-Morris","2022","Intimidation","Race",1
"175078","Southwest Minnesota State University","2022","Vandalism","Sexual Orientation",2
"177551","Harris-Stowe State University","2022","Intimidation","Race",1
"177551","Harris-Stowe State University","2022","Intimidation","Ethnicity",1
"178402","University of Missouri-Kansas City","2022","Vandalism","Race",1
"178402","University of Missouri-Kansas City","2022","Vandalism","Sexual Orientation",1
"178615","Truman State University","2022","Larceny","Sexual Orientation",1
"178615","Truman State University","2022","Intimidation","Gender Identity",1
"178624","Northwest Missouri State University","2022","Intimidation","Sexual Orientation",1
"179043","Rockhurst University","2022","Intimidation","Race",1
"179326","Southwest Baptist University","2022","Intimidation","Race",1
"179645","Three Rivers College","2022","Intimidation","Race",1
"179955","William Jewell College","2022","Intimidation","Race",1
"180151","Dawson Community College","2022","Intimidation","Race",1
"180151","Dawson Community College","2022","Intimidation","Ethnicity",1
"180151","Dawson Community College","2022","Intimidation","National Origin",1
"180416","Montana Technological University","2022","Vandalism","Race",2
"180461","Montana State University","2022","Intimidation","Race",1
"180489","The University of Montana","2022","Simple Assault","Disability",1
"180489","The University of Montana","2022","Larceny","Race",1
"180489","The University of Montana","2022","Intimidation","National Origin",1
"180489","The University of Montana","2022","Vandalism","Sexual Orientation",2
"181215","University of Nebraska at Kearney","2022","Intimidation","Sexual Orientation",2
"181394","University of Nebraska at Omaha","2022","Intimidation","Race",3
"181394","University of Nebraska at Omaha","2022","Intimidation","Gender",1
"181394","University of Nebraska at Omaha","2022","Vandalism","Sexual Orientation",1
"181428","University of Nebraska Medical Center","2022","Vandalism","Race",1
"181464","University of Nebraska-Lincoln","2022","Intimidation","Race",1
"181464","University of Nebraska-Lincoln","2022","Intimidation","Sexual Orientation",1
"182281","University of Nevada-Las Vegas","2022","Intimidation","Race",1
"183080","Plymouth State University","2022","Intimidation","Race",1
"183080","Plymouth State University","2022","Vandalism","Race",1
"183080","Plymouth State University","2022","Vandalism","Religion",1
"183080","Plymouth State University","2022","Vandalism","Sexual Orientation",1
"183099","NHTI-Concord's Community College","2022","Vandalism","Religion",1
"183859","Brookdale Community College","2022","Intimidation","Religion",1
"185262","Kean University","2022","Simple Assault","Race",1
"185262","Kean University","2022","Intimidation","Race",3
"185262","Kean University","2022","Vandalism","Race",1
"185590","Montclair State University","2022","Intimidation","Race",1
"185590","Montclair State University","2022","Intimidation","National Origin",1
"186380","Rutgers University-New Brunswick","2022","Simple Assault","Race",1
"186380","Rutgers University-New Brunswick","2022","Intimidation","Race",4
"186380","Rutgers University-New Brunswick","2022","Intimidation","National Origin",4
"186584","Seton Hall University","2022","Intimidation","Race",1
"186584","Seton Hall University","2022","Intimidation","Religion",1
"186876","Stockton University","2022","Intimidation","Race",1
"186876","Stockton University","2022","Intimidation","Religion",1
"186900","Talmudical Academy-New Jersey","2022","Vandalism","Religion",1
"187444","William Paterson University of New Jersey","2022","Vandalism","Race",3
"187444","William Paterson University of New Jersey","2022","Vandalism","Religion",8
"187444","William Paterson University of New Jersey","2022","Vandalism","Sexual Orientation",2
"187620","New Mexico State University-Dona Ana","2022","Vandalism","Sexual Orientation",1
"187985","University of New Mexico-Main Campus","2022","Simple Assault","Race",2
"187985","University of New Mexico-Main Campus","2022","Larceny","Sexual Orientation",23
"187985","University of New Mexico-Main Campus","2022","Intimidation","Religion",2
"187985","University of New Mexico-Main Campus","2022","Vandalism","Sexual Orientation",6
"188030","New Mexico State University-Main Campus","2022","Vandalism","Sexual Orientation",1
"190044","Clarkson University","2022","Intimidation","Race",1
"190150","Columbia University in the City of New York","2022","Vandalism","Sexual Orientation",1
"190415","Cornell University","2022","Vandalism","Race",1
"190558","College of Staten Island CUNY","2022","Vandalism","Sexual Orientation",1
"190567","CUNY City College","2022","Intimidation","Race",1
"190567","CUNY City College","2022","Vandalism","Religion",1
"190585","CUNY Hostos Community College","2022","Vandalism","Religion",1
"190594","CUNY Hunter College","2022","Intimidation","Religion",1
"190600","CUNY John Jay College of Criminal Justice","2022","Intimidation","Religion",1
"190600","CUNY John Jay College of Criminal Justice","2022","Intimidation","Sexual Orientation",1
"190600","CUNY John Jay College of Criminal Justice","2022","Intimidation","National Origin",1
"190600","CUNY John Jay College of Criminal Justice","2022","Vandalism","Race",3
"190628","CUNY LaGuardia Community College","2022","Intimidation","Ethnicity",1
"190628","CUNY LaGuardia Community College","2022","Vandalism","Sexual Orientation",1
"190664","CUNY Queens College","2022","Intimidation","Race",3
"190664","CUNY Queens College","2022","Intimidation","Religion",4
"190664","CUNY Queens College","2022","Intimidation","Disability",2
"190664","CUNY Queens College","2022","Intimidation","Ethnicity",4
"190664","CUNY Queens College","2022","Intimidation","National Origin",1
"191621","Hilbert College","2022","Intimidation","Race",1
"191968","Ithaca College","2022","Vandalism","Religion",5
"192192","Keuka College","2022","Vandalism","Sexual Orientation",1
"192448","Long Island University","2022","Intimidation","Religion",1
"192749","Manhattanville College","2022","Intimidation","Race",2
"192749","Manhattanville College","2022","Intimidation","Sexual Orientation",1
"192819","Marist College","2022","Vandalism","Race",1
"193478","Nassau Community College","2022","Vandalism","Religion",2
"193900","New York University","2022","Intimidation","Sexual Orientation",2
"193900","New York University","2022","Intimidation","Ethnicity",1
"195216","St Lawrence University","2022","Vandalism","Religion",1
"195234","The College of Saint Rose","2022","Intimidation","Race",1
"195304","Sarah Lawrence College","2022","Larceny","Religion",1
"195304","Sarah Lawrence College","2022","Intimidation","Race",1
"195526","Skidmore College","2022","Larceny","Sexual Orientation",1
"195526","Skidmore College","2022","Intimidation","Race",2
"195988","Sullivan County Community College","2022","Intimidation","Race",1
"196024","SUNY College of Technology at Delhi","2022","Vandalism","Race",3
"196033","SUNY College of Agriculture and Technology at Cobleskill","2022","Vandalism","Religion",1
"196042","Farmingdale State College","2022","Vandalism","Religion",1
"196042","Farmingdale State College","2022","Vandalism","Sexual Orientation",1
"196060","SUNY at Albany","2022","Intimidation","Religion",1
"196097","Stony Brook University","2022","Intimidation","Gender Identity",1
"196185","SUNY Oneonta","2022","Vandalism","Religion",1
"196200","SUNY College at Potsdam","2022","Vandalism","Religion",1
"196237","SUNY College at Old Westbury","2022","Intimidation","Race",1
"196246","SUNY College at Plattsburgh","2022","Vandalism","Race",2
"196255","SUNY Downstate Health Sciences University","2022","Intimidation","Sexual Orientation",1
"196291","SUNY Maritime College","2022","Vandalism","Race",1
"196413","Syracuse University","2022","Intimidation","Race",1
"196413","Syracuse University","2022","Intimidation","Religion",1
"196413","Syracuse University","2022","Intimidation","Gender",1
"196413","Syracuse University","2022","Intimidation","Ethnicity",3
"196413","Syracuse University","2022","Intimidation","National Origin",1
"196413","Syracuse University","2022","Vandalism","Race",1
"197708","Yeshiva University","2022","Intimidation","Religion",3
"197708","Yeshiva University","2022","Vandalism","Religion",1
"198464","East Carolina University","2022","Simple Assault","Race",1
"198464","East Carolina University","2022","Intimidation","Race",2
"198464","East Carolina University","2022","Intimidation","Religion",1
"198507","Elizabeth City State University","2022","Intimidation","Ethnicity",1
"198543","Fayetteville State University","2022","Intimidation","Race",1
"199120","University of North Carolina at Chapel Hill","2022","Simple Assault","Race",1
"199120","University of North Carolina at Chapel Hill","2022","Simple Assault","Ethnicity",1
"199120","University of North Carolina at Chapel Hill","2022","Larceny","Sexual Orientation",1
"199120","University of North Carolina at Chapel Hill","2022","Larceny","Gender Identity",1
"199120","University of North Carolina at Chapel Hill","2022","Vandalism","Sexual Orientation",1
"199157","North Carolina Central University","2022","Intimidation","Race",1
"199218","University of North Carolina Wilmington","2022","Simple Assault","Sexual Orientation",1
"199892","Wayne Community College","2022","Intimidation","Gender Identity",1
"199999","Winston-Salem State University","2022","Intimidation","Race",1
"201371","Bluffton University","2022","Rape","Gender",3
"201371","Bluffton University","2022","Fondling","Gender",1
"202480","University of Dayton","2022","Burglary","Race",1
"202480","University of Dayton","2022","Larceny","Sexual Orientation",2
"202480","University of Dayton","2022","Vandalism","Sexual Orientation",1
"203517","Kent State University at Kent","2022","Vandalism","Race",1
"203517","Kent State University at Kent","2022","Vandalism","Religion",3
"203535","Kenyon College","2022","Intimidation","Ethnicity",1
"203757","Lourdes University","2022","Intimidation","Race",1
"204024","Miami University-Oxford","2022","Intimidation","Sexual Orientation",1
"204185","University of Mount Union","2022","Vandalism","Sexual Orientation",1
"204194","Mount Vernon Nazarene University","2022","Intimidation","Race",1
"204194","Mount Vernon Nazarene University","2022","Intimidation","Sexual Orientation",1
"204662","Ohio State University Agricultural Technical Institute","2022","Simple Assault","Gender",1
"204796","Ohio State University-Main Campus","2022","Fondling","Gender Identity",1
"204796","Ohio State University-Main Campus","2022","Intimidation","Race",1
"204796","Ohio State University-Main Campus","2022","Intimidation","Religion",1
"204796","Ohio State University-Main Campus","2022","Vandalism","Religion",1
"204796","Ohio State University-Main Campus","2022","Vandalism","Sexual Orientation",1
"204857","Ohio University-Main Campus","2022","Intimidation","Race",1
"204857","Ohio University-Main Campus","2022","Vandalism","Sexual Orientation",1
"205841","Stark State College","2022","Larceny","Gender",1
"207290","Northeastern Oklahoma A&M College","2022","Intimidation","Race",1
"207500","University of Oklahoma-Norman Campus","2022","Vandalism","Race",1
"209490","Oregon Health & Science University","2022","Intimidation","Gender",1
"209551","University of Oregon","2022","Intimidation","Race",2
"209551","University of Oregon","2022","Intimidation","Gender",1
"209551","University of Oregon","2022","Vandalism","Religion",1
"209612","Pacific University","2022","Intimidation","Race",2
"209612","Pacific University","2022","Intimidation","Sexual Orientation",2
"209612","Pacific University","2022","Vandalism","Race",1
"209746","Portland Community College","2022","Simple Assault","National Origin",1
"209746","Portland Community College","2022","Intimidation","Race",1
"209922","Reed College","2022","Vandalism","Race",1
"210146","Southern Oregon University","2022","Vandalism","Sexual Orientation",1
"210401","Willamette University","2022","Vandalism","Sexual Orientation",1
"210669","Allegheny College","2022","Vandalism","Religion",1
"211273","Bryn Mawr College","2022","Vandalism","Race",2
"211291","Bucknell University","2022","Intimidation","Race",1
"211440","Carnegie Mellon University","2022","Vandalism","Sexual Orientation",1
"211981","Delaware Valley University","2022","Vandalism","Race",2
"212009","Dickinson College","2022","Intimidation","Religion",1
"212106","Duquesne University","2022","Intimidation","National Origin",1
"212577","Franklin and Marshall College","2022","Vandalism","Religion",1
"212674","Gettysburg College","2022","Vandalism","Gender Identity",1
"212832","Gwynedd Mercy University","2022","Intimidation","Race",1
"213251","Juniata College","2022","Larceny","Sexual Orientation",1
"213251","Juniata College","2022","Vandalism","Sexual Orientation",2
"213826","Marywood University","2022","Intimidation","Disability",1
"213826","Marywood University","2022","Vandalism","Disability",1
"214041","Millersville University of Pennsylvania","2022","Intimidation","Race",1
"214157","Moravian University","2022","Intimidation","Ethnicity",1
"214379","Northampton County Area Community College","2022","Rape","Sexual Orientation",1
"214379","Northampton County Area Community College","2022","Vandalism","Race",1
"214643","Pennsylvania State University-Penn State Wilkes-Barre","2022","Vandalism","Ethnicity",1
"214768","Pennsylvania State University-Penn State Hazleton","2022","Intimidation","Sexual Orientation",2
"214777","Pennsylvania State University-Main Campus","2022","Simple Assault","Sexual Orientation",1
"214777","Pennsylvania State University-Main Campus","2022","Intimidation","Ethnicity",1
"214777","Pennsylvania State University-Main Campus","2022","Vandalism","Race",1
"214777","Pennsylvania State University-Main Campus","2022","Vandalism","Sexual Orientation",1
"214801","Pennsylvania State University-Penn State Abington","2022","Fondling","Religion",1
"215053","Pennsylvania College of Art and Design","2022","Intimidation","Race",2
"215053","Pennsylvania College of Art and Design","2022","Intimidation","Religion",1
"215053","Pennsylvania College of Art and Design","2022","Intimidation","Gender",2
"215053","Pennsylvania College of Art and Design","2022","Intimidation","Gender Identity",1
"215062","University of Pennsylvania","2022","Vandalism","National Origin",1
"215105","The University of the Arts","2022","Larceny","Religion",1
"215293","University of Pittsburgh-Pittsburgh Campus","2022","Intimidation","Race",1
"216278","Susquehanna University","2022","Rape","Sexual Orientation",1
"216278","Susquehanna University","2022","Intimidation","Gender Identity",1
"216278","Susquehanna University","2022","Vandalism","Sexual Orientation",2
"216278","Susquehanna University","2022","Vandalism","Gender Identity",1
"216339","Temple University","2022","Intimidation","Race",1
"216339","Temple University","2022","Vandalism","Religion",1
"216524","Ursinus College","2022","Larceny","Ethnicity",1
"216597","Villanova University","2022","Intimidation","Race",1
"216807","Westminster College","2022","Intimidation","Race",1
"217013","Wilson College","2022","Intimidation","Race",1
"217059","York College of Pennsylvania","2022","Intimidation","Race",1
"217156","Brown University","2022","Vandalism","Religion",1
"217165","Bryant University","2022","Vandalism","Race",1
"217420","Rhode Island College","2022","Vandalism","Race",1
"217493","Rhode Island School of Design","2022","Simple Assault","Race",1
"217493","Rhode Island School of Design","2022","Intimidation","Race",1
"217493","Rhode Island School of Design","2022","Vandalism","Race",1
"217493","Rhode Island School of Design","2022","Vandalism","Religion",1
"218663","University of South Carolina-Columbia","2022","Vandalism","Religion",1
"218885","Tri-County Technical College","2022","Intimidation","Race",1
"219602","Austin Peay State University","2022","Intimidation","Race",1
"220075","East Tennessee State University","2022","Vandalism","Race",1
"220181","Fisk University","2022","Intimidation","Race",1
"220631","Lincoln Memorial University","2022","Intimidation","Race",1
"220631","Lincoln Memorial University","2022","Intimidation","National Origin",1
"220978","Middle Tennessee State University","2022","Vandalism","Religion",1
"221759","The University of Tennessee-Knoxville","2022","Intimidation","Race",1
"221847","Tennessee Technological University","2022","Intimidation","Race",1
"221847","Tennessee Technological University","2022","Intimidation","Sexual Orientation",1
"223232","Baylor University","2022","Intimidation","Sexual Orientation",1
"226091","Lamar University","2022","Vandalism","Gender",1
"227526","Prairie View A & M University","2022","Intimidation","Race",1
"227854","St Philip's College","2022","Larceny","Sexual Orientation",2
"228459","Texas State University","2022","Aggravated Assault","Race",3
"228459","Texas State University","2022","Simple Assault","National Origin",1
"228459","Texas State University","2022","Intimidation","Sexual Orientation",1
"228653","The University of Texas Medical Branch at Galveston","2022","Intimidation","National Origin",1
"228723","Texas A & M University-College Station","2022","Simple Assault","Sexual Orientation",1
"228723","Texas A & M University-College Station","2022","Intimidation","Sexual Orientation",1
"228769","The University of Texas at Arlington","2022","Vandalism","Sexual Orientation",1
"228778","The University of Texas at Austin","2022","Intimidation","Sexual Orientation",1
"228884","Texas College","2022","Aggravated Assault","Sexual Orientation",1
"229063","Texas Southern University","2022","Intimidation","Race",1
"229063","Texas Southern University","2022","Intimidation","Sexual Orientation",1
"229799","Weatherford College","2022","Intimidation","Race",1
"230038","Brigham Young University","2022","Intimidation","Race",1
"230038","Brigham Young University","2022","Intimidation","Sexual Orientation",1
"230746","Salt Lake Community College","2022","Simple Assault","Religion",1
"230746","Salt Lake Community College","2022","Intimidation","Race",1
"230764","University of Utah","2022","Aggravated Assault","Race",1
"230764","University of Utah","2022","Simple Assault","Race",2
"230764","University of Utah","2022","Intimidation","Race",3
"230764","University of Utah","2022","Intimidation","Religion",1
"230764","University of Utah","2022","Intimidation","Sexual Orientation",1
"230764","University of Utah","2022","Vandalism","Sexual Orientation",1
"230816","Bennington College","2022","Intimidation","Gender Identity",1
"230834","Castleton University","2022","Intimidation","Race",1
"230834","Castleton University","2022","Intimidation","National Origin",1
"230834","Castleton University","2022","Vandalism","Race",1
"230834","Castleton University","2022","Vandalism","Sexual Orientation",1
"230913","Northern Vermont University","2022","Intimidation","Race",1
"230913","Northern Vermont University","2022","Intimidation","Sexual Orientation",1
"230959","Middlebury College","2022","Intimidation","Religion",1
"230959","Middlebury College","2022","Vandalism","Religion",1
"231059","Saint Michael's College","2022","Vandalism","Sexual Orientation",1
"231174","University of Vermont","2022","Vandalism","Religion",1
"231581","Bridgewater College","2022","Vandalism","Sexual Orientation",3
"231581","Bridgewater College","2022","Vandalism","Gender",1
"232025","Emory & Henry College","2022","Intimidation","Race",1
"232025","Emory & Henry College","2022","Vandalism","Race",4
"232186","George Mason University","2022","Intimidation","Race",1
"232186","George Mason University","2022","Intimidation","Religion",2
"232186","George Mason University","2022","Intimidation","Sexual Orientation",1
"232557","Liberty University","2022","Intimidation","Race",1
"232566","Longwood University","2022","Vandalism","Race",1
"232937","Norfolk State University","2022","Intimidation","Race",4
"232946","Northern Virginia Community College","2022","Intimidation","Race",2
"232946","Northern Virginia Community College","2022","Intimidation","National Origin",1
"232982","Old Dominion University","2022","Vandalism","Sexual Orientation",1
"233295","Randolph-Macon College","2022","Vandalism","Sexual Orientation",1
"233374","University of Richmond","2022","Simple Assault","Race",1
"233921","Virginia Polytechnic Institute and State University","2022","Vandalism","Sexual Orientation",1
"234030","Virginia Commonwealth University","2022","Intimidation","Race",2
"234076","University of Virginia-Main Campus","2022","Intimidation","Race",2
"234155","Virginia State University","2022","Intimidation","Race",2
"234827","Central Washington University","2022","Vandalism","Race",1
"234827","Central Washington University","2022","Vandalism","Sexual Orientation",1
"235167","The Evergreen State College","2022","Simple Assault","Race",1
"235167","The Evergreen State College","2022","Vandalism","Ethnicity",2
"235316","Gonzaga University","2022","Vandalism","Gender Identity",1
"236188","Olympic College","2022","Intimidation","Sexual Orientation",1
"236258","Peninsula College","2022","Intimidation","Sexual Orientation",1
"236328","University of Puget Sound","2022","Intimidation","Religion",1
"236328","University of Puget Sound","2022","Vandalism","Religion",1
"236328","University of Puget Sound","2022","Vandalism","Sexual Orientation",1
"236513","Seattle Central College","2022","Simple Assault","Race",1
"236513","Seattle Central College","2022","Simple Assault","Sexual Orientation",1
"236638","Skagit Valley College","2022","Vandalism","Race",1
"236638","Skagit Valley College","2022","Vandalism","Sexual Orientation",1
"236656","South Puget Sound Community College","2022","Simple Assault","Sexual Orientation",1
"236708","Spokane Falls Community College","2022","Intimidation","Race",1
"236939","Washington State University","2022","Simple Assault","Gender",2
"236939","Washington State University","2022","Intimidation","Race",1
"236939","Washington State University","2022","Intimidation","Religion",1
"236939","Washington State University","2022","Intimidation","Sexual Orientation",1
"236939","Washington State University","2022","Intimidation","Gender",1
"236948","University of Washington-Seattle Campus","2022","Simple Assault","Race",1
"236948","University of Washington-Seattle Campus","2022","Intimidation","Race",4
"236948","University of Washington-Seattle Campus","2022","Vandalism","National Origin",1
"238333","Beloit College","2022","Intimidation","Race",1
"238333","Beloit College","2022","Vandalism","Race",1
"238476","Carthage College","2022","Vandalism","Gender Identity",1
"239080","Marian University","2022","Intimidation","Race",1
"239512","Northland College","2022","Intimidation","Gender",1
"240107","Viterbo University","2022","Intimidation","Religion",1
"240170","Western Technical College","2022","Intimidation","Race",1
"240268","University of Wisconsin-Eau Claire","2022","Intimidation","Sexual Orientation",1
"240338","Wisconsin Lutheran College","2022","Aggravated Assault","Race",1
"240444","University of Wisconsin-Madison","2022","Simple Assault","Race",1
"240444","University of Wisconsin-Madison","2022","Intimidation","Race",3
"240444","University of Wisconsin-Madison","2022","Vandalism","Race",1
"240453","University of Wisconsin-Milwaukee","2022","Simple Assault","Gender",1
"240453","University of Wisconsin-Milwaukee","2022","Vandalism","Race",1
"240453","University of Wisconsin-Milwaukee","2022","Vandalism","Religion",1
"240453","University of Wisconsin-Milwaukee","2022","Vandalism","Sexual Orientation",1
"240480","University of Wisconsin-Stevens Point","2022","Vandalism","Race",1
"240480","University of Wisconsin-Stevens Point","2022","Vandalism","Sexual Orientation",1
"240480","University of Wisconsin-Stevens Point","2022","Vandalism","Gender Identity",1
"240505","Casper College","2022","Vandalism","Race",1
"240657","Northwest College","2022","Simple Assault","Sexual Orientation",2
"242617","Inter American University of Puerto Rico-San German","2022","Larceny","Gender",2
"242617","Inter American University of Puerto Rico-San German","2022","Intimidation","Disability",2
"242617","Inter American University of Puerto Rico-San German","2022","Vandalism","Gender",2
"243744","Stanford University","2022","Simple Assault","Race",1
"243744","Stanford University","2022","Simple Assault","Sexual Orientation",1
"243744","Stanford University","2022","Larceny","Religion",1
"243744","Stanford University","2022","Larceny","National Origin",1
"243744","Stanford University","2022","Intimidation","Race",2
"243744","Stanford University","2022","Vandalism","Race",1
"243780","Purdue University-Main Campus","2022","Simple Assault","Sexual Orientation",1
"243780","Purdue University-Main Campus","2022","Larceny","Sexual Orientation",2
"247603","Sussex County Community College","2022","Larceny","Gender",1
"247649","Landmark College","2022","Intimidation","Race",2
"247649","Landmark College","2022","Intimidation","Religion",1
"366252","Pennsylvania College of Technology","2022","Intimidation","Sexual Orientation",1
"366252","Pennsylvania College of Technology","2022","Intimidation","Gender Identity",1
"399212","Santiago Canyon College","2022","Fondling","Sexual Orientation",1
"399911","Soka University of America","2022","Vandalism","Sexual Orientation",1
"399911","Soka University of America","2022","Vandalism","Gender Identity",1
"405872","Carroll Community College","2022","Vandalism","Religion",1
"409698","California State University-Monterey Bay","2022","Simple Assault","Sexual Orientation",1
"409698","California State University-Monterey Bay","2022","Simple Assault","Gender",1
"409698","California State University-Monterey Bay","2022","Intimidation","Sexual Orientation",1
"416801","The University of Texas MD Anderson Cancer Center","2022","Vandalism","Race",1
"434672","Community College of Baltimore County","2022","Intimidation","Ethnicity",1
"435000","Louisiana State University Health Sciences Center-Shreveport","2022","Simple Assault","Race",1
"441414","M-DCPS The English Center","2022","Burglary","Gender",1
"449764","Visible Music College","2022","Vandalism","Religion",1
"455114","College of Western Idaho","2022","Intimidation","Gender Identity",1
"460835","Miller-Motte College-Conway","2022","Simple Assault","Race",1
"461148","New York Film Academy","2022","Intimidation","Religion",2
"461306","D A Dorsey Technical College","2022","Burglary","Ethnicity",2
"487597","Universal Technical Institute-Southern California","2022","Intimidation","Race",1
"488554","Burrell College of Osteopathic Medicine","2022","Vandalism","Sexual Orientation",1
"100706","University of Alabama in Huntsville","2023","Intimidation","Religion",1
"100751","The University of Alabama","2023","Intimidation","Race",1
"100751","The University of Alabama","2023","Intimidation","Religion",1
"100858","Auburn University","2023","Burglary","Race",1
"100858","Auburn University","2023","Intimidation","Sexual Orientation",1
"100858","Auburn University","2023","Vandalism","Race",1
"101161","Coastal Alabama Community College","2023","Intimidation","Sexual Orientation",1
"101709","University of Montevallo","2023","Intimidation","Race",1
"102049","Samford University","2023","Vandalism","Race",1
"102553","University of Alaska Anchorage","2023","Aggravated Assault","Religion",1
"102553","University of Alaska Anchorage","2023","Simple Assault","Religion",1
"102553","University of Alaska Anchorage","2023","Intimidation","Religion",2
"102553","University of Alaska Anchorage","2023","Intimidation","Ethnicity",1
"102553","University of Alaska Anchorage","2023","Vandalism","Sexual Orientation",1
"102614","University of Alaska Fairbanks","2023","Aggravated Assault","Sexual Orientation",1
"102614","University of Alaska Fairbanks","2023","Vandalism","Race",1
"104151","Arizona State University Campus Immersion","2023","Simple Assault","Sexual Orientation",1
"104151","Arizona State University Campus Immersion","2023","Simple Assault","Gender Identity",1
"104151","Arizona State University Campus Immersion","2023","Intimidation","National Origin",1
"104151","Arizona State University Campus Immersion","2023","Vandalism","Religion",2
"104151","Arizona State University Campus Immersion","2023","Vandalism","National Origin",1
"104179","University of Arizona","2023","Vandalism","Ethnicity",1
"104577","Eastern Arizona College","2023","Intimidation","Race",1
"104717","Grand Canyon University","2023","Intimidation","Gender Identity",1
"105330","Northern Arizona University","2023","Vandalism","Race",1
"106148","Yavapai College","2023","Intimidation","Ethnicity",1
"106397","University of Arkansas","2023","Aggravated Assault","Ethnicity",1
"107044","Harding University","2023","Simple Assault","Ethnicity",1
"108667","College of Alameda","2023","Vandalism","Religion",1
"108667","College of Alameda","2023","Vandalism","Sexual Orientation",1
"109819","Bakersfield College","2023","Intimidation","Sexual Orientation",1
"110422","California Polytechnic State University-San Luis Obispo","2023","Intimidation","Religion",2
"110422","California Polytechnic State University-San Luis Obispo","2023","Intimidation","Sexual Orientation",1
"110422","California Polytechnic State University-San Luis Obispo","2023","Vandalism","Religion",3
"110556","California State University-Fresno","2023","Larceny","Sexual Orientation",1
"110556","California State University-Fresno","2023","Vandalism","Sexual Orientation",1
"110565","California State University-Fullerton","2023","Intimidation","Sexual Orientation",1
"110565","California State University-Fullerton","2023","Vandalism","Ethnicity",1
"110574","California State University-East Bay","2023","Intimidation","Race",1
"110583","California State University-Long Beach","2023","Intimidation","Race",1
"110583","California State University-Long Beach","2023","Vandalism","Sexual Orientation",1
"110617","California State University-Sacramento","2023","Intimidation","National Origin",1
"110635","University of California-Berkeley","2023","Simple Assault","Race",2
"110635","University of California-Berkeley","2023","Simple Assault","Religion",1
"110635","University of California-Berkeley","2023","Simple Assault","Ethnicity",1
"110635","University of California-Berkeley","2023","Intimidation","Ethnicity",1
"110635","University of California-Berkeley","2023","Intimidation","National Origin",2
"110644","University of California-Davis","2023","Simple Assault","Sexual Orientation",1
"110644","University of California-Davis","2023","Vandalism","Race",1
"110644","University of California-Davis","2023","Vandalism","Sexual Orientation",2
"110653","University of California-Irvine","2023","Intimidation","Religion",2
"110653","University of California-Irvine","2023","Vandalism","Ethnicity",1
"110662","University of California-Los Angeles","2023","Simple Assault","Race",1
"110662","University of California-Los Angeles","2023","Simple Assault","National Origin",2
"110662","University of California-Los Angeles","2023","Intimidation","Sexual Orientation",1
"110662","University of California-Los Angeles","2023","Intimidation","National Origin",2
"110671","University of California-Riverside","2023","Vandalism","Ethnicity",1
"110671","University of California-Riverside","2023","Vandalism","National Origin",1
"110680","University of California-San Diego","2023","Simple Assault","Sexual Orientation",1
"110705","University of California-Santa Barbara","2023","Aggravated Assault","Sexual Orientation",1
"110705","University of California-Santa Barbara","2023","Intimidation","Religion",1
"110705","University of California-Santa Barbara","2023","Intimidation","Sexual Orientation",2
"110705","University of California-Santa Barbara","2023","Intimidation","Gender",1
"110705","University of California-Santa Barbara","2023","Intimidation","Ethnicity",1
"110705","University of California-Santa Barbara","2023","Vandalism","Gender",1
"110714","University of California-Santa Cruz","2023","Vandalism","Race",1
"111939","Chaffey College","2023","Vandalism","Sexual Orientation",1
"111939","Chaffey College","2023","Vandalism","National Origin",1
"111948","Chapman University","2023","Simple Assault","Sexual Orientation",1
"111948","Chapman University","2023","Larceny","National Origin",1
"111948","Chapman University","2023","Vandalism","Religion",1
"112260","Claremont McKenna College","2023","Robbery","Religion",1
"112686","Compton College","2023","Vandalism","Race",2
"113634","Diablo Valley College","2023","Vandalism","Race",1
"113634","Diablo Valley College","2023","Vandalism","Ethnicity",1
"113856","East Los Angeles College","2023","Vandalism","Race",1
"113856","East Los Angeles College","2023","Vandalism","Sexual Orientation",1
"114734","Franciscan School of Theology","2023","Vandalism","Sexual Orientation",1
"114859","Fullerton College","2023","Vandalism","Race",1
"115755","California State Polytechnic University-Humboldt","2023","Intimidation","Disability",1
"115861","Imperial Valley College","2023","Intimidation","Sexual Orientation",1
"117636","Loma Linda University","2023","Vandalism","Race",1
"117690","Los Angeles Harbor College","2023","Intimidation","Sexual Orientation",1
"117715","Los Angeles Southwest College","2023","Vandalism","Race",1
"117715","Los Angeles Southwest College","2023","Vandalism","Sexual Orientation",1
"117733","Los Angeles Valley College","2023","Vandalism","Sexual Orientation",1
"117733","Los Angeles Valley College","2023","Vandalism","Gender Identity",1
"117788","Los Angeles City College","2023","Intimidation","Race",1
"118693","Menlo College","2023","Intimidation","Race",1
"118693","Menlo College","2023","Intimidation","Sexual Orientation",1
"120290","Ohlone College","2023","Vandalism","Sexual Orientation",1
"120342","Orange Coast College","2023","Intimidation","National Origin",1
"120342","Orange Coast College","2023","Vandalism","Race",1
"121044","Pasadena City College","2023","Intimidation","Race",1
"121619","Santa Ana College","2023","Vandalism","Race",1
"121691","University of Redlands","2023","Vandalism","Race",2
"122339","San Diego City College","2023","Vandalism","Race",1
"122339","San Diego City College","2023","Vandalism","Sexual Orientation",1
"122339","San Diego City College","2023","Vandalism","Gender",1
"122339","San Diego City College","2023","Vandalism","Ethnicity",1
"122436","University of San Diego","2023","Vandalism","Sexual Orientation",1
"122755","San Jose State University","2023","Simple Assault","National Origin",1
"122755","San Jose State University","2023","Intimidation","Ethnicity",1
"122977","Santa Monica College","2023","Vandalism","Religion",2
"123165","Scripps College","2023","Vandalism","Ethnicity",1
"123299","Shasta College","2023","Intimidation","National Origin",1
"123572","Sonoma State University","2023","Intimidation","Race",1
"123651","Vanguard University of Southern California","2023","Vandalism","Race",1
"123800","Southwestern College","2023","Vandalism","Race",1
"123961","University of Southern California","2023","Intimidation","Race",1
"123961","University of Southern California","2023","Intimidation","Sexual Orientation",2
"123961","University of Southern California","2023","Intimidation","National Origin",2
"124113","Taft College","2023","Vandalism","Sexual Orientation",1
"125727","Westmont College","2023","Vandalism","Religion",1
"126182","Adams State University","2023","Intimidation","Sexual Orientation",1
"126562","University of Colorado Denver/Anschutz Medical Campus","2023","Fondling","Gender Identity",1
"126562","University of Colorado Denver/Anschutz Medical Campus","2023","Intimidation","Religion",1
"126562","University of Colorado Denver/Anschutz Medical Campus","2023","Intimidation","Gender Identity",1
"126562","University of Colorado Denver/Anschutz Medical Campus","2023","Intimidation","National Origin",1
"126562","University of Colorado Denver/Anschutz Medical Campus","2023","Vandalism","Sexual Orientation",1
"126614","University of Colorado Boulder","2023","Simple Assault","Religion",1
"126614","University of Colorado Boulder","2023","Simple Assault","Gender",1
"126614","University of Colorado Boulder","2023","Intimidation","Race",15
"126614","University of Colorado Boulder","2023","Intimidation","Religion",5
"126614","University of Colorado Boulder","2023","Intimidation","Gender",4
"126614","University of Colorado Boulder","2023","Intimidation","Disability",1
"126614","University of Colorado Boulder","2023","Intimidation","Ethnicity",1
"126614","University of Colorado Boulder","2023","Intimidation","National Origin",6
"126678","Colorado College","2023","Intimidation","Sexual Orientation",2
"126678","Colorado College","2023","Intimidation","Ethnicity",2
"126818","Colorado State University-Fort Collins","2023","Intimidation","Race",1
"126818","Colorado State University-Fort Collins","2023","Intimidation","Sexual Orientation",1
"126942","Community College of Denver","2023","Fondling","Gender Identity",1
"126942","Community College of Denver","2023","Intimidation","Gender Identity",1
"127060","University of Denver","2023","Larceny","Religion",2
"127060","University of Denver","2023","Vandalism","Religion",2
"127185","Fort Lewis College","2023","Vandalism","Race",1
"127565","Metropolitan State University of Denver","2023","Intimidation","Religion",1
"127565","Metropolitan State University of Denver","2023","Intimidation","Sexual Orientation",1
"127565","Metropolitan State University of Denver","2023","Intimidation","Gender Identity",1
"127565","Metropolitan State University of Denver","2023","Intimidation","National Origin",1
"127653","Naropa University","2023","Intimidation","Religion",1
"127653","Naropa University","2023","Vandalism","National Origin",1
"127918","Regis University","2023","Intimidation","Race",4
"128391","Western Colorado University","2023","Vandalism","Gender",3
"129941","University of New Haven","2023","Vandalism","Gender",1
"130183","Post University","2023","Vandalism","Sexual Orientation",1
"130590","Trinity College","2023","Intimidation","Sexual Orientation",1
"130794","Yale University","2023","Intimidation","Race",1
"130943","University of Delaware","2023","Intimidation","National Origin",1
"130943","University of Delaware","2023","Vandalism","National Origin",1
"131159","American University","2023","Simple Assault","Ethnicity",3
"131159","American University","2023","Intimidation","Ethnicity",1
"131159","American University","2023","Vandalism","Ethnicity",5
"131450","Gallaudet University","2023","Intimidation","Religion",2
"131450","Gallaudet University","2023","Intimidation","Disability",1
"131469","George Washington University","2023","Simple Assault","Sexual Orientation",1
"132851","College of Central Florida","2023","Simple Assault","Race",1
"132851","College of Central Florida","2023","Intimidation","Race",1
"132851","College of Central Florida","2023","Vandalism","Race",1
"132903","University of Central Florida","2023","Vandalism","National Origin",1
"133711","Flagler College","2023","Vandalism","Ethnicity",1
"133881","Florida Institute of Technology","2023","Intimidation","Race",1
"134097","Florida State University","2023","Larceny","Religion",1
"137351","University of South Florida","2023","Simple Assault","Religion",1
"137546","Stetson University","2023","Intimidation","National Origin",1
"139144","Berry College","2023","Intimidation","Ethnicity",1
"139658","Emory University","2023","Intimidation","Religion",1
"139755","Georgia Institute of Technology-Main Campus","2023","Vandalism","Religion",1
"139861","Georgia College & State University","2023","Larceny","Gender Identity",1
"139861","Georgia College & State University","2023","Vandalism","Gender Identity",1
"139931","Georgia Southern University","2023","Intimidation","Race",2
"139959","University of Georgia","2023","Simple Assault","National Origin",1
"139959","University of Georgia","2023","Intimidation","National Origin",1
"139959","University of Georgia","2023","Vandalism","Sexual Orientation",1
"139968","Gordon State College","2023","Simple Assault","Sexual Orientation",1
"139995","Gupton Jones College of Funeral Service","2023","Intimidation","Race",1
"139995","Gupton Jones College of Funeral Service","2023","Intimidation","Gender Identity",1
"140447","Mercer University","2023","Vandalism","Race",1
"142115","Boise State University","2023","Simple Assault","Sexual Orientation",1
"142115","Boise State University","2023","Intimidation","National Origin",1
"142285","University of Idaho","2023","Intimidation","Race",1
"142522","Brigham Young University-Idaho","2023","Intimidation","Race",1
"143048","School of the Art Institute of Chicago","2023","Vandalism","Religion",1
"143358","Bradley University","2023","Vandalism","Gender",1
"144175","City Colleges of Chicago-Olive-Harvey College","2023","Vandalism","Race",1
"144740","DePaul University","2023","Simple Assault","Race",1
"144865","College of DuPage","2023","Vandalism","Religion",4
"145600","University of Illinois Chicago","2023","Simple Assault","Race",1
"145600","University of Illinois Chicago","2023","Intimidation","Religion",1
"145600","University of Illinois Chicago","2023","Intimidation","National Origin",2
"145619","Benedictine University","2023","Intimidation","Race",1
"145619","Benedictine University","2023","Vandalism","Gender",1
"145637","University of Illinois Urbana-Champaign","2023","Intimidation","Race",2
"145637","University of Illinois Urbana-Champaign","2023","Vandalism","Race",1
"145637","University of Illinois Urbana-Champaign","2023","Vandalism","Gender",1
"146472","College of Lake County","2023","Simple Assault","Sexual Orientation",1
"146472","College of Lake County","2023","Intimidation","Sexual Orientation",1
"147378","Moraine Valley Community College","2023","Intimidation","Race",1
"147378","Moraine Valley Community College","2023","Intimidation","Gender",3
"147660","North Central College","2023","Intimidation","Race",1
"147767","Northwestern University","2023","Intimidation","Race",1
"147776","Northeastern Illinois University","2023","Intimidation","Religion",1
"148511","Rush University","2023","Simple Assault","Religion",1
"148511","Rush University","2023","Vandalism","Race",1
"148627","Saint Xavier University","2023","Intimidation","Race",1
"148627","Saint Xavier University","2023","Vandalism","Race",2
"150136","Ball State University","2023","Vandalism","Race",1
"150136","Ball State University","2023","Vandalism","Religion",1
"150163","Butler University","2023","Larceny","Race",1
"150163","Butler University","2023","Larceny","Religion",1
"150163","Butler University","2023","Intimidation","Race",1
"150677","Grace College and Theological Seminary","2023","Intimidation","Race",1
"151111","Indiana University-Purdue University-Indianapolis","2023","Intimidation","Sexual Orientation",1
"151111","Indiana University-Purdue University-Indianapolis","2023","Vandalism","Race",1
"151111","Indiana University-Purdue University-Indianapolis","2023","Vandalism","Religion",1
"151351","Indiana University-Bloomington","2023","Simple Assault","Sexual Orientation",1
"151351","Indiana University-Bloomington","2023","Simple Assault","Ethnicity",3
"151351","Indiana University-Bloomington","2023","Intimidation","National Origin",1
"151351","Indiana University-Bloomington","2023","Vandalism","Race",1
"152637","Vincennes University","2023","Vandalism","Race",1
"153144","Coe College","2023","Vandalism","Gender Identity",1
"153278","University of Dubuque","2023","Larceny","Sexual Orientation",1
"153278","University of Dubuque","2023","Vandalism","Sexual Orientation",1
"153603","Iowa State University","2023","Intimidation","Race",2
"153630","Iowa Western Community College","2023","Intimidation","Sexual Orientation",1
"153861","Maharishi International University","2023","Simple Assault","Race",1
"154095","University of Northern Iowa","2023","Intimidation","Sexual Orientation",1
"154235","Saint Ambrose University","2023","Intimidation","Sexual Orientation",1
"154518","Waldorf University","2023","Intimidation","Race",1
"154518","Waldorf University","2023","Intimidation","Ethnicity",1
"155025","Emporia State University","2023","Larceny","Gender Identity",1
"155317","University of Kansas","2023","Larceny","Religion",1
"155317","University of Kansas","2023","Vandalism","Religion",1
"155317","University of Kansas","2023","Vandalism","Gender",1
"155317","University of Kansas","2023","Vandalism","Gender Identity",2
"155399","Kansas State University","2023","Intimidation","Race",1
"155399","Kansas State University","2023","Intimidation","Sexual Orientation",1
"155399","Kansas State University","2023","Vandalism","Sexual Orientation",1
"155511","McPherson College","2023","Intimidation","Gender Identity",4
"155627","Ottawa University-Ottawa","2023","Vandalism","Race",1
"156620","Eastern Kentucky University","2023","Intimidation","Race",1
"157085","University of Kentucky","2023","Simple Assault","Religion",1
"159391","Louisiana State University and Agricultural & Mechanical College","2023","Intimidation","Race",4
"160755","Tulane University of Louisiana","2023","Intimidation","Religion",4
"160755","Tulane University of Louisiana","2023","Intimidation","Sexual Orientation",5
"161545","Southern Maine Community College","2023","Simple Assault","Gender",1
"161767","Anne Arundel Community College","2023","Intimidation","Gender Identity",1
"162706","Harford Community College","2023","Vandalism","Race",1
"162760","Hood College","2023","Vandalism","Race",1
"162928","Johns Hopkins University","2023","Larceny","Religion",1
"162928","Johns Hopkins University","2023","Intimidation","Race",1
"162928","Johns Hopkins University","2023","Intimidation","Religion",1
"163046","Loyola University Maryland","2023","Vandalism","Race",1
"163268","University of Maryland-Baltimore County","2023","Intimidation","Race",2
"163286","University of Maryland-College Park","2023","Intimidation","Race",1
"163286","University of Maryland-College Park","2023","Intimidation","Religion",1
"163286","University of Maryland-College Park","2023","Intimidation","Sexual Orientation",1
"163286","University of Maryland-College Park","2023","Vandalism","Race",1
"163286","University of Maryland-College Park","2023","Vandalism","Sexual Orientation",1
"163286","University of Maryland-College Park","2023","Vandalism","National Origin",3
"163426","Montgomery College","2023","Vandalism","Religion",1
"163426","Montgomery College","2023","Vandalism","Sexual Orientation",1
"164270","McDaniel College","2023","Intimidation","Religion",1
"164465","Amherst College","2023","Larceny","National Origin",1
"164465","Amherst College","2023","Vandalism","Race",1
"164465","Amherst College","2023","Vandalism","Sexual Orientation",1
"164465","Amherst College","2023","Vandalism","Gender Identity",1
"164580","Babson College","2023","Intimidation","Ethnicity",1
"164988","Boston University","2023","Vandalism","Religion",1
"164988","Boston University","2023","Vandalism","Sexual Orientation",1
"165015","Brandeis University","2023","Intimidation","Religion",2
"165015","Brandeis University","2023","Vandalism","Religion",2
"165024","Bridgewater State University","2023","Simple Assault","Sexual Orientation",1
"165024","Bridgewater State University","2023","Vandalism","Race",1
"165024","Bridgewater State University","2023","Vandalism","Sexual Orientation",2
"165024","Bridgewater State University","2023","Vandalism","Gender",1
"165334","Clark University","2023","Vandalism","Ethnicity",1
"165644","Eastern Nazarene College","2023","Intimidation","Ethnicity",3
"165644","Eastern Nazarene College","2023","Vandalism","Race",1
"166027","Harvard University","2023","Simple Assault","Sexual Orientation",1
"166027","Harvard University","2023","Larceny","Religion",1
"166027","Harvard University","2023","Intimidation","Race",1
"166629","University of Massachusetts-Amherst","2023","Simple Assault","National Origin",1
"166656","MCPHS University","2023","Vandalism","Religion",1
"166683","Massachusetts Institute of Technology","2023","Larceny","Religion",1
"166683","Massachusetts Institute of Technology","2023","Vandalism","Sexual Orientation",2
"166708","University of Massachusetts Chan Medical School","2023","Vandalism","Religion",1
"166957","Mount Wachusett Community College","2023","Simple Assault","Sexual Orientation",1
"167288","Massachusetts College of Liberal Arts","2023","Simple Assault","Sexual Orientation",1
"167358","Northeastern University","2023","Simple Assault","Sexual Orientation",1
"167358","Northeastern University","2023","Intimidation","Religion",1
"167358","Northeastern University","2023","Intimidation","Sexual Orientation",1
"167525","Quincy College","2023","Intimidation","Race",1
"167783","Simmons University","2023","Intimidation","Religion",1
"167783","Simmons University","2023","Intimidation","Ethnicity",1
"168148","Tufts University","2023","Intimidation","Sexual Orientation",1
"168148","Tufts University","2023","Intimidation","Gender Identity",2
"168148","Tufts University","2023","Vandalism","Religion",2
"168148","Tufts University","2023","Vandalism","National Origin",1
"168254","Western New England University","2023","Vandalism","Sexual Orientation",1
"168421","Worcester Polytechnic Institute","2023","Intimidation","Gender Identity",1
"168421","Worcester Polytechnic Institute","2023","Vandalism","Sexual Orientation",1
"168421","Worcester Polytechnic Institute","2023","Vandalism","Gender Identity",1
"168546","Albion College","2023","Intimidation","Disability",1
"168786","Aquinas College","2023","Vandalism","Religion",1
"169080","Calvin University","2023","Vandalism","Gender Identity",1
"169099","Calvin Theological Seminary","2023","Vandalism","Gender Identity",1
"169479","Davenport University","2023","Intimidation","Race",1
"169479","Davenport University","2023","Intimidation","Sexual Orientation",1
"169479","Davenport University","2023","Intimidation","Gender",1
"169910","Ferris State University","2023","Intimidation","Sexual Orientation",1
"170657","Lansing Community College","2023","Vandalism","National Origin",1
"170675","Lawrence Technological University","2023","Intimidation","Religion",1
"170976","University of Michigan-Ann Arbor","2023","Intimidation","Race",1
"170976","University of Michigan-Ann Arbor","2023","Intimidation","Religion",2
"171100","Michigan State University","2023","Simple Assault","Sexual Orientation",1
"171100","Michigan State University","2023","Simple Assault","Ethnicity",1
"171100","Michigan State University","2023","Intimidation","Sexual Orientation",1
"171100","Michigan State University","2023","Intimidation","Ethnicity",1
"171100","Michigan State University","2023","Intimidation","National Origin",1
"171571","Oakland University","2023","Vandalism","National Origin",1
"172051","Saginaw Valley State University","2023","Vandalism","Religion",1
"172963","Anoka-Ramsey Community College","2023","Vandalism","National Origin",1
"173063","Riverland Community College","2023","Intimidation","Sexual Orientation",1
"173203","Central Lakes College-Brainerd","2023","Simple Assault","Gender",1
"173258","Carleton College","2023","Intimidation","Race",1
"173452","Martin Luther College","2023","Vandalism","Race",1
"173665","Hamline University","2023","Vandalism","Religion",1
"173920","Minnesota State University-Mankato","2023","Aggravated Assault","Sexual Orientation",1
"173920","Minnesota State University-Mankato","2023","Simple Assault","National Origin",2
"173920","Minnesota State University-Mankato","2023","Larceny","Sexual Orientation",1
"173920","Minnesota State University-Mankato","2023","Intimidation","Gender",1
"173920","Minnesota State University-Mankato","2023","Vandalism","Religion",1
"173920","Minnesota State University-Mankato","2023","Vandalism","Sexual Orientation",1
"173957","Mayo Clinic College of Medicine and Science","2023","Simple Assault","Race",2
"173957","Mayo Clinic College of Medicine and Science","2023","Intimidation","Race",5
"174066","University of Minnesota-Twin Cities","2023","Intimidation","Race",1
"174066","University of Minnesota-Twin Cities","2023","Intimidation","Religion",2
"174136","Minneapolis Community and Technical College","2023","Intimidation","Sexual Orientation",1
"174756","St Cloud Technical and Community College","2023","Intimidation","Race",1
"174844","St Olaf College","2023","Vandalism","Sexual Orientation",1
"175315","Century College","2023","Simple Assault","Race",1
"175315","Century College","2023","Vandalism","Race",1
"176789","Calvary University","2023","Intimidation","Religion",1
"176965","University of Central Missouri","2023","Robbery","National Origin",1
"177065","Columbia College","2023","Intimidation","Race",1
"177135","Crowder College","2023","Intimidation","Race",1
"178411","Missouri University of Science and Technology","2023","Simple Assault","Religion",1
"178411","Missouri University of Science and Technology","2023","Vandalism","Gender Identity",2
"178624","Northwest Missouri State University","2023","Intimidation","Race",1
"178624","Northwest Missouri State University","2023","Intimidation","National Origin",1
"179867","Washington University in St Louis","2023","Intimidation","Race",1
"179867","Washington University in St Louis","2023","Intimidation","Sexual Orientation",1
"179867","Washington University in St Louis","2023","Vandalism","Religion",1
"179894","Webster University","2023","Vandalism","Sexual Orientation",1
"180151","Dawson Community College","2023","Intimidation","Race",1
"180151","Dawson Community College","2023","Vandalism","Race",1
"180416","Montana Technological University","2023","Vandalism","Race",1
"180416","Montana Technological University","2023","Vandalism","Sexual Orientation",3
"180461","Montana State University","2023","Simple Assault","Race",1
"180461","Montana State University","2023","Intimidation","Race",3
"180461","Montana State University","2023","Intimidation","Religion",1
"180461","Montana State University","2023","Intimidation","Sexual Orientation",1
"180461","Montana State University","2023","Vandalism","Gender",1
"181002","Creighton University","2023","Larceny","Sexual Orientation",1
"181002","Creighton University","2023","Intimidation","Sexual Orientation",1
"181215","University of Nebraska at Kearney","2023","Intimidation","National Origin",1
"181394","University of Nebraska at Omaha","2023","Intimidation","Gender",1
"181394","University of Nebraska at Omaha","2023","Vandalism","Race",1
"181428","University of Nebraska Medical Center","2023","Intimidation","Sexual Orientation",1
"181464","University of Nebraska-Lincoln","2023","Intimidation","Religion",2
"181464","University of Nebraska-Lincoln","2023","Intimidation","Gender Identity",1
"181464","University of Nebraska-Lincoln","2023","Intimidation","National Origin",1
"181464","University of Nebraska-Lincoln","2023","Vandalism","Race",2
"182005","College of Southern Nevada","2023","Vandalism","Religion",1
"182634","Colby-Sawyer College","2023","Vandalism","Race",1
"182670","Dartmouth College","2023","Simple Assault","Race",1
"182670","Dartmouth College","2023","Vandalism","Gender Identity",1
"183044","University of New Hampshire-Main Campus","2023","Intimidation","Sexual Orientation",1
"183080","Plymouth State University","2023","Vandalism","Race",1
"183211","Rivier University","2023","Simple Assault","Sexual Orientation",1
"183743","Bergen Community College","2023","Intimidation","National Origin",1
"183910","Caldwell University","2023","Vandalism","Religion",1
"184603","Fairleigh Dickinson University-Metropolitan Campus","2023","Intimidation","National Origin",1
"184773","Georgian Court University","2023","Intimidation","Sexual Orientation",1
"185262","Kean University","2023","Intimidation","Race",1
"185262","Kean University","2023","Vandalism","Religion",1
"185509","Mercer County Community College","2023","Intimidation","Religion",1
"185590","Montclair State University","2023","Intimidation","Race",1
"186131","Princeton University","2023","Intimidation","Sexual Orientation",1
"186283","Rider University","2023","Vandalism","Race",2
"186283","Rider University","2023","Vandalism","Gender",1
"186283","Rider University","2023","Vandalism","Ethnicity",1
"186380","Rutgers University-New Brunswick","2023","Intimidation","Religion",1
"186584","Seton Hall University","2023","Intimidation","Sexual Orientation",1
"186618","Saint Elizabeth University","2023","Vandalism","Gender Identity",1
"186867","Stevens Institute of Technology","2023","Intimidation","Race",1
"186867","Stevens Institute of Technology","2023","Intimidation","Gender",1
"186876","Stockton University","2023","Intimidation","Religion",2
"186876","Stockton University","2023","Intimidation","Gender Identity",1
"187000","Aviation Institute of Maintenance-Teterboro","2023","Intimidation","Religion",1
"187444","William Paterson University of New Jersey","2023","Vandalism","Religion",1
"187985","University of New Mexico-Main Campus","2023","Simple Assault","Religion",1
"187985","University of New Mexico-Main Campus","2023","Simple Assault","Sexual Orientation",1
"187985","University of New Mexico-Main Campus","2023","Simple Assault","Ethnicity",1
"187985","University of New Mexico-Main Campus","2023","Intimidation","Race",1
"187985","University of New Mexico-Main Campus","2023","Vandalism","Religion",2
"187985","University of New Mexico-Main Campus","2023","Vandalism","Gender",1
"187985","University of New Mexico-Main Campus","2023","Vandalism","National Origin",1
"188207","Southwestern College","2023","Intimidation","Race",1
"188438","SUNY Adirondack","2023","Intimidation","Race",1
"188438","SUNY Adirondack","2023","Intimidation","Sexual Orientation",1
"190044","Clarkson University","2023","Vandalism","Religion",1
"190150","Columbia University in the City of New York","2023","Aggravated Assault","Religion",1
"190150","Columbia University in the City of New York","2023","Vandalism","Race",1
"190415","Cornell University","2023","Intimidation","Race",1
"190415","Cornell University","2023","Intimidation","Ethnicity",5
"190415","Cornell University","2023","Vandalism","Ethnicity",1
"190424","Weill Medical College of Cornell University","2023","Intimidation","National Origin",1
"190521","CUNY Borough of Manhattan Community College","2023","Vandalism","Race",1
"190521","CUNY Borough of Manhattan Community College","2023","Vandalism","Religion",1
"190521","CUNY Borough of Manhattan Community College","2023","Vandalism","Ethnicity",1
"190521","CUNY Borough of Manhattan Community College","2023","Vandalism","National Origin",1
"190567","CUNY City College","2023","Larceny","Religion",1
"190567","CUNY City College","2023","Intimidation","Religion",9
"190567","CUNY City College","2023","Vandalism","Religion",2
"190594","CUNY Hunter College","2023","Intimidation","Religion",1
"190594","CUNY Hunter College","2023","Intimidation","Sexual Orientation",1
"190594","CUNY Hunter College","2023","Intimidation","Ethnicity",1
"190600","CUNY John Jay College of Criminal Justice","2023","Intimidation","Race",1
"190600","CUNY John Jay College of Criminal Justice","2023","Intimidation","Religion",3
"190600","CUNY John Jay College of Criminal Justice","2023","Intimidation","Sexual Orientation",2
"190600","CUNY John Jay College of Criminal Justice","2023","Intimidation","National Origin",2
"190619","CUNY Kingsborough Community College","2023","Vandalism","Ethnicity",1
"190628","CUNY LaGuardia Community College","2023","Vandalism","Race",1
"190628","CUNY LaGuardia Community College","2023","Vandalism","National Origin",1
"190664","CUNY Queens College","2023","Intimidation","Race",2
"190664","CUNY Queens College","2023","Intimidation","Religion",1
"190664","CUNY Queens College","2023","Vandalism","Religion",1
"190664","CUNY Queens College","2023","Vandalism","Sexual Orientation",1
"190664","CUNY Queens College","2023","Vandalism","National Origin",2
"190673","CUNY Queensborough Community College","2023","Simple Assault","Religion",1
"190673","CUNY Queensborough Community College","2023","Vandalism","Race",1
"191241","Fordham University","2023","Vandalism","Religion",1
"191621","Hilbert College","2023","Intimidation","Race",1
"191968","Ithaca College","2023","Intimidation","Race",1
"191968","Ithaca College","2023","Intimidation","Religion",1
"192192","Keuka College","2023","Vandalism","Race",1
"192819","Marist College","2023","Vandalism","Religion",1
"193478","Nassau Community College","2023","Vandalism","Religion",1
"193478","Nassau Community College","2023","Vandalism","Gender Identity",1
"193654","The New School","2023","Simple Assault","Race",1
"193654","The New School","2023","Simple Assault","Sexual Orientation",1
"193654","The New School","2023","Intimidation","Race",3
"193654","The New School","2023","Intimidation","Gender",1
"193900","New York University","2023","Intimidation","Religion",1
"193900","New York University","2023","Vandalism","Religion",1
"195030","University of Rochester","2023","Vandalism","Religion",7
"195058","Rockland Community College","2023","Vandalism","Religion",1
"195173","St. Francis College","2023","Simple Assault","Race",1
"195216","St Lawrence University","2023","Vandalism","Race",1
"196024","SUNY College of Technology at Delhi","2023","Intimidation","Race",1
"196024","SUNY College of Technology at Delhi","2023","Vandalism","Race",2
"196024","SUNY College of Technology at Delhi","2023","Vandalism","Religion",1
"196033","SUNY College of Agriculture and Technology at Cobleskill","2023","Vandalism","Race",1
"196033","SUNY College of Agriculture and Technology at Cobleskill","2023","Vandalism","Sexual Orientation",1
"196042","Farmingdale State College","2023","Intimidation","Religion",1
"196060","University at Albany","2023","Aggravated Assault","Sexual Orientation",1
"196088","University at Buffalo","2023","Intimidation","Religion",1
"196088","University at Buffalo","2023","Vandalism","Religion",1
"196149","State University of New York at Cortland","2023","Intimidation","Race",1
"196149","State University of New York at Cortland","2023","Intimidation","Ethnicity",2
"196200","SUNY College at Potsdam","2023","Vandalism","Sexual Orientation",1
"196219","SUNY at Purchase College","2023","Robbery","Religion",1
"196219","SUNY at Purchase College","2023","Vandalism","Religion",1
"196237","SUNY Old Westbury","2023","Intimidation","Religion",1
"196237","SUNY Old Westbury","2023","Vandalism","Race",1
"196246","SUNY College at Plattsburgh","2023","Intimidation","Race",1
"196307","Upstate Medical University","2023","Intimidation","Race",2
"196413","Syracuse University","2023","Intimidation","Sexual Orientation",1
"196413","Syracuse University","2023","Vandalism","Religion",1
"196413","Syracuse University","2023","Vandalism","National Origin",2
"196699","Ulster County Community College","2023","Vandalism","Religion",1
"196866","Union College","2023","Intimidation","Ethnicity",2
"196884","Union Theological Seminary in the City of New York","2023","Vandalism","Race",1
"197133","Vassar College","2023","Intimidation","Race",1
"197133","Vassar College","2023","Vandalism","Religion",1
"197708","Yeshiva University","2023","Intimidation","Religion",2
"197911","Barton College","2023","Vandalism","Sexual Orientation",1
"198251","Central Carolina Community College","2023","Intimidation","Sexual Orientation",1
"198464","East Carolina University","2023","Intimidation","Race",1
"198464","East Carolina University","2023","Vandalism","Religion",1
"198695","High Point University","2023","Intimidation","National Origin",1
"198808","Lees-McRae College","2023","Intimidation","Gender",2
"198808","Lees-McRae College","2023","Intimidation","Gender Identity",1
"199120","University of North Carolina at Chapel Hill","2023","Simple Assault","National Origin",1
"199120","University of North Carolina at Chapel Hill","2023","Intimidation","Race",1
"199148","University of North Carolina at Greensboro","2023","Intimidation","Race",1
"199184","University of North Carolina School of the Arts","2023","Vandalism","Sexual Orientation",1
"199494","Rowan-Cabarrus Community College","2023","Intimidation","Race",1
"199494","Rowan-Cabarrus Community College","2023","Vandalism","Sexual Orientation",1
"199847","Wake Forest University","2023","Intimidation","Race",1
"199847","Wake Forest University","2023","Intimidation","Sexual Orientation",1
"199847","Wake Forest University","2023","Intimidation","National Origin",2
"200004","Western Carolina University","2023","Vandalism","Sexual Orientation",1
"200280","University of North Dakota","2023","Intimidation","Race",1
"201371","Bluffton University","2023","Rape","Gender",4
"201441","Bowling Green State University-Main Campus","2023","Vandalism","Race",1
"202134","Cleveland State University","2023","Larceny","Ethnicity",1
"202134","Cleveland State University","2023","Intimidation","Ethnicity",1
"202480","University of Dayton","2023","Larceny","Sexual Orientation",2
"203067","Hebrew Union College-Jewish Institute of Religion","2023","Vandalism","Religion",1
"203517","Kent State University at Kent","2023","Vandalism","Race",2
"203517","Kent State University at Kent","2023","Vandalism","Religion",2
"203535","Kenyon College","2023","Vandalism","National Origin",1
"204024","Miami University-Oxford","2023","Simple Assault","Race",1
"204194","Mount Vernon Nazarene University","2023","Intimidation","Race",1
"204194","Mount Vernon Nazarene University","2023","Intimidation","National Origin",1
"204635","Ohio Northern University","2023","Vandalism","Sexual Orientation",2
"204662","Ohio State University Agricultural Technical Institute","2023","Intimidation","Sexual Orientation",1
"204796","Ohio State University-Main Campus","2023","Simple Assault","Race",2
"204796","Ohio State University-Main Campus","2023","Simple Assault","Religion",1
"204796","Ohio State University-Main Campus","2023","Simple Assault","Sexual Orientation",1
"204796","Ohio State University-Main Campus","2023","Simple Assault","National Origin",1
"204796","Ohio State University-Main Campus","2023","Intimidation","Race",1
"204796","Ohio State University-Main Campus","2023","Intimidation","Sexual Orientation",1
"204857","Ohio University-Main Campus","2023","Vandalism","Race",1
"204857","Ohio University-Main Campus","2023","Vandalism","Sexual Orientation",1
"206525","Wittenberg University","2023","Vandalism","Race",1
"206695","Youngstown State University","2023","Intimidation","Sexual Orientation",1
"207449","Oklahoma City Community College","2023","Intimidation","Race",1
"208646","Eastern Oregon University","2023","Vandalism","Sexual Orientation",1
"209038","Lane Community College","2023","Intimidation","Race",1
"209038","Lane Community College","2023","Vandalism","Race",2
"209250","Mt Hood Community College","2023","Vandalism","Gender Identity",1
"209542","Oregon State University","2023","Simple Assault","Religion",1
"209542","Oregon State University","2023","Larceny","Religion",1
"209542","Oregon State University","2023","Larceny","Sexual Orientation",1
"209542","Oregon State University","2023","Vandalism","Gender",1
"209551","University of Oregon","2023","Simple Assault","Sexual Orientation",2
"209551","University of Oregon","2023","Intimidation","Race",1
"209551","University of Oregon","2023","Vandalism","Religion",1
"209551","University of Oregon","2023","Vandalism","Ethnicity",2
"209612","Pacific University","2023","Intimidation","Sexual Orientation",1
"209612","Pacific University","2023","Vandalism","Race",4
"209612","Pacific University","2023","Vandalism","Religion",3
"209612","Pacific University","2023","Vandalism","Sexual Orientation",2
"209612","Pacific University","2023","Vandalism","Gender",1
"209807","Portland State University","2023","Simple Assault","Sexual Orientation",1
"209807","Portland State University","2023","Intimidation","Race",1
"209807","Portland State University","2023","Intimidation","Religion",1
"209807","Portland State University","2023","Vandalism","Race",1
"209807","Portland State University","2023","Vandalism","Sexual Orientation",1
"209807","Portland State University","2023","Vandalism","Ethnicity",1
"209807","Portland State University","2023","Vandalism","National Origin",1
"209825","University of Portland","2023","Vandalism","Race",2
"210146","Southern Oregon University","2023","Intimidation","Race",1
"210304","Warner Pacific University","2023","Vandalism","Sexual Orientation",1
"210304","Warner Pacific University","2023","Vandalism","Gender Identity",1
"210401","Willamette University","2023","Simple Assault","Race",2
"210401","Willamette University","2023","Vandalism","Religion",2
"210401","Willamette University","2023","Vandalism","Sexual Orientation",2
"210429","Western Oregon University","2023","Vandalism","Sexual Orientation",1
"211291","Bucknell University","2023","Intimidation","Race",1
"211307","Bucks County Community College","2023","Intimidation","Ethnicity",1
"211440","Carnegie Mellon University","2023","Intimidation","Gender",1
"211440","Carnegie Mellon University","2023","Intimidation","National Origin",3
"211440","Carnegie Mellon University","2023","Vandalism","Race",1
"211440","Carnegie Mellon University","2023","Vandalism","National Origin",1
"211981","Delaware Valley University","2023","Vandalism","Ethnicity",2
"212054","Drexel University","2023","Rape","Race",1
"212054","Drexel University","2023","Arson","Religion",1
"212054","Drexel University","2023","Vandalism","Race",2
"212054","Drexel University","2023","Vandalism","Religion",2
"212577","Franklin and Marshall College","2023","Intimidation","Sexual Orientation",1
"213525","Lehigh Carbon Community College","2023","Vandalism","Sexual Orientation",1
"213543","Lehigh University","2023","Simple Assault","Race",1
"214041","Millersville University of Pennsylvania","2023","Vandalism","Race",1
"214041","Millersville University of Pennsylvania","2023","Vandalism","Gender Identity",1
"214041","Millersville University of Pennsylvania","2023","Vandalism","National Origin",1
"214175","Muhlenberg College","2023","Vandalism","Ethnicity",1
"214670","Pennsylvania State University-Penn State Lehigh Valley","2023","Intimidation","National Origin",1
"214670","Pennsylvania State University-Penn State Lehigh Valley","2023","Vandalism","National Origin",1
"214704","Pennsylvania State University-Penn State Berks","2023","Intimidation","Race",1
"214704","Pennsylvania State University-Penn State Berks","2023","Intimidation","Religion",1
"214704","Pennsylvania State University-Penn State Berks","2023","Intimidation","Sexual Orientation",1
"214704","Pennsylvania State University-Penn State Berks","2023","Intimidation","National Origin",1
"214777","Pennsylvania State University-Main Campus","2023","Simple Assault","Ethnicity",1
"214777","Pennsylvania State University-Main Campus","2023","Intimidation","Ethnicity",1
"214777","Pennsylvania State University-Main Campus","2023","Vandalism","Religion",1
"214801","Pennsylvania State University-Penn State Abington","2023","Intimidation","Race",1
"215062","University of Pennsylvania","2023","Intimidation","Religion",3
"215062","University of Pennsylvania","2023","Vandalism","Religion",1
"215293","University of Pittsburgh-Pittsburgh Campus","2023","Vandalism","Religion",1
"215293","University of Pittsburgh-Pittsburgh Campus","2023","Vandalism","Sexual Orientation",1
"215947","Seton Hill University","2023","Intimidation","Gender Identity",1
"216278","Susquehanna University","2023","Intimidation","Sexual Orientation",1
"216278","Susquehanna University","2023","Intimidation","Gender Identity",2
"216287","Swarthmore College","2023","Simple Assault","National Origin",2
"216287","Swarthmore College","2023","Intimidation","National Origin",1
"216287","Swarthmore College","2023","Vandalism","Religion",1
"216287","Swarthmore College","2023","Vandalism","Ethnicity",4
"216287","Swarthmore College","2023","Vandalism","National Origin",2
"216339","Temple University","2023","Intimidation","Gender Identity",1
"216339","Temple University","2023","Vandalism","Race",1
"216339","Temple University","2023","Vandalism","Religion",1
"216339","Temple University","2023","Vandalism","Sexual Orientation",1
"216524","Ursinus College","2023","Vandalism","Religion",1
"216524","Ursinus College","2023","Vandalism","Gender Identity",1
"216542","University of Valley Forge","2023","Vandalism","Religion",1
"216551","Valley Forge Military College","2023","Aggravated Assault","Ethnicity",1
"216597","Villanova University","2023","Intimidation","Race",2
"216764","West Chester University of Pennsylvania","2023","Intimidation","Religion",1
"216764","West Chester University of Pennsylvania","2023","Intimidation","Sexual Orientation",1
"216852","Widener University","2023","Intimidation","Race",2
"216852","Widener University","2023","Intimidation","Sexual Orientation",1
"217156","Brown University","2023","Simple Assault","Sexual Orientation",1
"217156","Brown University","2023","Vandalism","Religion",1
"217165","Bryant University","2023","Vandalism","Race",1
"217402","Providence College","2023","Intimidation","Race",1
"217493","Rhode Island School of Design","2023","Vandalism","Gender",1
"217882","Clemson University","2023","Vandalism","Religion",1
"217998","Erskine College","2023","Rape","Sexual Orientation",1
"218070","Furman University","2023","Vandalism","Race",1
"218070","Furman University","2023","Vandalism","Religion",1
"218070","Furman University","2023","Vandalism","National Origin",1
"218539","Presbyterian College","2023","Intimidation","Sexual Orientation",1
"218539","Presbyterian College","2023","Vandalism","Race",2
"218645","University of South Carolina Aiken","2023","Simple Assault","National Origin",1
"218663","University of South Carolina-Columbia","2023","Intimidation","Race",1
"218663","University of South Carolina-Columbia","2023","Vandalism","Race",2
"218663","University of South Carolina-Columbia","2023","Vandalism","Sexual Orientation",1
"219000","Augustana University","2023","Vandalism","Race",1
"219082","Dakota State University","2023","Intimidation","Disability",2
"220978","Middle Tennessee State University","2023","Vandalism","Race",1
"220978","Middle Tennessee State University","2023","Vandalism","Religion",2
"220978","Middle Tennessee State University","2023","Vandalism","Sexual Orientation",2
"221351","Rhodes College","2023","Intimidation","Race",2
"221999","Vanderbilt University","2023","Intimidation","Race",1
"221999","Vanderbilt University","2023","Intimidation","Religion",1
"221999","Vanderbilt University","2023","Intimidation","Gender Identity",1
"223232","Baylor University","2023","Vandalism","Race",1
"224554","Texas A & M University-Commerce","2023","Vandalism","Race",1
"225414","University of Houston-Clear Lake","2023","Vandalism","Sexual Orientation",1
"225511","University of Houston","2023","Intimidation","Race",1
"225511","University of Houston","2023","Intimidation","Disability",1
"226091","Lamar University","2023","Intimidation","Race",2
"226091","Lamar University","2023","Intimidation","Sexual Orientation",1
"227216","University of North Texas","2023","Intimidation","Gender Identity",1
"227216","University of North Texas","2023","Intimidation","National Origin",2
"227845","Saint Edward's University","2023","Vandalism","Race",1
"228459","Texas State University","2023","Aggravated Assault","Race",1
"228459","Texas State University","2023","Larceny","Sexual Orientation",1
"228459","Texas State University","2023","Intimidation","Sexual Orientation",1
"228459","Texas State University","2023","Vandalism","Sexual Orientation",1
"228705","Texas A & M University-Kingsville","2023","Vandalism","Race",1
"228723","Texas A & M University-College Station","2023","Vandalism","Religion",1
"228778","The University of Texas at Austin","2023","Intimidation","Race",1
"228778","The University of Texas at Austin","2023","Intimidation","Sexual Orientation",1
"228778","The University of Texas at Austin","2023","Intimidation","Ethnicity",1
"228778","The University of Texas at Austin","2023","Intimidation","National Origin",1
"229027","The University of Texas at San Antonio","2023","Intimidation","Religion",1
"229027","The University of Texas at San Antonio","2023","Vandalism","Religion",1
"229115","Texas Tech University","2023","Intimidation","Ethnicity",2
"229115","Texas Tech University","2023","Vandalism","Religion",1
"230038","Brigham Young University","2023","Aggravated Assault","Sexual Orientation",1
"230038","Brigham Young University","2023","Intimidation","Sexual Orientation",1
"230038","Brigham Young University","2023","Vandalism","Sexual Orientation",1
"230603","Southern Utah University","2023","Larceny","Sexual Orientation",1
"230603","Southern Utah University","2023","Vandalism","Sexual Orientation",1
"230737","Utah Valley University","2023","Vandalism","Ethnicity",1
"230764","University of Utah","2023","Simple Assault","Race",1
"230764","University of Utah","2023","Simple Assault","Gender",1
"230764","University of Utah","2023","Intimidation","Race",1
"230764","University of Utah","2023","Intimidation","Sexual Orientation",1
"230764","University of Utah","2023","Vandalism","Race",1
"230816","Bennington College","2023","Intimidation","Religion",1
"230816","Bennington College","2023","Intimidation","Gender Identity",1
"231059","Saint Michael's College","2023","Vandalism","Race",1
"231059","Saint Michael's College","2023","Vandalism","Religion",2
"231165","Vermont State University","2023","Vandalism","Gender",1
"231174","University of Vermont","2023","Vandalism","Race",1
"231174","University of Vermont","2023","Vandalism","Religion",4
"231174","University of Vermont","2023","Vandalism","Sexual Orientation",1
"231712","Christopher Newport University","2023","Simple Assault","Sexual Orientation",1
"232186","George Mason University","2023","Intimidation","Race",1
"232186","George Mason University","2023","Intimidation","Religion",1
"232308","Hollins University","2023","Intimidation","Religion",1
"232423","James Madison University","2023","Simple Assault","Ethnicity",2
"232423","James Madison University","2023","Intimidation","Disability",1
"232423","James Madison University","2023","Intimidation","Ethnicity",2
"232557","Liberty University","2023","Simple Assault","Ethnicity",1
"232672","Mary Baldwin University","2023","Intimidation","Sexual Orientation",1
"232672","Mary Baldwin University","2023","Intimidation","Gender Identity",1
"232672","Mary Baldwin University","2023","Intimidation","Ethnicity",1
"233374","University of Richmond","2023","Vandalism","Race",1
"233374","University of Richmond","2023","Vandalism","Sexual Orientation",1
"233611","Southern Virginia University","2023","Intimidation","Sexual Orientation",1
"233718","Sweet Briar College","2023","Vandalism","Race",1
"234030","Virginia Commonwealth University","2023","Intimidation","Gender Identity",1
"234030","Virginia Commonwealth University","2023","Intimidation","Ethnicity",7
"234030","Virginia Commonwealth University","2023","Intimidation","National Origin",1
"234076","University of Virginia-Main Campus","2023","Intimidation","Race",1
"234076","University of Virginia-Main Campus","2023","Intimidation","Religion",2
"234085","Virginia Military Institute","2023","Intimidation","Race",1
"234155","Virginia State University","2023","Simple Assault","Race",1
"234827","Central Washington University","2023","Vandalism","Race",4
"234845","Centralia College","2023","Vandalism","Sexual Orientation",1
"235097","Eastern Washington University","2023","Vandalism","Race",1
"235097","Eastern Washington University","2023","Vandalism","Gender Identity",1
"235167","The Evergreen State College","2023","Intimidation","Ethnicity",1
"235167","The Evergreen State College","2023","Vandalism","Race",1
"235167","The Evergreen State College","2023","Vandalism","Sexual Orientation",2
"235167","The Evergreen State College","2023","Vandalism","National Origin",1
"235237","Pierce College District","2023","Vandalism","Religion",1
"235671","Bates Technical College","2023","Intimidation","Race",1
"236328","University of Puget Sound","2023","Intimidation","Gender",1
"236328","University of Puget Sound","2023","Vandalism","Race",1
"236328","University of Puget Sound","2023","Vandalism","Religion",1
"236452","Saint Martin's University","2023","Intimidation","Sexual Orientation",1
"236656","South Puget Sound Community College","2023","Simple Assault","Race",1
"236939","Washington State University","2023","Intimidation","Race",1
"236939","Washington State University","2023","Intimidation","Sexual Orientation",1
"236939","Washington State University","2023","Intimidation","Gender",1
"236939","Washington State University","2023","Vandalism","Race",1
"236939","Washington State University","2023","Vandalism","Sexual Orientation",1
"236939","Washington State University","2023","Vandalism","Gender",2
"236948","University of Washington-Seattle Campus","2023","Simple Assault","Ethnicity",1
"236948","University of Washington-Seattle Campus","2023","Intimidation","Religion",2
"236948","University of Washington-Seattle Campus","2023","Vandalism","National Origin",3
"237011","Western Washington University","2023","Simple Assault","Religion",1
"237905","West Virginia University Hospital Departments of Rad Tech and Nutrition","2023","Aggravated Assault","Ethnicity",1
"238032","West Virginia University","2023","Aggravated Assault","Sexual Orientation",1
"238032","West Virginia University","2023","Vandalism","Religion",1
"238476","Carthage College","2023","Intimidation","Ethnicity",1
"238476","Carthage College","2023","Vandalism","Religion",1
"238980","Lakeland University","2023","Intimidation","Disability",1
"239105","Marquette University","2023","Intimidation","Religion",4
"240444","University of Wisconsin-Madison","2023","Aggravated Assault","Gender",1
"240444","University of Wisconsin-Madison","2023","Simple Assault","Race",1
"240444","University of Wisconsin-Madison","2023","Intimidation","Race",1
"240444","University of Wisconsin-Madison","2023","Intimidation","Religion",2
"240444","University of Wisconsin-Madison","2023","Intimidation","National Origin",7
"240444","University of Wisconsin-Madison","2023","Vandalism","Religion",2
"240453","University of Wisconsin-Milwaukee","2023","Vandalism","Sexual Orientation",2
"240453","University of Wisconsin-Milwaukee","2023","Vandalism","Ethnicity",1
"240480","University of Wisconsin-Stevens Point","2023","Vandalism","Sexual Orientation",2
"240505","Casper College","2023","Intimidation","Gender Identity",1
"242617","Inter American University of Puerto Rico-San German","2023","Simple Assault","Gender",1
"242617","Inter American University of Puerto Rico-San German","2023","Intimidation","Gender",1
"242617","Inter American University of Puerto Rico-San German","2023","Vandalism","Disability",1
"243744","Stanford University","2023","Aggravated Assault","National Origin",1
"243744","Stanford University","2023","Simple Assault","Race",1
"243744","Stanford University","2023","Simple Assault","National Origin",3
"243744","Stanford University","2023","Larceny","Religion",1
"243744","Stanford University","2023","Larceny","Sexual Orientation",1
"243744","Stanford University","2023","Intimidation","Religion",2
"243744","Stanford University","2023","Vandalism","Race",1
"243744","Stanford University","2023","Vandalism","Religion",13
"243744","Stanford University","2023","Vandalism","National Origin",1
"366252","Pennsylvania College of Technology","2023","Vandalism","Race",3
"366252","Pennsylvania College of Technology","2023","Vandalism","Sexual Orientation",1
"366401","Las Positas College","2023","Intimidation","Religion",1
"366401","Las Positas College","2023","Vandalism","Religion",1
"366711","California State University-San Marcos","2023","Intimidation","Sexual Orientation",2
"368452","Nossi College of Art and Design","2023","Intimidation","Sexual Orientation",1
"385415","Albert Einstein College of Medicine","2023","Larceny","Religion",1
"385415","Albert Einstein College of Medicine","2023","Intimidation","Religion",1
"385415","Albert Einstein College of Medicine","2023","Vandalism","Race",1
"399212","Santiago Canyon College","2023","Vandalism","Race",1
"405872","Carroll Community College","2023","Vandalism","Religion",1
"416801","The University of Texas MD Anderson Cancer Center","2023","Vandalism","Race",1
"423643","Midwestern University-Glendale","2023","Intimidation","Ethnicity",1
"434672","Community College of Baltimore County","2023","Intimidation","Ethnicity",1
"434672","Community College of Baltimore County","2023","Vandalism","Ethnicity",1
"455114","College of Western Idaho","2023","Intimidation","Sexual Orientation",1
"455114","College of Western Idaho","2023","Intimidation","Gender Identity",1
"455114","College of Western Idaho","2023","Intimidation","Disability",1
"455992","Vermont College of Fine Arts","2023","Intimidation","Sexual Orientation",2
"455992","Vermont College of Fine Arts","2023","Intimidation","Ethnicity",2
"461148","New York Film Academy","2023","Larceny","Sexual Orientation",1
"461148","New York Film Academy","2023","Intimidation","Religion",1
"475495","Rocky Mountain University of Health Professions","2023","Aggravated Assault","Gender",1
"485458","Coastal Pines Technical College","2023","Intimidation","Race",1
